[2026-06-20T02:19:18.971] [DEBUG] debug-file - env: nodejsVersion=v18.20.1
[2026-06-20T02:19:24.566] [DEBUG] debug-file - Hvigor init with startParameters:{
  hvigorfileTypeCheck: false,
  parallelExecution: true,
  incrementalExecution: true,
  printStackTrace: false,
  daemon: false,
  analyze: 0,
  logLevel: Level { level: 20000, levelStr: 'INFO', colour: 'green' },
  optimizationStrategy: 'memory',
  hotCompile: undefined,
  hotReloadBuild: undefined,
  customizedParam: undefined
}
[2026-06-20T02:20:08.853] [DEBUG] debug-file - hvigorfile, require result:  { default: { system: [Function: appTasks], plugins: [] } }
[2026-06-20T02:20:08.860] [DEBUG] debug-file - Starting plugin build process
[2026-06-20T02:20:09.303] [DEBUG] debug-file - App plugin register hook start...
[2026-06-20T02:20:09.307] [DEBUG] debug-file - Start initialize project's product build option map with build mode debug.
[2026-06-20T02:20:09.317] [DEBUG] debug-file - Obtain build option for product 'default'in this build.
[2026-06-20T02:20:09.365] [DEBUG] debug-file - Start recording SDK configuration permission data.
[2026-06-20T02:20:09.475] [DEBUG] debug-file - Project task initialization takes 14 ms 
[2026-06-20T02:20:09.502] [DEBUG] debug-file - failed to load cangjie to dynamically generate schemas: Error: Cannot find module '@ohos/cangjie-build-support/index'
Require stack:
- D:\DevEco Studio\tools\hvigor\hvigor-ohos-plugin\src\plugin\hooks\cangjie-register.js
- D:\DevEco Studio\tools\hvigor\hvigor-ohos-plugin\src\plugin\strategy\stage-init-strategy.js
- D:\DevEco Studio\tools\hvigor\hvigor-ohos-plugin\src\plugin\builder\abstract-plugin-builder.js
- D:\DevEco Studio\tools\hvigor\hvigor-ohos-plugin\src\plugin\builder\app-plugin-builder.js
- D:\DevEco Studio\tools\hvigor\hvigor-ohos-plugin\src\plugin\factory\plugin-factory.js
- D:\DevEco Studio\tools\hvigor\hvigor-ohos-plugin\index.js
- D:\USTC\CG\Final\BubbleRender\refraction\hvigorfile.ts
- D:\DevEco Studio\tools\hvigor\hvigor\src\base\internal\lifecycle\configuration.js
- D:\DevEco Studio\tools\hvigor\hvigor\src\base\boot\index.js
- D:\DevEco Studio\tools\hvigor\hvigor\src\cli\main\cli.js
- D:\DevEco Studio\tools\hvigor\hvigor\bin\hvigor.js
[2026-06-20T02:20:09.537] [DEBUG] debug-file - Start initialize module-target build option map, moduleName=entry, buildMode=debug
[2026-06-20T02:20:09.574] [DEBUG] debug-file - project has submodules:entry
[2026-06-20T02:20:09.578] [DEBUG] debug-file - start to load updatedOhPackageInfo to the disk
[2026-06-20T02:20:09.668] [DEBUG] debug-file - Start to initialize dependency information.
[2026-06-20T02:20:09.697] [DEBUG] debug-file - entry : clean cost memory 0.11544036865234375
[2026-06-20T02:19:18.974] [DEBUG] debug-file - env: hvigor-config.json5 content = {
  modelVersion: '6.0.2',
  dependencies: {},
  execution: {},
  logging: {},
  debugging: {},
  nodeOptions: {}
}
[2026-06-20T02:19:24.567] [DEBUG] debug-file - Since current hvigor version 6.22.7 differs from last hvigor version 
      undefined, delete file-cache.json and task-cache.json.
[2026-06-20T02:20:09.772] [DEBUG] debug-file - Create  resident worker with id: 0.
[2026-06-20T02:20:08.855] [DEBUG] debug-file - hvigorfile, binding system plugins [Function: appTasks]
[2026-06-20T02:20:08.860] [DEBUG] debug-file - App plugin prepare start...
[2026-06-20T02:20:09.304] [DEBUG] debug-file - App plugin register hook end...
[2026-06-20T02:20:09.308] [DEBUG] debug-file - Picking option from product 'default' with build mode 'debug'.
[2026-06-20T02:20:09.323] [DEBUG] debug-file - not found resModel json file in : D:\USTC\CG\Final\BubbleRender\refraction\entry\src\ohosTest\module.json5
[2026-06-20T02:20:09.456] [DEBUG] debug-file - Sdk init in 111 ms 
[2026-06-20T02:20:09.476] [DEBUG] debug-file - hvigorfile, binding custom plugins []
[2026-06-20T02:20:09.538] [DEBUG] debug-file - Target 'default' config initialized
[2026-06-20T02:20:09.586] [DEBUG] debug-file - load to the disk finished
[2026-06-20T02:20:09.677] [DEBUG] debug-file - Module entry Collected Dependency: D:\USTC\CG\Final\BubbleRender\refraction\entry\src\main\cpp\types\libentry
[2026-06-20T02:20:09.698] [DEBUG] debug-file - runTaskFromQueue task cost before running: 45 s 157 ms 
[2026-06-20T02:19:18.979] [DEBUG] debug-file - env: daemon=false
[2026-06-20T02:19:24.570] [DEBUG] debug-file - Cache service initialization finished in 2 ms 
[2026-06-20T02:20:09.781] [DEBUG] debug-file - Create  resident worker with id: 1.
[2026-06-20T02:20:08.860] [DEBUG] debug-file - App plugin prepare end...
[2026-06-20T02:20:09.304] [DEBUG] debug-file - Plugin build process completed
[2026-06-20T02:20:09.308] [DEBUG] debug-file - Product 'default' build option initialized
[2026-06-20T02:20:09.342] [DEBUG] debug-file - No signingConfig found, initRemoteHspCache failed.
[2026-06-20T02:20:09.476] [DEBUG] debug-file - hvigorfile, no custom plugins were found in D:\USTC\CG\Final\BubbleRender\refraction\hvigorfile.ts
[2026-06-20T02:20:09.541] [DEBUG] debug-file - Target 'ohosTest' config initialized
[2026-06-20T02:20:09.587] [DEBUG] debug-file - Start to initialize dependency information.
[2026-06-20T02:20:09.677] [DEBUG] debug-file - Module entry's total dependency: 1
[2026-06-20T02:20:09.701] [INFO] debug-file - Finished :entry:clean... after 5 ms 
[2026-06-20T02:19:18.979] [DEBUG] debug-file - no-daemon, use the parent process.execArgv --max-old-space-size=8192,--max-semi-space-size=16,--expose-gc
[2026-06-20T02:19:24.574] [DEBUG] debug-file - hvigorfile, resolving D:\USTC\CG\Final\BubbleRender\refraction\hvigorfile.ts
[2026-06-20T02:20:09.785] [DEBUG] debug-file - Current worker pool is stopped or closed.
[2026-06-20T02:20:08.861] [DEBUG] debug-file - App plugin creating...
[2026-06-20T02:20:09.309] [DEBUG] debug-file - End initialize project's product build option map with build mode 'debug'.
[2026-06-20T02:20:09.347] [DEBUG] debug-file - Local scan or download HarmonyOS sdk components toolchains,ets,js,native,previewer
[2026-06-20T02:20:09.476] [DEBUG] debug-file - hvigorfile, resolve finished D:\USTC\CG\Final\BubbleRender\refraction\hvigorfile.ts
[2026-06-20T02:20:09.542] [DEBUG] debug-file - Module 'entry' target 'default' build option initialized
[2026-06-20T02:20:09.702] [DEBUG] debug-file - Executing task ::clean
[2026-06-20T02:20:09.686] [DEBUG] debug-file - Configuration phase cost:45 s 116 ms 
[2026-06-20T02:20:09.664] [DEBUG] debug-file - Module refraction Collected Dependency: 
[2026-06-20T02:20:09.786] [DEBUG] debug-file - Clear worker 0.
[2026-06-20T02:20:09.355] [DEBUG] debug-file - Local scan or download hmscore sdk components toolchains,ets,native
[2026-06-20T02:20:09.477] [DEBUG] debug-file - hvigorfile, resolving D:\USTC\CG\Final\BubbleRender\refraction\entry\hvigorfile.ts
[2026-06-20T02:20:09.542] [DEBUG] debug-file - Module 'entry' target 'ohosTest' build option initialized
[2026-06-20T02:20:09.702] [DEBUG] debug-file - clean: Worker pool is inactive.
[2026-06-20T02:20:09.692] [DEBUG] debug-file - Configuration task cost before running: 45 s 150 ms 
[2026-06-20T02:20:09.664] [DEBUG] debug-file - Module refraction's total dependency: 0
[2026-06-20T02:20:09.786] [DEBUG] debug-file - Worker 0 has been cleared.
[2026-06-20T02:20:09.498] [DEBUG] debug-file - hvigorfile, require result:  { default: { system: [Function: hapTasks], plugins: [] } }
[2026-06-20T02:20:09.542] [DEBUG] debug-file - End initialize module-target build option map, moduleName=entry
[2026-06-20T02:20:09.703] [DEBUG] debug-file - refraction : clean cost memory 0.0204010009765625
[2026-06-20T02:20:09.693] [DEBUG] debug-file - Executing task :entry:clean
[2026-06-20T02:20:09.786] [DEBUG] debug-file - Current idle worker size: 1.
[2026-06-20T02:20:09.498] [DEBUG] debug-file - hvigorfile, binding system plugins [Function: hapTasks]
[2026-06-20T02:20:09.542] [DEBUG] debug-file - Start initialize module-target build option map, moduleName=entry, buildMode=release
[2026-06-20T02:20:09.703] [DEBUG] debug-file - runTaskFromQueue task cost before running: 45 s 162 ms 
[2026-06-20T02:20:09.694] [DEBUG] debug-file - clean: Worker pool is inactive.
[2026-06-20T02:20:09.786] [DEBUG] debug-file - Current busy worker size: 0.
[2026-06-20T02:20:09.498] [DEBUG] debug-file - Starting plugin build process
[2026-06-20T02:20:09.542] [DEBUG] debug-file - Target 'default' config initialized
[2026-06-20T02:20:09.708] [INFO] debug-file - Finished ::clean... after 2 ms 
[2026-06-20T02:20:09.786] [DEBUG] debug-file - Clear worker 1.
[2026-06-20T02:20:09.499] [DEBUG] debug-file - Hap plugin creating...
[2026-06-20T02:20:09.545] [DEBUG] debug-file - Target 'ohosTest' config initialized
[2026-06-20T02:20:09.709] [DEBUG] debug-file - Executing task :entry:init
[2026-06-20T02:20:09.786] [DEBUG] debug-file - Worker 1 has been cleared.
[2026-06-20T02:20:09.546] [DEBUG] debug-file - Module 'entry' target 'default' build option initialized
[2026-06-20T02:20:09.710] [DEBUG] debug-file - entry : init cost memory 0.01270294189453125
[2026-06-20T02:20:09.786] [DEBUG] debug-file - Current idle worker size: 0.
[2026-06-20T02:20:09.546] [DEBUG] debug-file - Module 'entry' target 'ohosTest' build option initialized
[2026-06-20T02:20:09.710] [DEBUG] debug-file - runTaskFromQueue task cost before running: 45 s 169 ms 
[2026-06-20T02:20:09.786] [DEBUG] debug-file - Current busy worker size: 0.
[2026-06-20T02:20:09.546] [DEBUG] debug-file - End initialize module-target build option map, moduleName=entry
[2026-06-20T02:20:09.711] [INFO] debug-file - Finished :entry:init... after 2 ms 
[2026-06-20T02:20:09.788] [DEBUG] debug-file - hvigor build process will be closed.
[2026-06-20T02:20:09.547] [DEBUG] debug-file - Start initialize module-target build option map, moduleName=entry, buildMode=debug
[2026-06-20T02:20:09.711] [DEBUG] debug-file - Executing task ::init
[2026-06-20T02:20:09.801] [DEBUG] debug-file - worker[0] exits with exit code 0.
[2026-06-20T02:20:09.547] [DEBUG] debug-file - Target 'default' config initialized
[2026-06-20T02:20:09.711] [DEBUG] debug-file - refraction : init cost memory 0.0114593505859375
[2026-06-20T02:20:09.802] [DEBUG] debug-file - worker[1] exits with exit code 0.
[2026-06-20T02:20:09.547] [DEBUG] debug-file - Target 'ohosTest' config initialized
[2026-06-20T02:20:09.712] [DEBUG] debug-file - runTaskFromQueue task cost before running: 45 s 170 ms 
[2026-06-20T02:20:09.803] [DEBUG] debug-file - Current worker pool is terminated.
[2026-06-20T02:20:09.548] [DEBUG] debug-file - Module 'entry' target 'default' build option initialized
[2026-06-20T02:20:09.712] [INFO] debug-file - Finished ::init... after 1 ms 
[2026-06-20T02:20:09.548] [DEBUG] debug-file - Module 'entry' target 'ohosTest' build option initialized
[2026-06-20T02:20:09.744] [DEBUG] debug-file - Obtain build option for module 'entry' target 'default'in this build.
[2026-06-20T02:20:09.548] [DEBUG] debug-file - End initialize module-target build option map, moduleName=entry
[2026-06-20T02:20:09.745] [DEBUG] debug-file - Obtain build option for module 'entry' target 'ohosTest'in this build.
[2026-06-20T02:20:09.549] [DEBUG] debug-file - Obtain build option for module 'entry' target 'default'in this build.
[2026-06-20T02:20:09.767] [DEBUG] debug-file - Since there is no instance or instance is terminated, create a new worker pool.
[2026-06-20T02:20:09.570] [DEBUG] debug-file - Module entry task initialization takes 20 ms 
[2026-06-20T02:20:09.768] [DEBUG] debug-file - Worker pool is initialized with config:  {
  minPoolNum: 2,
  maxPoolNum: undefined,
  maxCoreSize: undefined,
  cacheCapacity: undefined,
  cacheTtl: undefined
}
[2026-06-20T02:20:09.571] [DEBUG] debug-file - Hap plugin register hook start...
[2026-06-20T02:20:09.571] [DEBUG] debug-file - Hap plugin register hook end...
[2026-06-20T02:20:09.571] [DEBUG] debug-file - Plugin build process completed
[2026-06-20T02:20:09.571] [DEBUG] debug-file - hvigorfile, binding custom plugins []
[2026-06-20T02:20:09.571] [DEBUG] debug-file - hvigorfile, no custom plugins were found in D:\USTC\CG\Final\BubbleRender\refraction\entry\hvigorfile.ts
[2026-06-20T02:20:09.571] [DEBUG] debug-file - hvigorfile, resolve finished D:\USTC\CG\Final\BubbleRender\refraction\entry\hvigorfile.ts
[2026-06-20T02:20:15.758] [DEBUG] debug-file - env: nodejsVersion=v18.20.1
[2026-06-20T02:20:16.018] [DEBUG] debug-file - begin to create new key files
[2026-06-20T02:20:15.760] [DEBUG] debug-file - env: hvigor-config.json5 content = {
  modelVersion: '6.0.2',
  dependencies: {},
  execution: {},
  logging: {},
  debugging: {},
  nodeOptions: {}
}
[2026-06-20T02:20:16.070] [DEBUG] debug-file - env: daemon=true
[2026-06-20T02:20:20.440] [DEBUG] debug-file - hvigor java daemon: Starting java daemon. jvmXmxValue=512m, jarPath=D:\DevEco Studio\tools\hvigor\hvigor\lib\hvigor-java-daemon.jar
[2026-06-20T02:20:20.440] [DEBUG] debug-file - hvigor java daemon: Read cache file, 
    port=undefined, pid=undefined, sessionId exists=false
[2026-06-20T02:20:20.440] [DEBUG] debug-file - hvigor java daemon: No valid cache info, will start new daemon
[2026-06-20T02:20:20.544] [DEBUG] debug-file - java daemon started at port 45050 pid 35440
[2026-06-20T02:20:20.612] [DEBUG] debug-file - session manager: set active socket. socketId=X09cwwL19wJ9rV-6AAAB
[2026-06-20T02:20:21.235] [DEBUG] debug-file - watch worker: worker id should be larger than 0. Nothing will be sent to any worker thread.
[2026-06-20T02:20:21.243] [DEBUG] debug-file - Since there is no instance or instance is terminated, create a new worker pool.
[2026-06-20T02:20:21.244] [DEBUG] debug-file - Worker pool is initialized with config:  {
  minPoolNum: 2,
  maxPoolNum: undefined,
  maxCoreSize: undefined,
  cacheCapacity: undefined,
  cacheTtl: undefined
}
[2026-06-20T02:20:21.245] [DEBUG] debug-file - Create  resident worker with id: 0.
[2026-06-20T02:20:21.248] [DEBUG] debug-file - Create  resident worker with id: 1.
[2026-06-20T02:20:21.250] [DEBUG] debug-file - Workers' log level updated to INFO
[2026-06-20T02:20:21.262] [DEBUG] debug-file - Hvigor init with startParameters:{
  hvigorfileTypeCheck: false,
  parallelExecution: true,
  incrementalExecution: true,
  printStackTrace: false,
  daemon: true,
  analyze: 0,
  logLevel: Level { level: 20000, levelStr: 'INFO', colour: 'green' },
  optimizationStrategy: 'memory',
  hotCompile: undefined,
  hotReloadBuild: undefined,
  customizedParam: undefined
}
[2026-06-20T02:20:21.264] [DEBUG] debug-file - Cache service initialization finished in 2 ms 
[2026-06-20T02:20:21.267] [DEBUG] debug-file - hvigorfile, resolving D:\USTC\CG\Final\BubbleRender\refraction\hvigorfile.ts
[2026-06-20T02:20:23.399] [DEBUG] debug-file - hvigorfile, require result:  { default: { plugins: [] } }
[2026-06-20T02:20:23.399] [DEBUG] debug-file - hvigorfile, binding system plugins null
[2026-06-20T02:20:23.400] [DEBUG] debug-file - Starting plugin build process
[2026-06-20T02:20:23.400] [DEBUG] debug-file - App plugin prepare start...
[2026-06-20T02:20:23.400] [DEBUG] debug-file - App plugin prepare end...
[2026-06-20T02:20:23.401] [DEBUG] debug-file - App plugin creating...
[2026-06-20T02:20:23.604] [DEBUG] debug-file - App plugin register hook start...
[2026-06-20T02:20:23.604] [DEBUG] debug-file - App plugin register hook end...
[2026-06-20T02:20:23.605] [DEBUG] debug-file - Plugin build process completed
[2026-06-20T02:20:23.606] [DEBUG] debug-file - Start initialize project's product build option map with build mode debug.
[2026-06-20T02:20:23.606] [DEBUG] debug-file - Picking option from product 'default' with build mode 'debug'.
[2026-06-20T02:20:23.607] [DEBUG] debug-file - Product 'default' build option initialized
[2026-06-20T02:20:23.607] [DEBUG] debug-file - End initialize project's product build option map with build mode 'debug'.
[2026-06-20T02:20:23.610] [DEBUG] debug-file - Obtain build option for product 'default'in this build.
[2026-06-20T02:20:23.612] [DEBUG] debug-file - not found resModel json file in : D:\USTC\CG\Final\BubbleRender\refraction\entry\src\ohosTest\module.json5
[2026-06-20T02:20:23.618] [DEBUG] debug-file - No signingConfig found, initRemoteHspCache failed.
[2026-06-20T02:20:23.621] [DEBUG] debug-file - Local scan or download HarmonyOS sdk components toolchains,ets,js,native,previewer
[2026-06-20T02:20:23.625] [DEBUG] debug-file - Local scan or download hmscore sdk components toolchains,ets,native
[2026-06-20T02:20:23.628] [DEBUG] debug-file - Start recording SDK configuration permission data.
[2026-06-20T02:20:23.663] [DEBUG] debug-file - Sdk init in 44 ms 
[2026-06-20T02:20:23.670] [DEBUG] debug-file - Project task initialization takes 5 ms 
[2026-06-20T02:20:23.670] [DEBUG] debug-file - hvigorfile, binding custom plugins []
[2026-06-20T02:20:23.670] [DEBUG] debug-file - hvigorfile, no custom plugins were found in D:\USTC\CG\Final\BubbleRender\refraction\hvigorfile.ts
[2026-06-20T02:20:23.670] [DEBUG] debug-file - hvigorfile, resolve finished D:\USTC\CG\Final\BubbleRender\refraction\hvigorfile.ts
[2026-06-20T02:20:23.671] [DEBUG] debug-file - hvigorfile, resolving D:\USTC\CG\Final\BubbleRender\refraction\entry\hvigorfile.ts
[2026-06-20T02:20:23.681] [DEBUG] debug-file - hvigorfile, require result:  { default: { plugins: [] } }
[2026-06-20T02:20:23.682] [DEBUG] debug-file - hvigorfile, binding system plugins null
[2026-06-20T02:20:23.682] [DEBUG] debug-file - Starting plugin build process
[2026-06-20T02:20:23.683] [DEBUG] debug-file - Hap plugin creating...
[2026-06-20T02:20:23.685] [DEBUG] debug-file - failed to load cangjie to dynamically generate schemas: Error: Cannot find module '@ohos/cangjie-build-support/index'
Require stack:
- D:\DevEco Studio\tools\hvigor\hvigor-ohos-plugin\src\plugin\hooks\cangjie-register.js
- D:\DevEco Studio\tools\hvigor\hvigor-ohos-plugin\src\plugin\strategy\stage-init-strategy.js
- D:\DevEco Studio\tools\hvigor\hvigor-ohos-plugin\src\plugin\builder\abstract-plugin-builder.js
- D:\DevEco Studio\tools\hvigor\hvigor-ohos-plugin\src\plugin\builder\app-plugin-builder.js
- D:\DevEco Studio\tools\hvigor\hvigor-ohos-plugin\src\plugin\factory\plugin-factory.js
- D:\DevEco Studio\tools\hvigor\hvigor-ohos-plugin\index.js
- D:\USTC\CG\Final\BubbleRender\refraction\hvigorfile.ts
- D:\DevEco Studio\tools\hvigor\hvigor\src\base\internal\lifecycle\configuration.js
- D:\DevEco Studio\tools\hvigor\hvigor\src\base\boot\index.js
- D:\DevEco Studio\tools\hvigor\hvigor\src\base\daemon\cluster\worker-process-lifecycle.js
- D:\DevEco Studio\tools\hvigor\hvigor\src\base\daemon\process\daemon-process-boot-script.js
[2026-06-20T02:20:23.709] [DEBUG] debug-file - Start initialize module-target build option map, moduleName=entry, buildMode=debug
[2026-06-20T02:20:23.709] [DEBUG] debug-file - Target 'default' config initialized
[2026-06-20T02:20:23.710] [DEBUG] debug-file - Target 'ohosTest' config initialized
[2026-06-20T02:20:23.710] [DEBUG] debug-file - Module 'entry' target 'default' build option initialized
[2026-06-20T02:20:23.710] [DEBUG] debug-file - Module 'entry' target 'ohosTest' build option initialized
[2026-06-20T02:20:23.710] [DEBUG] debug-file - End initialize module-target build option map, moduleName=entry
[2026-06-20T02:20:23.710] [DEBUG] debug-file - Start initialize module-target build option map, moduleName=entry, buildMode=release
[2026-06-20T02:20:23.710] [DEBUG] debug-file - Target 'default' config initialized
[2026-06-20T02:20:23.711] [DEBUG] debug-file - Target 'ohosTest' config initialized
[2026-06-20T02:20:23.712] [DEBUG] debug-file - Module 'entry' target 'default' build option initialized
[2026-06-20T02:20:23.712] [DEBUG] debug-file - Module 'entry' target 'ohosTest' build option initialized
[2026-06-20T02:20:23.712] [DEBUG] debug-file - End initialize module-target build option map, moduleName=entry
[2026-06-20T02:20:23.712] [DEBUG] debug-file - Start initialize module-target build option map, moduleName=entry, buildMode=debug
[2026-06-20T02:20:23.712] [DEBUG] debug-file - Target 'default' config initialized
[2026-06-20T02:20:23.712] [DEBUG] debug-file - Target 'ohosTest' config initialized
[2026-06-20T02:20:23.713] [DEBUG] debug-file - Module 'entry' target 'default' build option initialized
[2026-06-20T02:20:23.713] [DEBUG] debug-file - Module 'entry' target 'ohosTest' build option initialized
[2026-06-20T02:20:23.713] [DEBUG] debug-file - End initialize module-target build option map, moduleName=entry
[2026-06-20T02:20:23.714] [DEBUG] debug-file - Obtain build option for module 'entry' target 'default'in this build.
[2026-06-20T02:20:23.720] [DEBUG] debug-file - Module entry task initialization takes 4 ms 
[2026-06-20T02:20:23.720] [DEBUG] debug-file - Hap plugin register hook start...
[2026-06-20T02:20:23.720] [DEBUG] debug-file - Hap plugin register hook end...
[2026-06-20T02:20:23.720] [DEBUG] debug-file - Plugin build process completed
[2026-06-20T02:20:23.720] [DEBUG] debug-file - hvigorfile, binding custom plugins []
[2026-06-20T02:20:23.720] [DEBUG] debug-file - hvigorfile, no custom plugins were found in D:\USTC\CG\Final\BubbleRender\refraction\entry\hvigorfile.ts
[2026-06-20T02:20:23.720] [DEBUG] debug-file - hvigorfile, resolve finished D:\USTC\CG\Final\BubbleRender\refraction\entry\hvigorfile.ts
[2026-06-20T02:20:23.751] [DEBUG] debug-file - hvigorfile, resolve hvigorfile dependencies in 30 ms 
[2026-06-20T02:20:23.751] [DEBUG] debug-file - project has submodules:entry
[2026-06-20T02:20:23.753] [DEBUG] debug-file - start to load updatedOhPackageInfo to the disk
[2026-06-20T02:20:23.756] [DEBUG] debug-file - load to the disk finished
[2026-06-20T02:20:23.758] [DEBUG] debug-file - Start to initialize dependency information.
[2026-06-20T02:20:23.770] [DEBUG] debug-file - Module refraction Collected Dependency: 
[2026-06-20T02:20:23.770] [DEBUG] debug-file - Module refraction's total dependency: 0
[2026-06-20T02:20:23.771] [DEBUG] debug-file - Start to initialize dependency information.
[2026-06-20T02:20:23.777] [DEBUG] debug-file - Module entry Collected Dependency: D:\USTC\CG\Final\BubbleRender\refraction\entry\src\main\cpp\types\libentry
[2026-06-20T02:20:23.777] [DEBUG] debug-file - Module entry's total dependency: 1
[2026-06-20T02:20:23.780] [DEBUG] debug-file - Configuration phase cost:2 s 516 ms 
[2026-06-20T02:20:23.782] [DEBUG] debug-file - Configuration task cost before running: 2 s 532 ms 
[2026-06-20T02:20:23.787] [DEBUG] debug-file - Executing task :entry:default@PreBuild
[2026-06-20T02:20:23.790] [DEBUG] debug-file - Task 'entry:default@PreBuild' cost while wrapping incremental declarations: 1 ms 
[2026-06-20T02:20:24.019] [DEBUG] debug-file - current product is not Atomic service.
[2026-06-20T02:20:24.020] [DEBUG] debug-file - Use tool [win32: JAVA_HOME, CLASSPATH]
 [ { JAVA_HOME: 'D:\\DevEco Studio\\jbr' }, { CLASSPATH: undefined } ]
[2026-06-20T02:20:24.020] [DEBUG] debug-file - Use tool [win32: NODE_HOME]
 [ { NODE_HOME: 'D:\\DevEco Studio\\tools\\node' } ]
[2026-06-20T02:20:24.021] [DEBUG] debug-file - entry : default@PreBuild cost memory 17.04962158203125
[2026-06-20T02:20:24.021] [DEBUG] debug-file - runTaskFromQueue task cost before running: 2 s 771 ms 
[2026-06-20T02:20:24.024] [INFO] debug-file - Finished :entry:default@PreBuild... after 235 ms 
[2026-06-20T02:20:24.026] [DEBUG] debug-file - Executing task :entry:default@ConfigureCmake
[2026-06-20T02:20:24.045] [DEBUG] debug-file - entry : default@ConfigureCmake cost memory -9.294319152832031
[2026-06-20T02:20:24.045] [DEBUG] debug-file - runTaskFromQueue task cost before running: 2 s 795 ms 
[2026-06-20T02:20:24.046] [INFO] debug-file - Finished :entry:default@ConfigureCmake... after 19 ms 
[2026-06-20T02:20:24.048] [DEBUG] debug-file - Executing task :entry:default@BuildNativeWithCmake
[2026-06-20T02:20:24.053] [DEBUG] debug-file - Use tool [Cmake]
 [
  'D:\\DevEco Studio\\sdk\\default\\openharmony\\native\\build-tools\\cmake\\bin\\cmake.exe',
  '-HD:\\USTC\\CG\\Final\\BubbleRender\\refraction\\entry\\src\\main\\cpp',
  '-BD:\\USTC\\CG\\Final\\BubbleRender\\refraction\\entry\\.cxx\\default\\default\\debug\\arm64-v8a',
  '-DOHOS_ARCH=arm64-v8a',
  '-DCMAKE_LIBRARY_OUTPUT_DIRECTORY=D:\\USTC\\CG\\Final\\BubbleRender\\refraction\\entry\\build\\default\\intermediates\\cmake\\default\\obj\\arm64-v8a',
  '-DCMAKE_BUILD_TYPE=Debug',
  '-DOHOS_SDK_NATIVE=D:\\DevEco Studio\\sdk\\default\\openharmony\\native',
  '-DCMAKE_SYSTEM_NAME=OHOS',
  '-DCMAKE_OHOS_ARCH_ABI=arm64-v8a',
  '-DCMAKE_EXPORT_COMPILE_COMMANDS=ON',
  '-DCMAKE_TOOLCHAIN_FILE=D:\\DevEco Studio\\sdk\\default\\hms\\native\\build\\cmake\\hmos.toolchain.bisheng.cmake',
  '-GNinja',
  '-DCMAKE_MAKE_PROGRAM=D:\\DevEco Studio\\sdk\\default\\openharmony\\native\\build-tools\\cmake\\bin\\ninja.exe',
  '-DCMAKE_FIND_ROOT_PATH=D:\\USTC\\CG\\Final\\BubbleRender\\refraction\\entry\\.cxx\\default\\default\\debug\\hvigor\\arm64-v8a',
  '-DPACKAGE_FIND_FILE=D:\\USTC\\CG\\Final\\BubbleRender\\refraction\\entry\\.cxx\\default\\default\\debug\\hvigor\\arm64-v8a\\summary.cmake',
  '--no-warn-unused-cli',
  '-DHMOS_SDK_NATIVE=D:\\DevEco Studio\\sdk\\default\\hms\\native'
]
[2026-06-20T02:20:24.059] [DEBUG] debug-file - Clean CMakeCache.txt due to outdated CMake configuration.
[2026-06-20T02:20:24.061] [DEBUG] debug-file - - no fingerprint file, will remove stale cache CMakeCache.txt
[2026-06-20T02:20:24.064] [DEBUG] debug-file - default@BuildNativeWithCmake work[0] is submitted.
[2026-06-20T02:20:24.065] [DEBUG] debug-file - default@BuildNativeWithCmake work[0] is pushed to ready queue.
[2026-06-20T02:20:24.065] [DEBUG] debug-file - A work dispatched to worker[17] failed because unable to get work from ready queue.
[2026-06-20T02:20:24.065] [DEBUG] debug-file - Create  resident worker with id: 16.
[2026-06-20T02:20:24.066] [DEBUG] debug-file - default@BuildNativeWithCmake work[0] has been dispatched to worker[16].
[2026-06-20T02:20:24.067] [DEBUG] debug-file - default@BuildNativeWithCmake work[0] is dispatched.
[2026-06-20T02:20:24.068] [DEBUG] debug-file - Use tool [Cmake]
 [
  'D:\\DevEco Studio\\sdk\\default\\openharmony\\native\\build-tools\\cmake\\bin\\cmake.exe',
  '-HD:\\USTC\\CG\\Final\\BubbleRender\\refraction\\entry\\src\\main\\cpp',
  '-BD:\\USTC\\CG\\Final\\BubbleRender\\refraction\\entry\\.cxx\\default\\default\\debug\\x86_64',
  '-DOHOS_ARCH=x86_64',
  '-DCMAKE_LIBRARY_OUTPUT_DIRECTORY=D:\\USTC\\CG\\Final\\BubbleRender\\refraction\\entry\\build\\default\\intermediates\\cmake\\default\\obj\\x86_64',
  '-DCMAKE_BUILD_TYPE=Debug',
  '-DOHOS_SDK_NATIVE=D:\\DevEco Studio\\sdk\\default\\openharmony\\native',
  '-DCMAKE_SYSTEM_NAME=OHOS',
  '-DCMAKE_OHOS_ARCH_ABI=x86_64',
  '-DCMAKE_EXPORT_COMPILE_COMMANDS=ON',
  '-DCMAKE_TOOLCHAIN_FILE=D:\\DevEco Studio\\sdk\\default\\hms\\native\\build\\cmake\\hmos.toolchain.bisheng.cmake',
  '-GNinja',
  '-DCMAKE_MAKE_PROGRAM=D:\\DevEco Studio\\sdk\\default\\openharmony\\native\\build-tools\\cmake\\bin\\ninja.exe',
  '-DCMAKE_FIND_ROOT_PATH=D:\\USTC\\CG\\Final\\BubbleRender\\refraction\\entry\\.cxx\\default\\default\\debug\\hvigor\\x86_64',
  '-DPACKAGE_FIND_FILE=D:\\USTC\\CG\\Final\\BubbleRender\\refraction\\entry\\.cxx\\default\\default\\debug\\hvigor\\x86_64\\summary.cmake',
  '--no-warn-unused-cli',
  '-DHMOS_SDK_NATIVE=D:\\DevEco Studio\\sdk\\default\\hms\\native'
]
[2026-06-20T02:20:24.071] [DEBUG] debug-file - Clean CMakeCache.txt due to outdated CMake configuration.
[2026-06-20T02:20:24.072] [DEBUG] debug-file - - no fingerprint file, will remove stale cache CMakeCache.txt
[2026-06-20T02:20:24.075] [DEBUG] debug-file - default@BuildNativeWithCmake work[1] is submitted.
[2026-06-20T02:20:24.076] [DEBUG] debug-file - default@BuildNativeWithCmake work[1] is pushed to ready queue.
[2026-06-20T02:20:24.076] [DEBUG] debug-file - A work dispatched to worker[17] failed because unable to get work from ready queue.
[2026-06-20T02:20:24.076] [DEBUG] debug-file - A work dispatched to worker[16] failed because of worker busy.
[2026-06-20T02:20:24.076] [DEBUG] debug-file - Create  resident worker with id: 15.
[2026-06-20T02:20:24.078] [DEBUG] debug-file - default@BuildNativeWithCmake work[1] has been dispatched to worker[15].
[2026-06-20T02:20:24.078] [DEBUG] debug-file - default@BuildNativeWithCmake work[1] is dispatched.
[2026-06-20T02:20:24.079] [DEBUG] debug-file - entry : default@BuildNativeWithCmake cost memory 0.9542770385742188
[2026-06-20T02:20:26.119] [DEBUG] debug-file - Not searching for unused variables given on the command line.

[2026-06-20T02:20:26.120] [DEBUG] debug-file - Not searching for unused variables given on the command line.

[2026-06-20T02:20:26.976] [DEBUG] debug-file - -- The C compiler identification is Clang 15.0.4

[2026-06-20T02:20:26.977] [DEBUG] debug-file - -- The C compiler identification is Clang 15.0.4

[2026-06-20T02:20:27.463] [DEBUG] debug-file - -- The CXX compiler identification is Clang 15.0.4

[2026-06-20T02:20:27.465] [DEBUG] debug-file - -- The CXX compiler identification is Clang 15.0.4

[2026-06-20T02:20:28.361] [DEBUG] debug-file - -- Detecting C compiler ABI info

[2026-06-20T02:20:28.361] [DEBUG] debug-file - -- Detecting C compiler ABI info

[2026-06-20T02:20:29.737] [DEBUG] debug-file - -- Detecting C compiler ABI info - done

[2026-06-20T02:20:29.739] [DEBUG] debug-file - -- Detecting C compiler ABI info - done

[2026-06-20T02:20:29.758] [DEBUG] debug-file - -- Check for working C compiler: D:/DevEco Studio/sdk/default/hms/native/BiSheng/bin/clang.exe - skipped

[2026-06-20T02:20:29.760] [DEBUG] debug-file - -- Detecting C compile features

[2026-06-20T02:20:29.762] [DEBUG] debug-file - -- Detecting C compile features - done

[2026-06-20T02:20:29.763] [DEBUG] debug-file - -- Check for working C compiler: D:/DevEco Studio/sdk/default/hms/native/BiSheng/bin/clang.exe - skipped

[2026-06-20T02:20:29.764] [DEBUG] debug-file - -- Detecting C compile features

[2026-06-20T02:20:29.765] [DEBUG] debug-file - -- Detecting C compile features - done

[2026-06-20T02:20:30.000] [DEBUG] debug-file - -- Detecting CXX compiler ABI info

[2026-06-20T02:20:30.000] [DEBUG] debug-file - -- Detecting CXX compiler ABI info

[2026-06-20T02:20:31.036] [DEBUG] debug-file - -- Detecting CXX compiler ABI info - done

[2026-06-20T02:20:31.046] [DEBUG] debug-file - -- Detecting CXX compiler ABI info - done

[2026-06-20T02:20:31.060] [DEBUG] debug-file - -- Check for working CXX compiler: D:/DevEco Studio/sdk/default/hms/native/BiSheng/bin/clang++.exe - skipped

[2026-06-20T02:20:31.061] [DEBUG] debug-file - -- Detecting CXX compile features

[2026-06-20T02:20:31.062] [DEBUG] debug-file - -- Detecting CXX compile features - done

[2026-06-20T02:20:31.068] [DEBUG] debug-file - -- Check for working CXX compiler: D:/DevEco Studio/sdk/default/hms/native/BiSheng/bin/clang++.exe - skipped

[2026-06-20T02:20:31.068] [DEBUG] debug-file - -- Detecting CXX compile features

[2026-06-20T02:20:31.069] [DEBUG] debug-file - -- Detecting CXX compile features - done

[2026-06-20T02:20:31.086] [DEBUG] debug-file - -- Configuring done (5.0s)

[2026-06-20T02:20:31.100] [DEBUG] debug-file - -- Configuring done (5.0s)

[2026-06-20T02:20:31.116] [DEBUG] debug-file - -- Generating done (0.0s)

[2026-06-20T02:20:31.120] [DEBUG] debug-file - -- Generating done (0.0s)

[2026-06-20T02:20:31.261] [DEBUG] debug-file - -- Build files have been written to: D:/USTC/CG/Final/BubbleRender/refraction/entry/.cxx/default/default/debug/x86_64

[2026-06-20T02:20:31.274] [DEBUG] debug-file - -- Build files have been written to: D:/USTC/CG/Final/BubbleRender/refraction/entry/.cxx/default/default/debug/arm64-v8a

[2026-06-20T02:20:31.290] [DEBUG] debug-file - worker[15] has one work done.
[2026-06-20T02:20:31.350] [DEBUG] debug-file - worker[16] has one work done.
[2026-06-20T02:20:31.439] [DEBUG] debug-file - default@BuildNativeWithCmake work[0] done.
[2026-06-20T02:20:31.440] [DEBUG] debug-file - A work dispatched to worker[16] failed because unable to get work from ready queue.
[2026-06-20T02:20:31.441] [DEBUG] debug-file - default@BuildNativeWithCmake work[1] done.
[2026-06-20T02:20:31.442] [DEBUG] debug-file - A work dispatched to worker[15] failed because unable to get work from ready queue.
[2026-06-20T02:20:31.443] [INFO] debug-file - Finished :entry:default@BuildNativeWithCmake... after 5 s 561 ms 
[2026-06-20T02:20:31.445] [DEBUG] debug-file - Executing task :entry:compileNative
[2026-06-20T02:20:31.445] [DEBUG] debug-file - entry : compileNative cost memory 0.01270294189453125
[2026-06-20T02:20:31.445] [DEBUG] debug-file - runTaskFromQueue task cost before running: 10 s 195 ms 
[2026-06-20T02:20:31.445] [INFO] debug-file - Finished :entry:compileNative... after 1 ms 
[2026-06-20T02:20:31.477] [INFO] debug-file - BUILD SUCCESSFUL in 10 s 227 ms 
[2026-06-20T02:20:31.480] [DEBUG] debug-file - Update task entry:default@PreBuild input file:D:\USTC\CG\Final\BubbleRender\refraction\AppScope\app.json5 cache by regenerate.
[2026-06-20T02:20:31.482] [DEBUG] debug-file - Update task entry:default@PreBuild input file:D:\USTC\CG\Final\BubbleRender\refraction\entry\src\main\module.json5 cache by regenerate.
[2026-06-20T02:20:31.482] [DEBUG] debug-file - Update task entry:default@PreBuild input file:D:\USTC\CG\Final\BubbleRender\refraction\build-profile.json5 cache by regenerate.
[2026-06-20T02:20:31.483] [DEBUG] debug-file - Update task entry:default@PreBuild input file:D:\USTC\CG\Final\BubbleRender\refraction\entry\build-profile.json5 cache by regenerate.
[2026-06-20T02:20:31.485] [DEBUG] debug-file - Update task entry:default@PreBuild input file:D:\USTC\CG\Final\BubbleRender\refraction\entry\src\main\resources\base\profile\main_pages.json cache by regenerate.
[2026-06-20T02:20:31.485] [DEBUG] debug-file - Update task entry:default@PreBuild input file:D:\USTC\CG\Final\BubbleRender\refraction\hvigor\hvigor-config.json5 cache by regenerate.
[2026-06-20T02:20:31.486] [DEBUG] debug-file - Update task entry:default@PreBuild input file:D:\USTC\CG\Final\BubbleRender\refraction\entry\oh-package.json5 cache by regenerate.
[2026-06-20T02:20:31.486] [DEBUG] debug-file - Update task entry:default@PreBuild input file:D:\USTC\CG\Final\BubbleRender\refraction\oh-package.json5 cache by regenerate.
[2026-06-20T02:20:31.488] [DEBUG] debug-file - Incremental task entry:default@PreBuild post-execution cost:9 ms .
[2026-06-20T02:20:31.538] [DEBUG] debug-file - Cleanup worker 0.
[2026-06-20T02:20:31.539] [DEBUG] debug-file - Worker 0 has been cleaned up.
[2026-06-20T02:20:31.539] [DEBUG] debug-file - Current idle worker size: 3.
[2026-06-20T02:20:31.539] [DEBUG] debug-file - Current resident worker size: 4.
[2026-06-20T02:20:31.540] [DEBUG] debug-file - Cleanup worker 1.
[2026-06-20T02:20:31.540] [DEBUG] debug-file - Worker 1 has been cleaned up.
[2026-06-20T02:20:31.540] [DEBUG] debug-file - Current idle worker size: 2.
[2026-06-20T02:20:31.540] [DEBUG] debug-file - Current resident worker size: 4.
[2026-06-20T02:20:31.542] [DEBUG] debug-file - hvigor build process will be closed.
[2026-06-20T02:20:31.553] [DEBUG] debug-file - session manager: send message to worker process.
[2026-06-20T02:20:31.554] [DEBUG] debug-file - session manager: send message to worker process.
[2026-06-20T02:20:31.550] [DEBUG] debug-file - worker[1] exits with exit code 1.
[2026-06-20T02:20:31.551] [DEBUG] debug-file - worker[0] exits with exit code 1.
[2026-06-20T02:20:31.553] [DEBUG] debug-file - watch worker: worker id should be larger than 0. Nothing will be sent to any worker thread.
[2026-06-20T02:20:31.554] [DEBUG] debug-file - watch worker: worker id should be larger than 0. Nothing will be sent to any worker thread.
[2026-06-20T02:34:14.395] [DEBUG] debug-file - hvigor java daemon: Starting java daemon. jvmXmxValue=512m, jarPath=D:\DevEco Studio\tools\hvigor\hvigor\lib\hvigor-java-daemon.jar
[2026-06-20T02:34:14.399] [DEBUG] debug-file - hvigor java daemon: Read cache file, 
    port=45050, pid=35440, sessionId exists=true
[2026-06-20T02:34:14.489] [DEBUG] debug-file - hvigor java daemon: tryConnect failed, Error: connect ECONNREFUSED 127.0.0.1:45050, will start new daemon
[2026-06-20T02:34:15.003] [DEBUG] debug-file - java daemon started at port 45050 pid 35696
[2026-06-20T02:34:06.631] [DEBUG] debug-file - env: nodejsVersion=v18.20.1
[2026-06-20T02:34:07.094] [DEBUG] debug-file - env: daemon=true
[2026-06-20T02:34:06.635] [DEBUG] debug-file - env: hvigor-config.json5 content = {
  modelVersion: '6.0.2',
  dependencies: {},
  execution: {},
  logging: {},
  debugging: {},
  nodeOptions: {}
}
[2026-06-20T02:34:17.400] [DEBUG] debug-file - session manager: set active socket. socketId=eXBiQQjR36NL6AXiAAAB
[2026-06-20T02:34:17.563] [DEBUG] debug-file - watch worker: worker id should be larger than 0. Nothing will be sent to any worker thread.
[2026-06-20T02:34:17.573] [DEBUG] debug-file - Since there is no instance or instance is terminated, create a new worker pool.
[2026-06-20T02:34:17.574] [DEBUG] debug-file - Worker pool is initialized with config:  {
  minPoolNum: 2,
  maxPoolNum: undefined,
  maxCoreSize: undefined,
  cacheCapacity: undefined,
  cacheTtl: undefined
}
[2026-06-20T02:34:17.576] [DEBUG] debug-file - Create  resident worker with id: 0.
[2026-06-20T02:34:17.582] [DEBUG] debug-file - Create  resident worker with id: 1.
[2026-06-20T02:34:17.586] [DEBUG] debug-file - Workers' log level updated to INFO
[2026-06-20T02:34:17.611] [DEBUG] debug-file - Hvigor init with startParameters:{
  hvigorfileTypeCheck: false,
  parallelExecution: true,
  incrementalExecution: true,
  printStackTrace: false,
  daemon: true,
  analyze: 0,
  logLevel: Level { level: 20000, levelStr: 'INFO', colour: 'green' },
  optimizationStrategy: 'memory',
  hotCompile: undefined,
  hotReloadBuild: undefined,
  customizedParam: undefined
}
[2026-06-20T02:34:17.656] [DEBUG] debug-file - Cache service initialization finished in 44 ms 
[2026-06-20T02:34:17.659] [DEBUG] debug-file - hvigorfile, resolving D:\USTC\CG\Final\BubbleRender\refraction\hvigorfile.ts
[2026-06-20T02:35:11.525] [DEBUG] debug-file - hvigorfile, require result:  { default: { plugins: [] } }
[2026-06-20T02:35:11.528] [DEBUG] debug-file - hvigorfile, binding system plugins null
[2026-06-20T02:35:11.529] [DEBUG] debug-file - Starting plugin build process
[2026-06-20T02:35:11.530] [DEBUG] debug-file - App plugin prepare start...
[2026-06-20T02:35:11.530] [DEBUG] debug-file - App plugin prepare end...
[2026-06-20T02:35:11.531] [DEBUG] debug-file - App plugin creating...
[2026-06-20T02:35:12.044] [DEBUG] debug-file - App plugin register hook start...
[2026-06-20T02:35:12.046] [DEBUG] debug-file - App plugin register hook end...
[2026-06-20T02:35:12.046] [DEBUG] debug-file - Plugin build process completed
[2026-06-20T02:35:12.052] [DEBUG] debug-file - Start initialize project's product build option map with build mode debug.
[2026-06-20T02:35:12.053] [DEBUG] debug-file - Picking option from product 'default' with build mode 'debug'.
[2026-06-20T02:35:12.055] [DEBUG] debug-file - Product 'default' build option initialized
[2026-06-20T02:35:12.055] [DEBUG] debug-file - End initialize project's product build option map with build mode 'debug'.
[2026-06-20T02:35:12.059] [DEBUG] debug-file - Obtain build option for product 'default'in this build.
[2026-06-20T02:35:12.081] [DEBUG] debug-file - not found resModel json file in : D:\USTC\CG\Final\BubbleRender\refraction\entry\src\ohosTest\module.json5
[2026-06-20T02:35:12.103] [DEBUG] debug-file - No signingConfig found, initRemoteHspCache failed.
[2026-06-20T02:35:12.119] [DEBUG] debug-file - Local scan or download HarmonyOS sdk components toolchains,ets,js,native,previewer
[2026-06-20T02:35:12.129] [DEBUG] debug-file - Local scan or download hmscore sdk components toolchains,ets,native
[2026-06-20T02:35:12.136] [DEBUG] debug-file - Start recording SDK configuration permission data.
[2026-06-20T02:35:12.228] [DEBUG] debug-file - Sdk init in 111 ms 
[2026-06-20T02:35:12.247] [DEBUG] debug-file - Project task initialization takes 14 ms 
[2026-06-20T02:35:12.247] [DEBUG] debug-file - hvigorfile, binding custom plugins []
[2026-06-20T02:35:12.248] [DEBUG] debug-file - hvigorfile, no custom plugins were found in D:\USTC\CG\Final\BubbleRender\refraction\hvigorfile.ts
[2026-06-20T02:35:12.248] [DEBUG] debug-file - hvigorfile, resolve finished D:\USTC\CG\Final\BubbleRender\refraction\hvigorfile.ts
[2026-06-20T02:35:12.250] [DEBUG] debug-file - hvigorfile, resolving D:\USTC\CG\Final\BubbleRender\refraction\entry\hvigorfile.ts
[2026-06-20T02:35:12.283] [DEBUG] debug-file - hvigorfile, require result:  { default: { plugins: [] } }
[2026-06-20T02:35:12.284] [DEBUG] debug-file - hvigorfile, binding system plugins null
[2026-06-20T02:35:12.284] [DEBUG] debug-file - Starting plugin build process
[2026-06-20T02:35:12.284] [DEBUG] debug-file - Hap plugin creating...
[2026-06-20T02:35:12.287] [DEBUG] debug-file - failed to load cangjie to dynamically generate schemas: Error: Cannot find module '@ohos/cangjie-build-support/index'
Require stack:
- D:\DevEco Studio\tools\hvigor\hvigor-ohos-plugin\src\plugin\hooks\cangjie-register.js
- D:\DevEco Studio\tools\hvigor\hvigor-ohos-plugin\src\plugin\strategy\stage-init-strategy.js
- D:\DevEco Studio\tools\hvigor\hvigor-ohos-plugin\src\plugin\builder\abstract-plugin-builder.js
- D:\DevEco Studio\tools\hvigor\hvigor-ohos-plugin\src\plugin\builder\app-plugin-builder.js
- D:\DevEco Studio\tools\hvigor\hvigor-ohos-plugin\src\plugin\factory\plugin-factory.js
- D:\DevEco Studio\tools\hvigor\hvigor-ohos-plugin\index.js
- D:\USTC\CG\Final\BubbleRender\refraction\hvigorfile.ts
- D:\DevEco Studio\tools\hvigor\hvigor\src\base\internal\lifecycle\configuration.js
- D:\DevEco Studio\tools\hvigor\hvigor\src\base\boot\index.js
- D:\DevEco Studio\tools\hvigor\hvigor\src\base\daemon\cluster\worker-process-lifecycle.js
- D:\DevEco Studio\tools\hvigor\hvigor\src\base\daemon\process\daemon-process-boot-script.js
[2026-06-20T02:35:12.323] [DEBUG] debug-file - Start initialize module-target build option map, moduleName=entry, buildMode=debug
[2026-06-20T02:35:12.324] [DEBUG] debug-file - Target 'default' config initialized
[2026-06-20T02:35:12.328] [DEBUG] debug-file - Target 'ohosTest' config initialized
[2026-06-20T02:35:12.328] [DEBUG] debug-file - Module 'entry' target 'default' build option initialized
[2026-06-20T02:35:12.329] [DEBUG] debug-file - Module 'entry' target 'ohosTest' build option initialized
[2026-06-20T02:35:12.329] [DEBUG] debug-file - End initialize module-target build option map, moduleName=entry
[2026-06-20T02:35:12.329] [DEBUG] debug-file - Start initialize module-target build option map, moduleName=entry, buildMode=release
[2026-06-20T02:35:12.330] [DEBUG] debug-file - Target 'default' config initialized
[2026-06-20T02:35:12.331] [DEBUG] debug-file - Target 'ohosTest' config initialized
[2026-06-20T02:35:12.334] [DEBUG] debug-file - Module 'entry' target 'default' build option initialized
[2026-06-20T02:35:12.334] [DEBUG] debug-file - Module 'entry' target 'ohosTest' build option initialized
[2026-06-20T02:35:12.334] [DEBUG] debug-file - End initialize module-target build option map, moduleName=entry
[2026-06-20T02:35:12.334] [DEBUG] debug-file - Start initialize module-target build option map, moduleName=entry, buildMode=debug
[2026-06-20T02:35:12.335] [DEBUG] debug-file - Target 'default' config initialized
[2026-06-20T02:35:12.336] [DEBUG] debug-file - Target 'ohosTest' config initialized
[2026-06-20T02:35:12.337] [DEBUG] debug-file - Module 'entry' target 'default' build option initialized
[2026-06-20T02:35:12.338] [DEBUG] debug-file - Module 'entry' target 'ohosTest' build option initialized
[2026-06-20T02:35:12.338] [DEBUG] debug-file - End initialize module-target build option map, moduleName=entry
[2026-06-20T02:35:12.339] [DEBUG] debug-file - Obtain build option for module 'entry' target 'default'in this build.
[2026-06-20T02:35:12.355] [DEBUG] debug-file - Module entry task initialization takes 14 ms 
[2026-06-20T02:35:12.356] [DEBUG] debug-file - Hap plugin register hook start...
[2026-06-20T02:35:12.356] [DEBUG] debug-file - Hap plugin register hook end...
[2026-06-20T02:35:12.356] [DEBUG] debug-file - Plugin build process completed
[2026-06-20T02:35:12.356] [DEBUG] debug-file - hvigorfile, binding custom plugins []
[2026-06-20T02:35:12.356] [DEBUG] debug-file - hvigorfile, no custom plugins were found in D:\USTC\CG\Final\BubbleRender\refraction\entry\hvigorfile.ts
[2026-06-20T02:35:12.356] [DEBUG] debug-file - hvigorfile, resolve finished D:\USTC\CG\Final\BubbleRender\refraction\entry\hvigorfile.ts
[2026-06-20T02:35:12.407] [DEBUG] debug-file - hvigorfile, resolve hvigorfile dependencies in 50 ms 
[2026-06-20T02:35:12.408] [DEBUG] debug-file - project has submodules:entry
[2026-06-20T02:35:12.429] [DEBUG] debug-file - start to load updatedOhPackageInfo to the disk
[2026-06-20T02:35:12.482] [DEBUG] debug-file - load to the disk finished
[2026-06-20T02:35:12.484] [DEBUG] debug-file - Start to initialize dependency information.
[2026-06-20T02:35:12.567] [DEBUG] debug-file - Module refraction Collected Dependency: 
[2026-06-20T02:35:12.567] [DEBUG] debug-file - Module refraction's total dependency: 0
[2026-06-20T02:35:12.570] [DEBUG] debug-file - Start to initialize dependency information.
[2026-06-20T02:35:12.595] [DEBUG] debug-file - Module entry Collected Dependency: D:\USTC\CG\Final\BubbleRender\refraction\entry\src\main\cpp\types\libentry
[2026-06-20T02:35:12.595] [DEBUG] debug-file - Module entry's total dependency: 1
[2026-06-20T02:35:12.606] [DEBUG] debug-file - Configuration phase cost:54 s 950 ms 
[2026-06-20T02:35:12.611] [DEBUG] debug-file - Configuration task cost before running: 55 s 24 ms 
[2026-06-20T02:35:12.629] [DEBUG] debug-file - Executing task :entry:default@PreBuild
[2026-06-20T02:35:12.634] [DEBUG] debug-file - Task 'entry:default@PreBuild' cost while wrapping incremental declarations: 1 ms 
[2026-06-20T02:35:12.655] [DEBUG] debug-file - entry:default@PreBuild is not up-to-date, since the task snapshots are different.
[2026-06-20T02:35:12.655] [DEBUG] debug-file - Incremental task entry:default@PreBuild pre-execution cost: 13 ms .
[2026-06-20T02:35:13.064] [DEBUG] debug-file - current product is not Atomic service.
[2026-06-20T02:35:13.079] [DEBUG] debug-file - Use tool [win32: JAVA_HOME, CLASSPATH]
 [ { JAVA_HOME: 'D:\\DevEco Studio\\jbr' }, { CLASSPATH: undefined } ]
[2026-06-20T02:35:13.079] [DEBUG] debug-file - Use tool [win32: NODE_HOME]
 [ { NODE_HOME: 'D:\\DevEco Studio\\tools\\node' } ]
[2026-06-20T02:35:13.081] [DEBUG] debug-file - entry : default@PreBuild cost memory -12.765708923339844
[2026-06-20T02:35:13.082] [DEBUG] debug-file - runTaskFromQueue task cost before running: 55 s 494 ms 
[2026-06-20T02:35:13.085] [INFO] debug-file - Finished :entry:default@PreBuild... after 453 ms 
[2026-06-20T02:35:13.089] [DEBUG] debug-file - Executing task :entry:default@CreateModuleInfo
[2026-06-20T02:35:13.090] [DEBUG] debug-file - Task 'entry:default@CreateModuleInfo' cost while wrapping incremental declarations: 1 ms 
[2026-06-20T02:35:13.092] [DEBUG] debug-file - entry : default@CreateModuleInfo cost memory 0.21228790283203125
[2026-06-20T02:35:13.092] [DEBUG] debug-file - runTaskFromQueue task cost before running: 55 s 505 ms 
[2026-06-20T02:35:13.093] [INFO] debug-file - Finished :entry:default@CreateModuleInfo... after 4 ms 
[2026-06-20T02:35:13.095] [DEBUG] debug-file - Executing task :entry:default@GenerateMetadata
[2026-06-20T02:35:13.098] [DEBUG] debug-file - Task 'entry:default@GenerateMetadata' cost while wrapping incremental declarations: 3 ms 
[2026-06-20T02:35:13.106] [DEBUG] debug-file - entry : default@GenerateMetadata cost memory 0.2415618896484375
[2026-06-20T02:35:13.106] [DEBUG] debug-file - runTaskFromQueue task cost before running: 55 s 519 ms 
[2026-06-20T02:35:13.107] [INFO] debug-file - Finished :entry:default@GenerateMetadata... after 12 ms 
[2026-06-20T02:35:13.109] [DEBUG] debug-file - Executing task :entry:default@ConfigureCmake
[2026-06-20T02:35:13.126] [DEBUG] debug-file - entry : default@ConfigureCmake cost memory 0.18630218505859375
[2026-06-20T02:35:13.127] [DEBUG] debug-file - runTaskFromQueue task cost before running: 55 s 540 ms 
[2026-06-20T02:35:13.128] [INFO] debug-file - Finished :entry:default@ConfigureCmake... after 18 ms 
[2026-06-20T02:35:13.131] [DEBUG] debug-file - Executing task :entry:default@MergeProfile
[2026-06-20T02:35:13.133] [DEBUG] debug-file - Task 'entry:default@MergeProfile' cost while wrapping incremental declarations: 1 ms 
[2026-06-20T02:35:13.137] [DEBUG] debug-file - Change app api release type with 'Release'
[2026-06-20T02:35:13.138] [DEBUG] debug-file - Change app compile API version with '6.0.2.130'
[2026-06-20T02:35:13.138] [DEBUG] debug-file - Change app target API version with '60002022'
[2026-06-20T02:35:13.138] [DEBUG] debug-file - Change app minimum API version with '60002022'
[2026-06-20T02:35:13.139] [DEBUG] debug-file - Use cli appEnvironment
[2026-06-20T02:35:13.144] [DEBUG] debug-file - entry : default@MergeProfile cost memory 0.149566650390625
[2026-06-20T02:35:13.145] [DEBUG] debug-file - runTaskFromQueue task cost before running: 55 s 558 ms 
[2026-06-20T02:35:13.146] [INFO] debug-file - Finished :entry:default@MergeProfile... after 14 ms 
[2026-06-20T02:35:13.152] [DEBUG] debug-file - Executing task :entry:default@CreateBuildProfile
[2026-06-20T02:35:13.153] [DEBUG] debug-file - Task 'entry:default@CreateBuildProfile' cost while wrapping incremental declarations: 1 ms 
[2026-06-20T02:35:13.157] [DEBUG] debug-file - entry : default@CreateBuildProfile cost memory 0.0728302001953125
[2026-06-20T02:35:13.157] [DEBUG] debug-file - runTaskFromQueue task cost before running: 55 s 570 ms 
[2026-06-20T02:35:13.158] [INFO] debug-file - Finished :entry:default@CreateBuildProfile... after 6 ms 
[2026-06-20T02:35:13.161] [DEBUG] debug-file - Executing task :entry:default@PreCheckSyscap
[2026-06-20T02:35:13.162] [DEBUG] debug-file - entry : default@PreCheckSyscap cost memory 0.01473236083984375
[2026-06-20T02:35:13.162] [DEBUG] debug-file - runTaskFromQueue task cost before running: 55 s 575 ms 
[2026-06-20T02:35:13.164] [INFO] debug-file - Finished :entry:default@PreCheckSyscap... after 2 ms 
[2026-06-20T02:35:13.174] [DEBUG] debug-file - Executing task :entry:default@ProcessIntegratedHsp
[2026-06-20T02:35:13.176] [DEBUG] debug-file - entry : default@ProcessIntegratedHsp cost memory 0.0297393798828125
[2026-06-20T02:35:13.177] [DEBUG] debug-file - runTaskFromQueue task cost before running: 55 s 590 ms 
[2026-06-20T02:35:13.178] [INFO] debug-file - Finished :entry:default@ProcessIntegratedHsp... after 3 ms 
[2026-06-20T02:35:13.182] [DEBUG] debug-file - Executing task :entry:default@BuildNativeWithCmake
[2026-06-20T02:35:13.190] [DEBUG] debug-file - Use tool [Cmake]
 [
  'D:\\DevEco Studio\\sdk\\default\\openharmony\\native\\build-tools\\cmake\\bin\\cmake.exe',
  '-HD:\\USTC\\CG\\Final\\BubbleRender\\refraction\\entry\\src\\main\\cpp',
  '-BD:\\USTC\\CG\\Final\\BubbleRender\\refraction\\entry\\.cxx\\default\\default\\debug\\arm64-v8a',
  '-DOHOS_ARCH=arm64-v8a',
  '-DCMAKE_LIBRARY_OUTPUT_DIRECTORY=D:\\USTC\\CG\\Final\\BubbleRender\\refraction\\entry\\build\\default\\intermediates\\cmake\\default\\obj\\arm64-v8a',
  '-DCMAKE_BUILD_TYPE=Debug',
  '-DOHOS_SDK_NATIVE=D:\\DevEco Studio\\sdk\\default\\openharmony\\native',
  '-DCMAKE_SYSTEM_NAME=OHOS',
  '-DCMAKE_OHOS_ARCH_ABI=arm64-v8a',
  '-DCMAKE_EXPORT_COMPILE_COMMANDS=ON',
  '-DCMAKE_TOOLCHAIN_FILE=D:\\DevEco Studio\\sdk\\default\\hms\\native\\build\\cmake\\hmos.toolchain.bisheng.cmake',
  '-GNinja',
  '-DCMAKE_MAKE_PROGRAM=D:\\DevEco Studio\\sdk\\default\\openharmony\\native\\build-tools\\cmake\\bin\\ninja.exe',
  '-DCMAKE_FIND_ROOT_PATH=D:\\USTC\\CG\\Final\\BubbleRender\\refraction\\entry\\.cxx\\default\\default\\debug\\hvigor\\arm64-v8a',
  '-DPACKAGE_FIND_FILE=D:\\USTC\\CG\\Final\\BubbleRender\\refraction\\entry\\.cxx\\default\\default\\debug\\hvigor\\arm64-v8a\\summary.cmake',
  '--no-warn-unused-cli',
  '-DHMOS_SDK_NATIVE=D:\\DevEco Studio\\sdk\\default\\hms\\native'
]
[2026-06-20T02:35:13.251] [DEBUG] debug-file - CMake configuration was up-to-date
[2026-06-20T02:35:13.260] [DEBUG] debug-file - Use tool [Cmake]
 [
  'D:\\DevEco Studio\\sdk\\default\\openharmony\\native\\build-tools\\cmake\\bin\\cmake.exe',
  '-HD:\\USTC\\CG\\Final\\BubbleRender\\refraction\\entry\\src\\main\\cpp',
  '-BD:\\USTC\\CG\\Final\\BubbleRender\\refraction\\entry\\.cxx\\default\\default\\debug\\x86_64',
  '-DOHOS_ARCH=x86_64',
  '-DCMAKE_LIBRARY_OUTPUT_DIRECTORY=D:\\USTC\\CG\\Final\\BubbleRender\\refraction\\entry\\build\\default\\intermediates\\cmake\\default\\obj\\x86_64',
  '-DCMAKE_BUILD_TYPE=Debug',
  '-DOHOS_SDK_NATIVE=D:\\DevEco Studio\\sdk\\default\\openharmony\\native',
  '-DCMAKE_SYSTEM_NAME=OHOS',
  '-DCMAKE_OHOS_ARCH_ABI=x86_64',
  '-DCMAKE_EXPORT_COMPILE_COMMANDS=ON',
  '-DCMAKE_TOOLCHAIN_FILE=D:\\DevEco Studio\\sdk\\default\\hms\\native\\build\\cmake\\hmos.toolchain.bisheng.cmake',
  '-GNinja',
  '-DCMAKE_MAKE_PROGRAM=D:\\DevEco Studio\\sdk\\default\\openharmony\\native\\build-tools\\cmake\\bin\\ninja.exe',
  '-DCMAKE_FIND_ROOT_PATH=D:\\USTC\\CG\\Final\\BubbleRender\\refraction\\entry\\.cxx\\default\\default\\debug\\hvigor\\x86_64',
  '-DPACKAGE_FIND_FILE=D:\\USTC\\CG\\Final\\BubbleRender\\refraction\\entry\\.cxx\\default\\default\\debug\\hvigor\\x86_64\\summary.cmake',
  '--no-warn-unused-cli',
  '-DHMOS_SDK_NATIVE=D:\\DevEco Studio\\sdk\\default\\hms\\native'
]
[2026-06-20T02:35:13.322] [DEBUG] debug-file - CMake configuration was up-to-date
[2026-06-20T02:35:13.327] [DEBUG] debug-file - entry : default@BuildNativeWithCmake cost memory 1.1171035766601562
[2026-06-20T02:35:13.327] [DEBUG] debug-file - runTaskFromQueue task cost before running: 55 s 740 ms 
[2026-06-20T02:35:13.328] [INFO] debug-file - Finished :entry:default@BuildNativeWithCmake... after 146 ms 
[2026-06-20T02:35:13.332] [DEBUG] debug-file - Executing task :entry:default@MakePackInfo
[2026-06-20T02:35:13.340] [DEBUG] debug-file - Module Pack Info:  {
  summary: {
    app: { bundleName: 'c***l', bundleType: 'app', version: [Object] },
    modules: [ [Object] ]
  },
  packages: [
    {
      deviceType: [Array],
      moduleType: 'entry',
      deliveryWithInstall: true,
      name: 'entry-default'
    }
  ]
}
[2026-06-20T02:35:13.344] [DEBUG] debug-file - entry : default@MakePackInfo cost memory 0.139984130859375
[2026-06-20T02:35:13.344] [DEBUG] debug-file - runTaskFromQueue task cost before running: 55 s 757 ms 
[2026-06-20T02:35:13.346] [INFO] debug-file - Finished :entry:default@MakePackInfo... after 13 ms 
[2026-06-20T02:35:13.351] [DEBUG] debug-file - Executing task :entry:default@SyscapTransform
[2026-06-20T02:35:13.351] [DEBUG] debug-file - File: 'D:\USTC\CG\Final\BubbleRender\refraction\entry\src\main\syscap.json' from 'sysCapJsonPath' is not exists, just ignore.
[2026-06-20T02:35:13.353] [DEBUG] debug-file - Task 'entry:default@SyscapTransform' cost while wrapping incremental declarations: 2 ms 
[2026-06-20T02:35:13.354] [DEBUG] debug-file - entry : default@SyscapTransform cost memory 0.06491851806640625
[2026-06-20T02:35:13.354] [DEBUG] debug-file - runTaskFromQueue task cost before running: 55 s 767 ms 
[2026-06-20T02:35:13.354] [INFO] debug-file - Finished :entry:default@SyscapTransform... after 4 ms 
[2026-06-20T02:35:13.357] [DEBUG] debug-file - Executing task :entry:default@BuildNativeWithNinja
[2026-06-20T02:35:13.362] [DEBUG] debug-file - Use tool [Ninja]
 [
  'D:\\DevEco Studio\\sdk\\default\\openharmony\\native\\build-tools\\cmake\\bin\\ninja.exe',
  '-C',
  'D:\\USTC\\CG\\Final\\BubbleRender\\refraction\\entry\\.cxx\\default\\default\\debug\\arm64-v8a'
]
[2026-06-20T02:35:13.364] [DEBUG] debug-file - default@BuildNativeWithNinja work[0] is submitted.
[2026-06-20T02:35:13.366] [DEBUG] debug-file - default@BuildNativeWithNinja work[0] is pushed to ready queue.
[2026-06-20T02:35:13.367] [DEBUG] debug-file - A work dispatched to worker[17] failed because unable to get work from ready queue.
[2026-06-20T02:35:13.368] [DEBUG] debug-file - Create  resident worker with id: 16.
[2026-06-20T02:35:13.374] [DEBUG] debug-file - default@BuildNativeWithNinja work[0] has been dispatched to worker[16].
[2026-06-20T02:35:13.374] [DEBUG] debug-file - default@BuildNativeWithNinja work[0] is dispatched.
[2026-06-20T02:35:13.445] [DEBUG] debug-file - OHOS_STL is c++_shared
[2026-06-20T02:35:13.446] [DEBUG] debug-file - Copy STL libc++_shared.so to D:\USTC\CG\Final\BubbleRender\refraction\entry\build\default\intermediates\cmake\default\obj\arm64-v8a due to OHOS_STL is 'c++_shared'
[2026-06-20T02:35:13.493] [DEBUG] debug-file - Use tool [Ninja]
 [
  'D:\\DevEco Studio\\sdk\\default\\openharmony\\native\\build-tools\\cmake\\bin\\ninja.exe',
  '-C',
  'D:\\USTC\\CG\\Final\\BubbleRender\\refraction\\entry\\.cxx\\default\\default\\debug\\x86_64'
]
[2026-06-20T02:35:13.493] [DEBUG] debug-file - default@BuildNativeWithNinja work[1] is submitted.
[2026-06-20T02:35:13.494] [DEBUG] debug-file - default@BuildNativeWithNinja work[1] is pushed to ready queue.
[2026-06-20T02:35:13.494] [DEBUG] debug-file - A work dispatched to worker[17] failed because unable to get work from ready queue.
[2026-06-20T02:35:13.494] [DEBUG] debug-file - A work dispatched to worker[16] failed because of worker busy.
[2026-06-20T02:35:13.494] [DEBUG] debug-file - Create  resident worker with id: 15.
[2026-06-20T02:35:13.497] [DEBUG] debug-file - default@BuildNativeWithNinja work[1] has been dispatched to worker[15].
[2026-06-20T02:35:13.497] [DEBUG] debug-file - default@BuildNativeWithNinja work[1] is dispatched.
[2026-06-20T02:35:13.582] [DEBUG] debug-file - OHOS_STL is c++_shared
[2026-06-20T02:35:13.582] [DEBUG] debug-file - Copy STL libc++_shared.so to D:\USTC\CG\Final\BubbleRender\refraction\entry\build\default\intermediates\cmake\default\obj\x86_64 due to OHOS_STL is 'c++_shared'
[2026-06-20T02:35:13.609] [DEBUG] debug-file - entry : default@BuildNativeWithNinja cost memory 2.67706298828125
[2026-06-20T02:35:13.614] [DEBUG] debug-file - Executing task :entry:default@GeneratePkgContextInfo
[2026-06-20T02:35:13.692] [DEBUG] debug-file - Task 'entry:default@GeneratePkgContextInfo' cost while wrapping incremental declarations: 1 ms 
[2026-06-20T02:35:13.694] [DEBUG] debug-file - entry : default@GeneratePkgContextInfo cost memory 2.61669921875
[2026-06-20T02:35:13.695] [DEBUG] debug-file - runTaskFromQueue task cost before running: 56 s 108 ms 
[2026-06-20T02:35:13.695] [INFO] debug-file - Finished :entry:default@GeneratePkgContextInfo... after 81 ms 
[2026-06-20T02:35:13.700] [DEBUG] debug-file - Executing task :entry:default@ProcessProfile
[2026-06-20T02:35:13.702] [DEBUG] debug-file - Task 'entry:default@ProcessProfile' cost while wrapping incremental declarations: 1 ms 
[2026-06-20T02:35:13.706] [DEBUG] debug-file - [
  'D:\\DevEco Studio\\tools\\node\\node.exe',
  'D:\\DevEco Studio\\sdk\\default\\openharmony\\ets\\build-tools\\ets-loader\\bin\\ark\\ts2abc.js',
  '--target-api-version',
  '22'
]
[2026-06-20T02:35:14.421] [DEBUG] debug-file - 13.0.1.0
[2026-06-20T02:35:14.426] [DEBUG] debug-file - No need to add fake ui ability because of not in preview process.
[2026-06-20T02:35:14.428] [DEBUG] debug-file - entry : default@ProcessProfile cost memory 1.9210433959960938
[2026-06-20T02:35:14.429] [DEBUG] debug-file - runTaskFromQueue task cost before running: 56 s 841 ms 
[2026-06-20T02:35:14.430] [INFO] debug-file - Finished :entry:default@ProcessProfile... after 728 ms 
[2026-06-20T02:35:14.433] [DEBUG] debug-file - Executing task :entry:default@ProcessRouterMap
[2026-06-20T02:35:14.445] [DEBUG] debug-file - entry : default@ProcessRouterMap cost memory 0.15117645263671875
[2026-06-20T02:35:14.446] [DEBUG] debug-file - runTaskFromQueue task cost before running: 56 s 858 ms 
[2026-06-20T02:35:14.448] [INFO] debug-file - Finished :entry:default@ProcessRouterMap... after 13 ms 
[2026-06-20T02:35:14.453] [DEBUG] debug-file - Executing task :entry:default@ProcessShareConfig
[2026-06-20T02:35:14.458] [DEBUG] debug-file - entry : default@ProcessShareConfig cost memory 0.09332275390625
[2026-06-20T02:35:14.458] [DEBUG] debug-file - runTaskFromQueue task cost before running: 56 s 871 ms 
[2026-06-20T02:35:14.460] [INFO] debug-file - Finished :entry:default@ProcessShareConfig... after 6 ms 
[2026-06-20T02:35:14.463] [DEBUG] debug-file - Executing task :entry:default@ProcessStartupConfig
[2026-06-20T02:35:14.465] [DEBUG] debug-file - Task 'entry:default@ProcessStartupConfig' cost while wrapping incremental declarations: 1 ms 
[2026-06-20T02:35:14.468] [DEBUG] debug-file - entry : default@ProcessStartupConfig cost memory 0.1252593994140625
[2026-06-20T02:35:14.468] [DEBUG] debug-file - runTaskFromQueue task cost before running: 56 s 880 ms 
[2026-06-20T02:35:14.469] [INFO] debug-file - Finished :entry:default@ProcessStartupConfig... after 5 ms 
[2026-06-20T02:35:14.471] [DEBUG] debug-file - restool module names: entry; moduleName=entry, taskName=default@ProcessResource
[2026-06-20T02:35:14.487] [DEBUG] debug-file - Executing task :entry:default@ProcessResource
[2026-06-20T02:35:14.488] [DEBUG] debug-file - Task 'entry:default@ProcessResource' cost while wrapping incremental declarations: 1 ms 
[2026-06-20T02:35:14.493] [DEBUG] debug-file - entry : default@ProcessResource cost memory 0.38233184814453125
[2026-06-20T02:35:14.495] [DEBUG] debug-file - runTaskFromQueue task cost before running: 56 s 907 ms 
[2026-06-20T02:35:14.498] [INFO] debug-file - Finished :entry:default@ProcessResource... after 20 ms 
[2026-06-20T02:35:14.503] [DEBUG] debug-file - Executing task :entry:default@GenerateLoaderJson
[2026-06-20T02:35:14.505] [DEBUG] debug-file - Task 'entry:default@GenerateLoaderJson' cost while wrapping incremental declarations: 1 ms 
[2026-06-20T02:35:14.525] [DEBUG] debug-file - entry : default@GenerateLoaderJson cost memory 0.6008529663085938
[2026-06-20T02:35:14.525] [DEBUG] debug-file - runTaskFromQueue task cost before running: 56 s 937 ms 
[2026-06-20T02:35:14.533] [INFO] debug-file - Finished :entry:default@GenerateLoaderJson... after 23 ms 
[2026-06-20T02:35:14.535] [DEBUG] debug-file - restool module names: entry; moduleName=entry, taskName=default@CompileResource
[2026-06-20T02:35:14.536] [DEBUG] debug-file - Executing task :entry:default@CompileResource
[2026-06-20T02:35:14.547] [DEBUG] debug-file - Use tool [D:\DevEco Studio\sdk\default\openharmony\toolchains\restool.exe]
 [
  'D:\\DevEco Studio\\sdk\\default\\openharmony\\toolchains\\restool.exe',
  '-l',
  'D:\\USTC\\CG\\Final\\BubbleRender\\refraction\\entry\\build\\default\\intermediates\\res\\default\\resConfig.json'
]
[2026-06-20T02:35:14.551] [DEBUG] debug-file - current process  memoryUsage: {
  rss: 180363264,
  heapTotal: 158543872,
  heapUsed: 116896400,
  external: 3146200,
  arrayBuffers: 115487
} os memoryUsage :14.03628921508789
[2026-06-20T02:35:14.839] [DEBUG] debug-file - Info: Pack: normal pack mode

[2026-06-20T02:35:15.593] [DEBUG] debug-file - Info: hardware concurrency count is : 18
Info: thread count is : 18

[2026-06-20T02:35:15.594] [DEBUG] debug-file - Info: thread pool is started

[2026-06-20T02:35:15.606] [DEBUG] debug-file - Info: GenericCompiler::CompileFiles

[2026-06-20T02:35:15.662] [DEBUG] debug-file - Info: GenericCompiler::CompileFiles
Warning: 'D:\USTC\CG\Final\BubbleRender\refraction\entry\src\main\resources\base\media\background.png' is defined repeatedly.

[2026-06-20T02:35:15.662] [DEBUG] debug-file - Warning: 'D:\USTC\CG\Final\BubbleRender\refraction\entry\src\main\resources\base\media\foreground.png' is defined repeatedly.
Warning: 'D:\USTC\CG\Final\BubbleRender\refraction\entry\src\main\resources\base\media\layered_image.json' is defined repeatedly.

[2026-06-20T02:35:15.663] [DEBUG] debug-file - Info: GenericCompiler::CompileFiles

[2026-06-20T02:35:15.685] [DEBUG] debug-file - 06-20 02:35:15.684  3820 32916 E C01400/ImageTranscoderUtils: DecodeToRGBA IN

[2026-06-20T02:35:15.685] [DEBUG] debug-file - 06-20 02:35:15.684  3820 32916 E C01400/ImageTranscoderUtils: ImageFilter IN D:\USTC\CG\Final\BubbleRender\refraction\AppScope\resources\base\media\background.png

[2026-06-20T02:35:15.734] [DEBUG] debug-file - 06-20 02:35:15.734  3820 32916 E C01400/ImageTranscoderUtils: DecodeToRGBA IN
06-20 02:35:15.734  3820 32916 E C01400/ImageTranscoderUtils: ImageFilter IN D:\USTC\CG\Final\BubbleRender\refraction\AppScope\resources\base\media\foreground.png

[2026-06-20T02:35:15.777] [DEBUG] debug-file - Info: can't scale media json file.

[2026-06-20T02:35:15.779] [DEBUG] debug-file - Warning: The width or height of the png file referenced by the icon exceeds the limit (41 pixels)
at D:\USTC\CG\Final\BubbleRender\refraction\AppScope\resources\base\media\background.png
Warning: The width or height of the png file referenced by the icon exceeds the limit (41 pixels)
at D:\USTC\CG\Final\BubbleRender\refraction\AppScope\resources\base\media\foreground.png
Warning: D:\USTC\CG\Final\BubbleRender\refraction\AppScope\resources\base\media\layered_image.json is not png format

[2026-06-20T02:35:15.790] [DEBUG] debug-file - Info: restool resources compile success.

[2026-06-20T02:35:15.791] [DEBUG] debug-file - Info: thread pool is stopped

[2026-06-20T02:35:15.872] [DEBUG] debug-file - entry : default@CompileResource cost memory 0.6221466064453125
[2026-06-20T02:35:15.873] [DEBUG] debug-file - runTaskFromQueue task cost before running: 58 s 285 ms 
[2026-06-20T02:35:15.875] [INFO] debug-file - Finished :entry:default@CompileResource... after 1 s 337 ms 
[2026-06-20T02:35:15.878] [DEBUG] debug-file - Executing task :entry:default@CompileArkTS
[2026-06-20T02:35:15.881] [DEBUG] debug-file - obfuscationOptions: undefined
[2026-06-20T02:35:15.888] [DEBUG] debug-file - Task 'entry:default@CompileArkTS' cost while wrapping incremental declarations: 1 ms 
[2026-06-20T02:35:15.930] [DEBUG] debug-file - build config:
[2026-06-20T02:35:15.931] [DEBUG] debug-file - {
  moduleType: 'entry',
  perf: 0,
  targetName: '.default',
  packageManagerType: 'ohpm',
  localPropertiesPath: 'D:\\USTC\\CG\\Final\\BubbleRender\\refraction\\local.properties',
  isPreview: false,
  isOhosTest: false,
  isLocalTest: false,
  buildMode: 'Debug',
  hotReloadBuild: undefined,
  watchMode: 'false',
  aceProfilePath: 'D:\\USTC\\CG\\Final\\BubbleRender\\refraction\\entry\\build\\default\\intermediates\\res\\default\\resources\\base\\profile',
  etsLoaderPath: 'D:\\DevEco Studio\\sdk\\default\\openharmony\\ets\\build-tools\\ets-loader',
  modulePath: 'D:\\USTC\\CG\\Final\\BubbleRender\\refraction\\entry',
  testFrameworkPar: {
    testMode: undefined,
    coveragePathFilter: undefined,
    coverageMode: undefined
  },
  needCoverageInsert: false,
  debugLine: false,
  projectTopDir: 'D:\\USTC\\CG\\Final\\BubbleRender\\refraction',
  compileSdkVersion: 22,
  compatibleSdkVersion: 22,
  originCompatibleSdkVersion: '6.0.2(22)',
  compatibleSdkVersionStage: undefined,
  bundleName: 'c***l',
  etsLoaderVersion: '6.0.2.130',
  etsLoaderReleaseType: 'Release',
  aotCompileMode: 'type',
  apPath: 'D:\\USTC\\CG\\Final\\BubbleRender\\refraction\\entry\\modules.ap',
  entryModuleName: 'entry',
  entryModuleVersion: '1.0.0',
  entryPackageName: 'entry',
  allModuleNameHash: '085e2c581c30401124b8ec979c71fc722b61ca421fa44c4ee48b365edd09ea84',
  externalApiPaths: [ 'D:\\DevEco Studio\\sdk\\default\\hms\\ets' ],
  compilerTypes: [],
  isCrossplatform: false,
  hvigorPluginFile: undefined,
  compilePluginPath: undefined,
  buildGeneratedProfilePath: 'D:\\USTC\\CG\\Final\\BubbleRender\\refraction\\entry\\build\\default\\generated\\profile\\default',
  bundleType: 'app',
  arkTSVersion: undefined,
  apiVersion: 22,
  needCompleteSourcesMap: false,
  isFaMode: false,
  buildDir: 'D:\\USTC\\CG\\Final\\BubbleRender\\refraction\\entry\\build',
  deviceTypes: [ 'phone' ],
  pkgContextInfo: {
    'libentry.so': {
      packageName: 'libentry.so',
      bundleName: '*****',
      moduleName: '',
      version: '',
      entryPath: 'Index',
      isSO: true,
      dependencyAlias: ''
    },
    '@ohos/hypium': {
      packageName: '@ohos/hypium',
      bundleName: '*****',
      moduleName: '',
      version: '1.0.25',
      entryPath: 'index.js',
      isSO: false,
      dependencyAlias: ''
    },
    '@ohos/hamock': {
      packageName: '@ohos/hamock',
      bundleName: '*****',
      moduleName: '',
      version: '1.0.0',
      entryPath: 'index.ets',
      isSO: false,
      dependencyAlias: ''
    },
    entry: {
      packageName: 'entry',
      bundleName: '*****',
      moduleName: '',
      version: '',
      entryPath: 'src/main/',
      isSO: false,
      dependencyAlias: ''
    }
  },
  ohPackagePathMap: {},
  dependencyAliasMap: {},
  permission: { requestPermissions: undefined, definePermissions: undefined },
  useGetCurrentBundleName: false,
  projectArkOption: undefined,
  sourceMapDir: undefined,
  branchElimination: false,
  transformLib: undefined,
  tsImportSendable: false,
  resolveConflictMode: true,
  depName2RootPath: {},
  depName2DepInfo: {},
  rootPathSet: [ 'D:\\USTC\\CG\\Final\\BubbleRender\\refraction' ],
  useNativeResolver: true,
  shouldEmitJs: true,
  useTscResolve: false,
  singleFileEmit: false,
  userProjectConfig: {
    autoLazyImport: false,
    allowEmptyBundleName: false,
    reExportCheckMode: 'noCheck',
    executionMode: 'memory',
    usePathPlaceholder: false,
    writeRollupCache: true,
    isExpandImportEnabled: false,
    expandImportExclude: '',
    lazyImportExclude: '',
    lazyImportInclude: '',
    ignoreCrossplatformCheck: false,
    isHarDeduplicateEnabled: false,
    skipOhModulesLint: false,
    enableStrictCheckOHModule: false,
    disableSendableCheckRules: [],
    useDeclarationFileSignature: false,
    customizedOptions: undefined,
    integratedHsp: false,
    isPreloadSoEnabled: false
  },
  executionMode: 'memory',
  arkCompileCachePath: 'D:\\USTC\\CG\\Final\\BubbleRender\\refraction\\entry\\build\\default\\cache\\default\\default@CompileArkTS\\esmodule',
  autoLazyFilter: undefined,
  isHarDeduplicateEnabled: false,
  intermediateHarDuplicateDirPath: 'D:\\USTC\\CG\\Final\\BubbleRender\\refraction\\entry\\build\\default\\intermediates\\har_duplicate\\default',
  autoLazyImport: false,
  allowEmptyBundleName: false,
  reExportCheckMode: 'noCheck',
  usePathPlaceholder: false,
  writeRollupCache: true,
  isExpandImportEnabled: false,
  expandImportExclude: '',
  lazyImportExclude: '',
  lazyImportInclude: '',
  ignoreCrossplatformCheck: false,
  skipOhModulesLint: false,
  enableStrictCheckOHModule: false,
  disableSendableCheckRules: [],
  useDeclarationFileSignature: false,
  customizedOptions: undefined,
  integratedHsp: false,
  isPreloadSoEnabled: false,
  strictMode: {
    caseSensitiveCheck: true,
    useNormalizedOHMUrl: true,
    noExternalImportByPath: true
  },
  useNormalizedOHMUrl: true,
  caseSensitiveCheck: true,
  aceModuleJsonPath: 'D:\\USTC\\CG\\Final\\BubbleRender\\refraction\\entry\\build\\default\\intermediates\\res\\default\\ark_module.json',
  appResource: 'D:\\USTC\\CG\\Final\\BubbleRender\\refraction\\entry\\build\\default\\intermediates\\res\\default\\ResourceTable.txt',
  rawFileResource: 'D:\\USTC\\CG\\Final\\BubbleRender\\refraction\\entry\\build\\default\\intermediates\\res\\default\\resources\\rawfile',
  resourceTableHash: 'd81a83941c07883d4327563ba2cfe0ac7f68042912820a1577b99d29cbd144cc',
  runtimeOS: 'HarmonyOS',
  sdkInfo: 'false:22:6.0.2.130:Release',
  aceModuleRoot: 'D:\\USTC\\CG\\Final\\BubbleRender\\refraction\\entry\\src\\main\\ets',
  compileMode: 'esmodule',
  aceSuperVisualPath: 'D:\\USTC\\CG\\Final\\BubbleRender\\refraction\\entry\\src\\main\\supervisual',
  aceBuildJson: 'D:\\USTC\\CG\\Final\\BubbleRender\\refraction\\entry\\build\\default\\intermediates\\loader\\default\\loader.json',
  cachePath: 'D:\\USTC\\CG\\Final\\BubbleRender\\refraction\\entry\\build\\default\\cache\\default\\default@CompileArkTS\\esmodule\\debug',
  aceModuleBuild: 'D:\\USTC\\CG\\Final\\BubbleRender\\refraction\\entry\\build\\default\\intermediates\\loader_out\\default\\ets',
  supportChunks: true,
  declaredFilesPath: undefined,
  shouldCollectDirectImportees: false,
  isByteCodeHarOptimize: false,
  expandImportPath: undefined,
  pkgNameToPkgBriefInfo: {
    entry: {
      pkgRoot: 'D:\\USTC\\CG\\Final\\BubbleRender\\refraction\\entry',
      originalSourceRoots: undefined,
      sourceRoots: [Array],
      pkgName: 'entry'
    }
  },
  projectModel: {
    'D:\\USTC\\CG\\Final\\BubbleRender\\refraction\\entry\\src\\main': {
      moduleName: 'entry',
      modulePkgPath: 'D:\\USTC\\CG\\Final\\BubbleRender\\refraction\\entry',
      belongProjectPath: 'D:\\USTC\\CG\\Final\\BubbleRender\\refraction'
    },
    'D:\\USTC\\CG\\Final\\BubbleRender\\refraction\\entry\\.test\\default\\intermediates\\src\\ohosTest\\ets': {
      moduleName: 'entry',
      modulePkgPath: 'D:\\USTC\\CG\\Final\\BubbleRender\\refraction\\entry',
      belongProjectPath: 'D:\\USTC\\CG\\Final\\BubbleRender\\refraction'
    },
    'D:\\USTC\\CG\\Final\\BubbleRender\\refraction\\entry\\src\\ohosTest': {
      moduleName: 'entry',
      modulePkgPath: 'D:\\USTC\\CG\\Final\\BubbleRender\\refraction\\entry',
      belongProjectPath: 'D:\\USTC\\CG\\Final\\BubbleRender\\refraction'
    },
    'D:\\USTC\\CG\\Final\\BubbleRender\\refraction\\entry': {
      moduleName: 'entry',
      modulePkgPath: 'D:\\USTC\\CG\\Final\\BubbleRender\\refraction\\entry',
      belongProjectPath: 'D:\\USTC\\CG\\Final\\BubbleRender\\refraction'
    },
    'D:\\USTC\\CG\\Final\\BubbleRender\\refraction': {
      moduleName: 'refraction',
      modulePkgPath: 'D:\\USTC\\CG\\Final\\BubbleRender\\refraction',
      belongProjectPath: 'D:\\USTC\\CG\\Final\\BubbleRender\\refraction'
    }
  },
  pkgJsonFileHash: 'fab53bed9f061f61907f8933cca57fd06f2fb5ac59222be8ab0e359412dd9872',
  allModulePaths: [ 'D:\\USTC\\CG\\Final\\BubbleRender\\refraction\\entry' ],
  routerMap: {},
  obfuscationOptions: undefined,
  byteCodeHarToDependencyKeys: undefined,
  compileBlockPkg: [],
  mockParams: {
    decorator: '@MockSetup',
    packageName: '@ohos/hamock',
    etsSourceRootPath: 'src/main/ets',
    mockConfigPath: undefined,
    mockConfigKey2ModuleInfo: {},
    source2ModuleIdMap: {}
  },
  copyCodeResourceEnable: false,
  copyCodeResourceExcludes: [],
  copyCodeResourceIncludes: undefined,
  uiTransformOptimization: false,
  sdkPath: 'D:/DevEco Studio/sdk',
  needPreloadSoFileSet: {},
  preloadSoFilePath: 'D:\\USTC\\CG\\Final\\BubbleRender\\refraction\\entry\\build\\default\\intermediates\\preload\\default\\preload.json',
  useSourceHash: false,
  localModuleParamMap: {},
  otherPaths: {
    'entry/*': [
      '..\\*',
      '..\\..\\..\\build\\default\\generated\\profile\\default\\*'
    ]
  },
  collectImportersConfig: undefined
}
[2026-06-20T02:35:15.932] [DEBUG] debug-file - Compile arkts with external api path: D:\DevEco Studio\sdk\default\hms\ets
[2026-06-20T02:35:15.935] [DEBUG] debug-file - default@CompileArkTS work[2] is submitted.
[2026-06-20T02:35:15.936] [DEBUG] debug-file - default@CompileArkTS work[2] is pushed to ready queue.
[2026-06-20T02:35:15.936] [DEBUG] debug-file - A work dispatched to worker[17] failed because unable to get work from ready queue.
[2026-06-20T02:35:15.936] [DEBUG] debug-file - A work dispatched to worker[16] failed because of worker busy.
[2026-06-20T02:35:15.936] [DEBUG] debug-file - A work dispatched to worker[15] failed because of worker busy.
[2026-06-20T02:35:15.936] [DEBUG] debug-file - A work dispatched to worker[14] failed because unable to get work from ready queue.
[2026-06-20T02:35:15.936] [DEBUG] debug-file - A work dispatched to worker[13] failed because unable to get work from ready queue.
[2026-06-20T02:35:15.937] [DEBUG] debug-file - A work dispatched to worker[12] failed because unable to get work from ready queue.
[2026-06-20T02:35:15.937] [DEBUG] debug-file - A work dispatched to worker[11] failed because unable to get work from ready queue.
[2026-06-20T02:35:15.937] [DEBUG] debug-file - A work dispatched to worker[10] failed because unable to get work from ready queue.
[2026-06-20T02:35:15.937] [DEBUG] debug-file - A work dispatched to worker[9] failed because unable to get work from ready queue.
[2026-06-20T02:35:15.937] [DEBUG] debug-file - A work dispatched to worker[8] failed because unable to get work from ready queue.
[2026-06-20T02:35:15.937] [DEBUG] debug-file - A work dispatched to worker[7] failed because unable to get work from ready queue.
[2026-06-20T02:35:15.937] [DEBUG] debug-file - A work dispatched to worker[6] failed because unable to get work from ready queue.
[2026-06-20T02:35:15.937] [DEBUG] debug-file - A work dispatched to worker[5] failed because unable to get work from ready queue.
[2026-06-20T02:35:15.938] [DEBUG] debug-file - Create  resident worker with id: 4.
[2026-06-20T02:35:15.939] [DEBUG] debug-file - default@CompileArkTS work[2] has been dispatched to worker[4].
[2026-06-20T02:35:15.939] [DEBUG] debug-file - default@CompileArkTS work[2] is dispatched.
[2026-06-20T02:35:15.940] [DEBUG] debug-file - entry : default@CompileArkTS cost memory 1.6336212158203125
[2026-06-20T02:35:15.943] [DEBUG] debug-file - Executing task :entry:default@BuildJS
[2026-06-20T02:35:15.943] [DEBUG] debug-file - Task 'entry:default@BuildJS' cost while wrapping incremental declarations: 1 ms 
[2026-06-20T02:35:15.948] [DEBUG] debug-file - entry : default@BuildJS cost memory 0.174835205078125
[2026-06-20T02:35:15.949] [DEBUG] debug-file - runTaskFromQueue task cost before running: 58 s 361 ms 
[2026-06-20T02:35:15.949] [INFO] debug-file - Finished :entry:default@BuildJS... after 6 ms 
[2026-06-20T02:35:20.684] [DEBUG] debug-file - ninja: Entering directory `D:\USTC\CG\Final\BubbleRender\refraction\entry\.cxx\default\default\debug\arm64-v8a'
[1/6] Building CXX object CMakeFiles/entry.dir/render/camera.cpp.o

[2026-06-20T02:35:20.693] [DEBUG] debug-file - ninja: Entering directory `D:\USTC\CG\Final\BubbleRender\refraction\entry\.cxx\default\default\debug\x86_64'
[1/6] Building CXX object CMakeFiles/entry.dir/render/camera.cpp.o

[2026-06-20T02:35:26.728] [DEBUG] debug-file - clang++: warning: argument unused during compilation: '--gcc-toolchain=D:/DevEco Studio/sdk/default/hms/native/BiSheng' [-Wunused-command-line-argument]
[2/6] Building CXX object CMakeFiles/entry.dir/render/shader.cpp.o

[2026-06-20T02:35:26.747] [DEBUG] debug-file - clang++: warning: argument unused during compilation: '--gcc-toolchain=D:/DevEco Studio/sdk/default/hms/native/BiSheng' [-Wunused-command-line-argument]
[2/6] Building CXX object CMakeFiles/entry.dir/render/shader.cpp.o

[2026-06-20T02:35:29.096] [DEBUG] debug-file - clang++: warning: argument unused during compilation: '--gcc-toolchain=D:/DevEco Studio/sdk/default/hms/native/BiSheng' [-Wunused-command-line-argument]
[3/6] Building CXX object CMakeFiles/entry.dir/simulation/vortex_sheet.cpp.o
FAILED: CMakeFiles/entry.dir/simulation/vortex_sheet.cpp.o 
"D:\DevEco Studio\sdk\default\hms\native\BiSheng\bin\clang++.exe" --target=aarch64-linux-ohos --gcc-toolchain="D:/DevEco Studio/sdk/default/hms/native/BiSheng" --sysroot="D:/DevEco Studio/sdk/default/openharmony/native/sysroot" -Dentry_EXPORTS -I"D:/DevEco Studio/sdk/default/hms/native/sysroot/usr/include" -ID:/USTC/CG/Final/BubbleRender/refraction/entry/src/main/cpp -ID:/USTC/CG/Final/BubbleRender/refraction/entry/src/main/cpp/include -ID:/USTC/CG/Final/BubbleRender/refraction/entry/src/main/cpp/thirdParty -ID:/USTC/CG/Final/BubbleRender/refraction/entry/src/main/cpp/thirdParty/assimp -fdata-sections -ffunction-sections -funwind-tables -fstack-protector-strong -no-canonical-prefixes -fno-addrsig -Wa,--noexecstack -Wformat -Werror=format-security   -D__MUSL__ -O0 -g -fno-limit-debug-info  -fPIC -MD -MT CMakeFiles/entry.dir/simulation/vortex_sheet.cpp.o -MF CMakeFiles\entry.dir\simulation\vortex_sheet.cpp.o.d -o CMakeFiles/entry.dir/simulation/vortex_sheet.cpp.o -c D:/USTC/CG/Final/BubbleRender/refraction/entry/src/main/cpp/simulation/vortex_sheet.cpp
clang++: warning: argument unused during compilation: '--gcc-toolchain=D:/DevEco Studio/sdk/default/hms/native/BiSheng' [-Wunused-command-line-argument]
D:/USTC/CG/Final/BubbleRender/refraction/entry/src/main/cpp/simulation/vortex_sheet.cpp:17:24: error: constexpr variable 'kPi' must be initialized by a constant expression
static constexpr float kPi      = glm::pi<float>();
                       ^          ~~~~~~~~~~~~~~~~
D:/USTC/CG/Final/BubbleRender/refraction/entry/src/main/cpp/simulation/vortex_sheet.cpp:17:35: note: non-constexpr function 'pi<float>' cannot be used in a constant expression
static constexpr float kPi      = glm::pi<float>();
                                  ^
D:/USTC/CG/Final/BubbleRender/refraction/entry/src/main/cpp/thirdParty/glm/gtc/constants.inl:56:29: note: declared here
        GLM_FUNC_QUALIFIER genType pi()
                                   ^
D:/USTC/CG/Final/BubbleRender/refraction/entry/src/main/cpp/simulation/vortex_sheet.cpp:18:24: error: constexpr variable 'kFourPi' must be initialized by a constant expression
static constexpr float kFourPi  = 4.0f * kPi;
                       ^          ~~~~~~~~~~
D:/USTC/CG/Final/BubbleRender/refraction/entry/src/main/cpp/simulation/vortex_sheet.cpp:18:42: note: initializer of 'kPi' is not a constant expression
static constexpr float kFourPi  = 4.0f * kPi;
                                         ^
D:/USTC/CG/Final/BubbleRender/refraction/entry/src/main/cpp/simulation/vortex_sheet.cpp:17:24: note: declared here
static constexpr float kPi      = glm::pi<float>();
                       ^
D:/USTC/CG/Final/BubbleRender/refraction/entry/src/main/cpp/simulation/vortex_sheet.cpp:336:22: warning: decomposition declarations are a C++17 extension [-Wc++17-extensions]
    for (const auto& [key, faceList] : edgeFaces) {
                     ^~~~~~~~~~~~~~~
1 warning and 2 errors generated.
[4/6] Building CXX object CMakeFiles/entry.dir/napi_init.cpp.o

[2026-06-20T02:35:30.292] [DEBUG] debug-file - clang++: warning: argument unused during compilation: '--gcc-toolchain=D:/DevEco Studio/sdk/default/hms/native/BiSheng' [-Wunused-command-line-argument]
[3/6] Building CXX object CMakeFiles/entry.dir/simulation/vortex_sheet.cpp.o
FAILED: CMakeFiles/entry.dir/simulation/vortex_sheet.cpp.o 
"D:\DevEco Studio\sdk\default\hms\native\BiSheng\bin\clang++.exe" --target=x86_64-linux-ohos --gcc-toolchain="D:/DevEco Studio/sdk/default/hms/native/BiSheng" --sysroot="D:/DevEco Studio/sdk/default/openharmony/native/sysroot" -Dentry_EXPORTS -I"D:/DevEco Studio/sdk/default/hms/native/sysroot/usr/include" -ID:/USTC/CG/Final/BubbleRender/refraction/entry/src/main/cpp -ID:/USTC/CG/Final/BubbleRender/refraction/entry/src/main/cpp/include -ID:/USTC/CG/Final/BubbleRender/refraction/entry/src/main/cpp/thirdParty -ID:/USTC/CG/Final/BubbleRender/refraction/entry/src/main/cpp/thirdParty/assimp -fdata-sections -ffunction-sections -funwind-tables -fstack-protector-strong -no-canonical-prefixes -fno-addrsig -Wa,--noexecstack -Wformat -Werror=format-security   -D__MUSL__ -O0 -g -fno-limit-debug-info  -fPIC -MD -MT CMakeFiles/entry.dir/simulation/vortex_sheet.cpp.o -MF CMakeFiles\entry.dir\simulation\vortex_sheet.cpp.o.d -o CMakeFiles/entry.dir/simulation/vortex_sheet.cpp.o -c D:/USTC/CG/Final/BubbleRender/refraction/entry/src/main/cpp/simulation/vortex_sheet.cpp
clang++: warning: argument unused during compilation: '--gcc-toolchain=D:/DevEco Studio/sdk/default/hms/native/BiSheng' [-Wunused-command-line-argument]
D:/USTC/CG/Final/BubbleRender/refraction/entry/src/main/cpp/simulation/vortex_sheet.cpp:17:24: error: constexpr variable 'kPi' must be initialized by a constant expression
static constexpr float kPi      = glm::pi<float>();
                       ^          ~~~~~~~~~~~~~~~~
D:/USTC/CG/Final/BubbleRender/refraction/entry/src/main/cpp/simulation/vortex_sheet.cpp:17:35: note: non-constexpr function 'pi<float>' cannot be used in a constant expression
static constexpr float kPi      = glm::pi<float>();
                                  ^
D:/USTC/CG/Final/BubbleRender/refraction/entry/src/main/cpp/thirdParty/glm/gtc/constants.inl:56:29: note: declared here
        GLM_FUNC_QUALIFIER genType pi()
                                   ^
D:/USTC/CG/Final/BubbleRender/refraction/entry/src/main/cpp/simulation/vortex_sheet.cpp:18:24: error: constexpr variable 'kFourPi' must be initialized by a constant expression
static constexpr float kFourPi  = 4.0f * kPi;
                       ^          ~~~~~~~~~~
D:/USTC/CG/Final/BubbleRender/refraction/entry/src/main/cpp/simulation/vortex_sheet.cpp:18:42: note: initializer of 'kPi' is not a constant expression
static constexpr float kFourPi  = 4.0f * kPi;
                                         ^
D:/USTC/CG/Final/BubbleRender/refraction/entry/src/main/cpp/simulation/vortex_sheet.cpp:17:24: note: declared here
static constexpr float kPi      = glm::pi<float>();
                       ^
D:/USTC/CG/Final/BubbleRender/refraction/entry/src/main/cpp/simulation/vortex_sheet.cpp:336:22: warning: decomposition declarations are a C++17 extension [-Wc++17-extensions]
    for (const auto& [key, faceList] : edgeFaces) {
                     ^~~~~~~~~~~~~~~
1 warning and 2 errors generated.
[4/6] Building CXX object CMakeFiles/entry.dir/napi_init.cpp.o
FAILED: CMakeFiles/entry.dir/napi_init.cpp.o 
"D:\DevEco Studio\sdk\default\hms\native\BiSheng\bin\clang++.exe" --target=x86_64-linux-ohos --gcc-toolchain="D:/DevEco Studio/sdk/default/hms/native/BiSheng" --sysroot="D:/DevEco Studio/sdk/default/openharmony/native/sysroot" -Dentry_EXPORTS -I"D:/DevEco Studio/sdk/default/hms/native/sysroot/usr/include" -ID:/USTC/CG/Final/BubbleRender/refraction/entry/src/main/cpp -ID:/USTC/CG/Final/BubbleRender/refraction/entry/src/main/cpp/include -ID:/USTC/CG/Final/BubbleRender/refraction/entry/src/main/cpp/thirdParty -ID:/USTC/CG/Final/BubbleRender/refraction/entry/src/main/cpp/thirdParty/assimp -fdata-sections -ffunction-sections -funwind-tables -fstack-protector-strong -no-canonical-prefixes -fno-addrsig -Wa,--noexecstack -Wformat -Werror=format-security   -D__MUSL__ -O0 -g -fno-limit-debug-info  -fPIC -MD -MT CMakeFiles/entry.dir/napi_init.cpp.o -MF CMakeFiles\entry.dir\napi_init.cpp.o.d -o CMakeFiles/entry.dir/napi_init.cpp.o -c D:/USTC/CG/Final/BubbleRender/refraction/entry/src/main/cpp/napi_init.cpp
clang++: warning: argument unused during compilation: '--gcc-toolchain=D:/DevEco Studio/sdk/default/hms/native/BiSheng' [-Wunused-command-line-argument]
D:/USTC/CG/Final/BubbleRender/refraction/entry/src/main/cpp/napi_init.cpp:205:55: error: use of undeclared identifier 'GL_CLAMP_TO_BORDER'
    glTexParameteri(GL_TEXTURE_2D, GL_TEXTURE_WRAP_S, GL_CLAMP_TO_BORDER);
                                                      ^
D:/USTC/CG/Final/BubbleRender/refraction/entry/src/main/cpp/napi_init.cpp:206:55: error: use of undeclared identifier 'GL_CLAMP_TO_BORDER'
    glTexParameteri(GL_TEXTURE_2D, GL_TEXTURE_WRAP_T, GL_CLAMP_TO_BORDER);
                                                      ^
D:/USTC/CG/Final/BubbleRender/refraction/entry/src/main/cpp/napi_init.cpp:207:37: error: use of undeclared identifier 'GL_TEXTURE_BORDER_COLOR'
    glTexParameterfv(GL_TEXTURE_2D, GL_TEXTURE_BORDER_COLOR, borderColor);
                                    ^
D:/USTC/CG/Final/BubbleRender/refraction/entry/src/main/cpp/napi_init.cpp:221:55: error: use of undeclared identifier 'GL_CLAMP_TO_BORDER'
    glTexParameteri(GL_TEXTURE_2D, GL_TEXTURE_WRAP_S, GL_CLAMP_TO_BORDER);
                                                      ^
D:/USTC/CG/Final/BubbleRender/refraction/entry/src/main/cpp/napi_init.cpp:222:55: error: use of undeclared identifier 'GL_CLAMP_TO_BORDER'
    glTexParameteri(GL_TEXTURE_2D, GL_TEXTURE_WRAP_T, GL_CLAMP_TO_BORDER);
                                                      ^
D:/USTC/CG/Final/BubbleRender/refraction/entry/src/main/cpp/napi_init.cpp:223:37: error: use of undeclared identifier 'GL_TEXTURE_BORDER_COLOR'
    glTexParameterfv(GL_TEXTURE_2D, GL_TEXTURE_BORDER_COLOR, borderColor);
                                    ^
D:/USTC/CG/Final/BubbleRender/refraction/entry/src/main/cpp/napi_init.cpp:658:28: warning: expression result unused [-Wunused-value]
    delete g_RefractModel, g_SkyboxModel;
                           ^~~~~~~~~~~~~
1 warning and 6 errors generated.
[5/6] Building CXX object CMakeFiles/entry.dir/render/model.cpp.o

[2026-06-20T02:35:30.293] [DEBUG] debug-file - clang++: warning: argument unused during compilation: '--gcc-toolchain=D:/DevEco Studio/sdk/default/hms/native/BiSheng' [-Wunused-command-line-argument]
ninja: build stopped: subcommand failed.

[2026-06-20T02:35:30.807] [DEBUG] debug-file - FAILED: CMakeFiles/entry.dir/napi_init.cpp.o 
"D:\DevEco Studio\sdk\default\hms\native\BiSheng\bin\clang++.exe" --target=aarch64-linux-ohos --gcc-toolchain="D:/DevEco Studio/sdk/default/hms/native/BiSheng" --sysroot="D:/DevEco Studio/sdk/default/openharmony/native/sysroot" -Dentry_EXPORTS -I"D:/DevEco Studio/sdk/default/hms/native/sysroot/usr/include" -ID:/USTC/CG/Final/BubbleRender/refraction/entry/src/main/cpp -ID:/USTC/CG/Final/BubbleRender/refraction/entry/src/main/cpp/include -ID:/USTC/CG/Final/BubbleRender/refraction/entry/src/main/cpp/thirdParty -ID:/USTC/CG/Final/BubbleRender/refraction/entry/src/main/cpp/thirdParty/assimp -fdata-sections -ffunction-sections -funwind-tables -fstack-protector-strong -no-canonical-prefixes -fno-addrsig -Wa,--noexecstack -Wformat -Werror=format-security   -D__MUSL__ -O0 -g -fno-limit-debug-info  -fPIC -MD -MT CMakeFiles/entry.dir/napi_init.cpp.o -MF CMakeFiles\entry.dir\napi_init.cpp.o.d -o CMakeFiles/entry.dir/napi_init.cpp.o -c D:/USTC/CG/Final/BubbleRender/refraction/entry/src/main/cpp/napi_init.cpp
clang++: warning: argument unused during compilation: '--gcc-toolchain=D:/DevEco Studio/sdk/default/hms/native/BiSheng' [-Wunused-command-line-argument]
D:/USTC/CG/Final/BubbleRender/refraction/entry/src/main/cpp/napi_init.cpp:205:55: error: use of undeclared identifier 'GL_CLAMP_TO_BORDER'
    glTexParameteri(GL_TEXTURE_2D, GL_TEXTURE_WRAP_S, GL_CLAMP_TO_BORDER);
                                                      ^
D:/USTC/CG/Final/BubbleRender/refraction/entry/src/main/cpp/napi_init.cpp:206:55: error: use of undeclared identifier 'GL_CLAMP_TO_BORDER'
    glTexParameteri(GL_TEXTURE_2D, GL_TEXTURE_WRAP_T, GL_CLAMP_TO_BORDER);
                                                      ^
D:/USTC/CG/Final/BubbleRender/refraction/entry/src/main/cpp/napi_init.cpp:207:37: error: use of undeclared identifier 'GL_TEXTURE_BORDER_COLOR'
    glTexParameterfv(GL_TEXTURE_2D, GL_TEXTURE_BORDER_COLOR, borderColor);
                                    ^
D:/USTC/CG/Final/BubbleRender/refraction/entry/src/main/cpp/napi_init.cpp:221:55: error: use of undeclared identifier 'GL_CLAMP_TO_BORDER'
    glTexParameteri(GL_TEXTURE_2D, GL_TEXTURE_WRAP_S, GL_CLAMP_TO_BORDER);
                                                      ^
D:/USTC/CG/Final/BubbleRender/refraction/entry/src/main/cpp/napi_init.cpp:222:55: error: use of undeclared identifier 'GL_CLAMP_TO_BORDER'
    glTexParameteri(GL_TEXTURE_2D, GL_TEXTURE_WRAP_T, GL_CLAMP_TO_BORDER);
                                                      ^
D:/USTC/CG/Final/BubbleRender/refraction/entry/src/main/cpp/napi_init.cpp:223:37: error: use of undeclared identifier 'GL_TEXTURE_BORDER_COLOR'
    glTexParameterfv(GL_TEXTURE_2D, GL_TEXTURE_BORDER_COLOR, borderColor);
                                    ^
D:/USTC/CG/Final/BubbleRender/refraction/entry/src/main/cpp/napi_init.cpp:658:28: warning: expression result unused [-Wunused-value]
    delete g_RefractModel, g_SkyboxModel;
                           ^~~~~~~~~~~~~
1 warning and 6 errors generated.
[5/6] Building CXX object CMakeFiles/entry.dir/render/model.cpp.o

[2026-06-20T02:35:30.808] [DEBUG] debug-file - clang++: warning: argument unused during compilation: '--gcc-toolchain=D:/DevEco Studio/sdk/default/hms/native/BiSheng' [-Wunused-command-line-argument]
ninja: build stopped: subcommand failed.

[2026-06-20T02:35:30.976] [DEBUG] debug-file - worker[15] encounters error: Exceptions happened while executing D:\DevEco Studio\sdk\default\openharmony\native\build-tools\cmake\bin\ninja.exe -C D:\USTC\CG\Final\BubbleRender\refraction\entry\.cxx\default\default\debug\x86_64.
[32mninja: Entering directory `D:\USTC\CG\Final\BubbleRender\refraction\entry\.cxx\default\default\debug\x86_64'[32m[39m
[32m[1/6] Building CXX object CMakeFiles/entry.dir/render/camera.cpp.o[32m[39m
[33mclang++: warning: argument unused during compilation: '--gcc-toolchain=D:/DevEco Studio/sdk/default/hms/native/BiSheng' [-Wunused-command-line-argument][33m[39m
[32m[32m[39m
[32m[2/6] Building CXX object CMakeFiles/entry.dir/render/shader.cpp.o[32m[39m
[33mclang++: warning: argument unused during compilation: '--gcc-toolchain=D:/DevEco Studio/sdk/default/hms/native/BiSheng' [-Wunused-command-line-argument][33m[39m
[32m[32m[39m
[32m[3/6] Building CXX object CMakeFiles/entry.dir/simulation/vortex_sheet.cpp.o[32m[39m
[31mFAILED: CMakeFiles/entry.dir/simulation/vortex_sheet.cpp.o [31m[39m
[32m"D:\DevEco Studio\sdk\default\hms\native\BiSheng\bin\clang++.exe" --target=x86_64-linux-ohos --gcc-toolchain="D:/DevEco Studio/sdk/default/hms/native/BiSheng" --sysroot="D:/DevEco Studio/sdk/default/openharmony/native/sysroot" -Dentry_EXPORTS -I"D:/DevEco Studio/sdk/default/hms/native/sysroot/usr/include" -ID:/USTC/CG/Final/BubbleRender/refraction/entry/src/main/cpp -ID:/USTC/CG/Final/BubbleRender/refraction/entry/src/main/cpp/include -ID:/USTC/CG/Final/BubbleRender/refraction/entry/src/main/cpp/thirdParty -ID:/USTC/CG/Final/BubbleRender/refraction/entry/src/main/cpp/thirdParty/assimp -fdata-sections -ffunction-sections -funwind-tables -fstack-protector-strong -no-canonical-prefixes -fno-addrsig -Wa,--noexecstack -Wformat -Werror=format-security   -D__MUSL__ -O0 -g -fno-limit-debug-info  -fPIC -MD -MT CMakeFiles/entry.dir/simulation/vortex_sheet.cpp.o -MF CMakeFiles\entry.dir\simulation\vortex_sheet.cpp.o.d -o CMakeFiles/entry.dir/simulation/vortex_sheet.cpp.o -c D:/USTC/CG/Final/BubbleRender/refraction/entry/src/main/cpp/simulation/vortex_sheet.cpp[32m[39m
[33mclang++: warning: argument unused during compilation: '--gcc-toolchain=D:/DevEco Studio/sdk/default/hms/native/BiSheng' [-Wunused-command-line-argument][33m[39m
[31mD:/USTC/CG/Final/BubbleRender/refraction/entry/src/main/cpp/simulation/vortex_sheet.cpp:17:24: error: constexpr variable 'kPi' must be initialized by a constant expression[31m[39m
[31mstatic constexpr float kPi      = glm::pi<float>();[31m[39m
[31m                       ^          ~~~~~~~~~~~~~~~~[31m[39m
[31mD:/USTC/CG/Final/BubbleRender/refraction/entry/src/main/cpp/simulation/vortex_sheet.cpp:17:35: note: non-constexpr function 'pi<float>' cannot be used in a constant expression[31m[39m
[31mstatic constexpr float kPi      = glm::pi<float>();[31m[39m
[31m                                  ^[31m[39m
[31mD:/USTC/CG/Final/BubbleRender/refraction/entry/src/main/cpp/thirdParty/glm/gtc/constants.inl:56:29: note: declared here[31m[39m
[31m        GLM_FUNC_QUALIFIER genType pi()[31m[39m
[31m                                   ^[31m[39m
[31mD:/USTC/CG/Final/BubbleRender/refraction/entry/src/main/cpp/simulation/vortex_sheet.cpp:18:24: error: constexpr variable 'kFourPi' must be initialized by a constant expression[31m[39m
[31mstatic constexpr float kFourPi  = 4.0f * kPi;[31m[39m
[31m                       ^          ~~~~~~~~~~[31m[39m
[31mD:/USTC/CG/Final/BubbleRender/refraction/entry/src/main/cpp/simulation/vortex_sheet.cpp:18:42: note: initializer of 'kPi' is not a constant expression[31m[39m
[31mstatic constexpr float kFourPi  = 4.0f * kPi;[31m[39m
[31m                                         ^[31m[39m
[31mD:/USTC/CG/Final/BubbleRender/refraction/entry/src/main/cpp/simulation/vortex_sheet.cpp:17:24: note: declared here[31m[39m
[31m[31m[39m
[31mstatic constexpr float kPi      = glm::pi<float>();[31m[39m
[31m[31m[39m
[31m                       ^[31m[39m
[31m[31m[39m
[33mD:/USTC/CG/Final/BubbleRender/refraction/entry/src/main/cpp/simulation/vortex_sheet.cpp:336:22: warning: decomposition declarations are a C++17 extension [-Wc++17-extensions][33m[39m
[33m[33m[39m
[33m    for (const auto& [key, faceList] : edgeFaces) {[33m[39m
[33m[33m[39m
[33m                     ^~~~~~~~~~~~~~~[33m[39m
[33m[33m[39m
[33m1 warning and 2 errors generated.[33m[39m
[32m[32m[39m
[32m[4/6] Building CXX object CMakeFiles/entry.dir/napi_init.cpp.o[32m[39m
[31mFAILED: CMakeFiles/entry.dir/napi_init.cpp.o [31m[39m
[32m"D:\DevEco Studio\sdk\default\hms\native\BiSheng\bin\clang++.exe" --target=x86_64-linux-ohos --gcc-toolchain="D:/DevEco Studio/sdk/default/hms/native/BiSheng" --sysroot="D:/DevEco Studio/sdk/default/openharmony/native/sysroot" -Dentry_EXPORTS -I"D:/DevEco Studio/sdk/default/hms/native/sysroot/usr/include" -ID:/USTC/CG/Final/BubbleRender/refraction/entry/src/main/cpp -ID:/USTC/CG/Final/BubbleRender/refraction/entry/src/main/cpp/include -ID:/USTC/CG/Final/BubbleRender/refraction/entry/src/main/cpp/thirdParty -ID:/USTC/CG/Final/BubbleRender/refraction/entry/src/main/cpp/thirdParty/assimp -fdata-sections -ffunction-sections -funwind-tables -fstack-protector-strong -no-canonical-prefixes -fno-addrsig -Wa,--noexecstack -Wformat -Werror=format-security   -D__MUSL__ -O0 -g -fno-limit-debug-info  -fPIC -MD -MT CMakeFiles/entry.dir/napi_init.cpp.o -MF CMakeFiles\entry.dir\napi_init.cpp.o.d -o CMakeFiles/entry.dir/napi_init.cpp.o -c D:/USTC/CG/Final/BubbleRender/refraction/entry/src/main/cpp/napi_init.cpp[32m[39m
[33mclang++: warning: argument unused during compilation: '--gcc-toolchain=D:/DevEco Studio/sdk/default/hms/native/BiSheng' [-Wunused-command-line-argument][33m[39m
[31mD:/USTC/CG/Final/BubbleRender/refraction/entry/src/main/cpp/napi_init.cpp:205:55: error: use of undeclared identifier 'GL_CLAMP_TO_BORDER'[31m[39m
[31m    glTexParameteri(GL_TEXTURE_2D, GL_TEXTURE_WRAP_S, GL_CLAMP_TO_BORDER);[31m[39m
[31m                                                      ^[31m[39m
[31mD:/USTC/CG/Final/BubbleRender/refraction/entry/src/main/cpp/napi_init.cpp:206:55: error: use of undeclared identifier 'GL_CLAMP_TO_BORDER'[31m[39m
[31m    glTexParameteri(GL_TEXTURE_2D, GL_TEXTURE_WRAP_T, GL_CLAMP_TO_BORDER);[31m[39m
[31m                                                      ^[31m[39m
[31mD:/USTC/CG/Final/BubbleRender/refraction/entry/src/main/cpp/napi_init.cpp:207:37: error: use of undeclared identifier 'GL_TEXTURE_BORDER_COLOR'[31m[39m
[31m    glTexParameterfv(GL_TEXTURE_2D, GL_TEXTURE_BORDER_COLOR, borderColor);[31m[39m
[31m                                    ^[31m[39m
[31mD:/USTC/CG/Final/BubbleRender/refraction/entry/src/main/cpp/napi_init.cpp:221:55: error: use of undeclared identifier 'GL_CLAMP_TO_BORDER'[31m[39m
[31m    glTexParameteri(GL_TEXTURE_2D, GL_TEXTURE_WRAP_S, GL_CLAMP_TO_BORDER);[31m[39m
[31m                                                      ^[31m[39m
[31mD:/USTC/CG/Final/BubbleRender/refraction/entry/src/main/cpp/napi_init.cpp:222:55: error: use of undeclared identifier 'GL_CLAMP_TO_BORDER'[31m[39m
[31m    glTexParameteri(GL_TEXTURE_2D, GL_TEXTURE_WRAP_T, GL_CLAMP_TO_BORDER);[31m[39m
[31m                                                      ^[31m[39m
[31mD:/USTC/CG/Final/BubbleRender/refraction/entry/src/main/cpp/napi_init.cpp:223:37: error: use of undeclared identifier 'GL_TEXTURE_BORDER_COLOR'[31m[39m
[31m    glTexParameterfv(GL_TEXTURE_2D, GL_TEXTURE_BORDER_COLOR, borderColor);[31m[39m
[31m                                    ^[31m[39m
[33mD:/USTC/CG/Final/BubbleRender/refraction/entry/src/main/cpp/napi_init.cpp:658:28: warning: expression result unused [-Wunused-value][33m[39m
[33m    delete g_RefractModel, g_SkyboxModel;[33m[39m
[33m                           ^~~~~~~~~~~~~[33m[39m
[33m1 warning and 6 errors generated.[33m[39m
[32m[32m[39m
[32m[5/6] Building CXX object CMakeFiles/entry.dir/render/model.cpp.o[32m[39m
[33mclang++: warning: argument unused during compilation: '--gcc-toolchain=D:/DevEco Studio/sdk/default/hms/native/BiSheng' [-Wunused-command-line-argument][33m[39m
[32m[32m[39m
[31mninja: build stopped: subcommand failed.[31m[39m
undefined.
[2026-06-20T02:35:30.977] [DEBUG] debug-file - default@BuildNativeWithNinja work[1] failed.
[2026-06-20T02:35:30.980] [ERROR] debug-file - Failed :entry:default@BuildNativeWithNinja... 
[2026-06-20T02:35:30.981] [DEBUG] debug-file - hvigor build process will be closed with an error.
[2026-06-20T02:35:31.022] [DEBUG] debug-file - ERROR: stacktrace = Error: Exceptions happened while executing D:\DevEco Studio\sdk\default\openharmony\native\build-tools\cmake\bin\ninja.exe -C D:\USTC\CG\Final\BubbleRender\refraction\entry\.cxx\default\default\debug\x86_64.
[32mninja: Entering directory `D:\USTC\CG\Final\BubbleRender\refraction\entry\.cxx\default\default\debug\x86_64'[32m[39m
[32m[1/6] Building CXX object CMakeFiles/entry.dir/render/camera.cpp.o[32m[39m
[33mclang++: warning: argument unused during compilation: '--gcc-toolchain=D:/DevEco Studio/sdk/default/hms/native/BiSheng' [-Wunused-command-line-argument][33m[39m
[32m[32m[39m
[32m[2/6] Building CXX object CMakeFiles/entry.dir/render/shader.cpp.o[32m[39m
[33mclang++: warning: argument unused during compilation: '--gcc-toolchain=D:/DevEco Studio/sdk/default/hms/native/BiSheng' [-Wunused-command-line-argument][33m[39m
[32m[32m[39m
[32m[3/6] Building CXX object CMakeFiles/entry.dir/simulation/vortex_sheet.cpp.o[32m[39m
[31mFAILED: CMakeFiles/entry.dir/simulation/vortex_sheet.cpp.o [31m[39m
[32m"D:\DevEco Studio\sdk\default\hms\native\BiSheng\bin\clang++.exe" --target=x86_64-linux-ohos --gcc-toolchain="D:/DevEco Studio/sdk/default/hms/native/BiSheng" --sysroot="D:/DevEco Studio/sdk/default/openharmony/native/sysroot" -Dentry_EXPORTS -I"D:/DevEco Studio/sdk/default/hms/native/sysroot/usr/include" -ID:/USTC/CG/Final/BubbleRender/refraction/entry/src/main/cpp -ID:/USTC/CG/Final/BubbleRender/refraction/entry/src/main/cpp/include -ID:/USTC/CG/Final/BubbleRender/refraction/entry/src/main/cpp/thirdParty -ID:/USTC/CG/Final/BubbleRender/refraction/entry/src/main/cpp/thirdParty/assimp -fdata-sections -ffunction-sections -funwind-tables -fstack-protector-strong -no-canonical-prefixes -fno-addrsig -Wa,--noexecstack -Wformat -Werror=format-security   -D__MUSL__ -O0 -g -fno-limit-debug-info  -fPIC -MD -MT CMakeFiles/entry.dir/simulation/vortex_sheet.cpp.o -MF CMakeFiles\entry.dir\simulation\vortex_sheet.cpp.o.d -o CMakeFiles/entry.dir/simulation/vortex_sheet.cpp.o -c D:/USTC/CG/Final/BubbleRender/refraction/entry/src/main/cpp/simulation/vortex_sheet.cpp[32m[39m
[33mclang++: warning: argument unused during compilation: '--gcc-toolchain=D:/DevEco Studio/sdk/default/hms/native/BiSheng' [-Wunused-command-line-argument][33m[39m
[31mD:/USTC/CG/Final/BubbleRender/refraction/entry/src/main/cpp/simulation/vortex_sheet.cpp:17:24: error: constexpr variable 'kPi' must be initialized by a constant expression[31m[39m
[31mstatic constexpr float kPi      = glm::pi<float>();[31m[39m
[31m                       ^          ~~~~~~~~~~~~~~~~[31m[39m
[31mD:/USTC/CG/Final/BubbleRender/refraction/entry/src/main/cpp/simulation/vortex_sheet.cpp:17:35: note: non-constexpr function 'pi<float>' cannot be used in a constant expression[31m[39m
[31mstatic constexpr float kPi      = glm::pi<float>();[31m[39m
[31m                                  ^[31m[39m
[31mD:/USTC/CG/Final/BubbleRender/refraction/entry/src/main/cpp/thirdParty/glm/gtc/constants.inl:56:29: note: declared here[31m[39m
[31m        GLM_FUNC_QUALIFIER genType pi()[31m[39m
[31m                                   ^[31m[39m
[31mD:/USTC/CG/Final/BubbleRender/refraction/entry/src/main/cpp/simulation/vortex_sheet.cpp:18:24: error: constexpr variable 'kFourPi' must be initialized by a constant expression[31m[39m
[31mstatic constexpr float kFourPi  = 4.0f * kPi;[31m[39m
[31m                       ^          ~~~~~~~~~~[31m[39m
[31mD:/USTC/CG/Final/BubbleRender/refraction/entry/src/main/cpp/simulation/vortex_sheet.cpp:18:42: note: initializer of 'kPi' is not a constant expression[31m[39m
[31mstatic constexpr float kFourPi  = 4.0f * kPi;[31m[39m
[31m                                         ^[31m[39m
[31mD:/USTC/CG/Final/BubbleRender/refraction/entry/src/main/cpp/simulation/vortex_sheet.cpp:17:24: note: declared here[31m[39m
[31m[31m[39m
[31mstatic constexpr float kPi      = glm::pi<float>();[31m[39m
[31m[31m[39m
[31m                       ^[31m[39m
[31m[31m[39m
[33mD:/USTC/CG/Final/BubbleRender/refraction/entry/src/main/cpp/simulation/vortex_sheet.cpp:336:22: warning: decomposition declarations are a C++17 extension [-Wc++17-extensions][33m[39m
[33m[33m[39m
[33m    for (const auto& [key, faceList] : edgeFaces) {[33m[39m
[33m[33m[39m
[33m                     ^~~~~~~~~~~~~~~[33m[39m
[33m[33m[39m
[33m1 warning and 2 errors generated.[33m[39m
[32m[32m[39m
[32m[4/6] Building CXX object CMakeFiles/entry.dir/napi_init.cpp.o[32m[39m
[31mFAILED: CMakeFiles/entry.dir/napi_init.cpp.o [31m[39m
[32m"D:\DevEco Studio\sdk\default\hms\native\BiSheng\bin\clang++.exe" --target=x86_64-linux-ohos --gcc-toolchain="D:/DevEco Studio/sdk/default/hms/native/BiSheng" --sysroot="D:/DevEco Studio/sdk/default/openharmony/native/sysroot" -Dentry_EXPORTS -I"D:/DevEco Studio/sdk/default/hms/native/sysroot/usr/include" -ID:/USTC/CG/Final/BubbleRender/refraction/entry/src/main/cpp -ID:/USTC/CG/Final/BubbleRender/refraction/entry/src/main/cpp/include -ID:/USTC/CG/Final/BubbleRender/refraction/entry/src/main/cpp/thirdParty -ID:/USTC/CG/Final/BubbleRender/refraction/entry/src/main/cpp/thirdParty/assimp -fdata-sections -ffunction-sections -funwind-tables -fstack-protector-strong -no-canonical-prefixes -fno-addrsig -Wa,--noexecstack -Wformat -Werror=format-security   -D__MUSL__ -O0 -g -fno-limit-debug-info  -fPIC -MD -MT CMakeFiles/entry.dir/napi_init.cpp.o -MF CMakeFiles\entry.dir\napi_init.cpp.o.d -o CMakeFiles/entry.dir/napi_init.cpp.o -c D:/USTC/CG/Final/BubbleRender/refraction/entry/src/main/cpp/napi_init.cpp[32m[39m
[33mclang++: warning: argument unused during compilation: '--gcc-toolchain=D:/DevEco Studio/sdk/default/hms/native/BiSheng' [-Wunused-command-line-argument][33m[39m
[31mD:/USTC/CG/Final/BubbleRender/refraction/entry/src/main/cpp/napi_init.cpp:205:55: error: use of undeclared identifier 'GL_CLAMP_TO_BORDER'[31m[39m
[31m    glTexParameteri(GL_TEXTURE_2D, GL_TEXTURE_WRAP_S, GL_CLAMP_TO_BORDER);[31m[39m
[31m                                                      ^[31m[39m
[31mD:/USTC/CG/Final/BubbleRender/refraction/entry/src/main/cpp/napi_init.cpp:206:55: error: use of undeclared identifier 'GL_CLAMP_TO_BORDER'[31m[39m
[31m    glTexParameteri(GL_TEXTURE_2D, GL_TEXTURE_WRAP_T, GL_CLAMP_TO_BORDER);[31m[39m
[31m                                                      ^[31m[39m
[31mD:/USTC/CG/Final/BubbleRender/refraction/entry/src/main/cpp/napi_init.cpp:207:37: error: use of undeclared identifier 'GL_TEXTURE_BORDER_COLOR'[31m[39m
[31m    glTexParameterfv(GL_TEXTURE_2D, GL_TEXTURE_BORDER_COLOR, borderColor);[31m[39m
[31m                                    ^[31m[39m
[31mD:/USTC/CG/Final/BubbleRender/refraction/entry/src/main/cpp/napi_init.cpp:221:55: error: use of undeclared identifier 'GL_CLAMP_TO_BORDER'[31m[39m
[31m    glTexParameteri(GL_TEXTURE_2D, GL_TEXTURE_WRAP_S, GL_CLAMP_TO_BORDER);[31m[39m
[31m                                                      ^[31m[39m
[31mD:/USTC/CG/Final/BubbleRender/refraction/entry/src/main/cpp/napi_init.cpp:222:55: error: use of undeclared identifier 'GL_CLAMP_TO_BORDER'[31m[39m
[31m    glTexParameteri(GL_TEXTURE_2D, GL_TEXTURE_WRAP_T, GL_CLAMP_TO_BORDER);[31m[39m
[31m                                                      ^[31m[39m
[31mD:/USTC/CG/Final/BubbleRender/refraction/entry/src/main/cpp/napi_init.cpp:223:37: error: use of undeclared identifier 'GL_TEXTURE_BORDER_COLOR'[31m[39m
[31m    glTexParameterfv(GL_TEXTURE_2D, GL_TEXTURE_BORDER_COLOR, borderColor);[31m[39m
[31m                                    ^[31m[39m
[33mD:/USTC/CG/Final/BubbleRender/refraction/entry/src/main/cpp/napi_init.cpp:658:28: warning: expression result unused [-Wunused-value][33m[39m
[33m    delete g_RefractModel, g_SkyboxModel;[33m[39m
[33m                           ^~~~~~~~~~~~~[33m[39m
[33m1 warning and 6 errors generated.[33m[39m
[32m[32m[39m
[32m[5/6] Building CXX object CMakeFiles/entry.dir/render/model.cpp.o[32m[39m
[33mclang++: warning: argument unused during compilation: '--gcc-toolchain=D:/DevEco Studio/sdk/default/hms/native/BiSheng' [-Wunused-command-line-argument][33m[39m
[32m[32m[39m
[31mninja: build stopped: subcommand failed.[31m[39m
undefined
    at OhosLogger.errorMessageExit (D:\DevEco Studio\tools\hvigor\hvigor\src\base\log\hvigor-log.js:1:3497)
    at OhosLogger._printErrorAndExit (D:\DevEco Studio\tools\hvigor\hvigor-ohos-plugin\src\utils\log\ohos-logger.js:1:2024)
    at ChildProcess.<anonymous> (D:\DevEco Studio\tools\hvigor\hvigor-ohos-plugin\src\tasks\abstract-build-native.js:1:2787)
    at process.processTicksAndRejections (node:internal/process/task_queues:95:5)
[2026-06-20T02:35:31.022] [ERROR] debug-file - Error: Exceptions happened while executing D:\DevEco Studio\sdk\default\openharmony\native\build-tools\cmake\bin\ninja.exe -C D:\USTC\CG\Final\BubbleRender\refraction\entry\.cxx\default\default\debug\x86_64.
[32mninja: Entering directory `D:\USTC\CG\Final\BubbleRender\refraction\entry\.cxx\default\default\debug\x86_64'[32m[39m
[32m[1/6] Building CXX object CMakeFiles/entry.dir/render/camera.cpp.o[32m[39m
[33mclang++: warning: argument unused during compilation: '--gcc-toolchain=D:/DevEco Studio/sdk/default/hms/native/BiSheng' [-Wunused-command-line-argument][33m[39m
[32m[32m[39m
[32m[2/6] Building CXX object CMakeFiles/entry.dir/render/shader.cpp.o[32m[39m
[33mclang++: warning: argument unused during compilation: '--gcc-toolchain=D:/DevEco Studio/sdk/default/hms/native/BiSheng' [-Wunused-command-line-argument][33m[39m
[32m[32m[39m
[32m[3/6] Building CXX object CMakeFiles/entry.dir/simulation/vortex_sheet.cpp.o[32m[39m
[31mFAILED: CMakeFiles/entry.dir/simulation/vortex_sheet.cpp.o [31m[39m
[32m"D:\DevEco Studio\sdk\default\hms\native\BiSheng\bin\clang++.exe" --target=x86_64-linux-ohos --gcc-toolchain="D:/DevEco Studio/sdk/default/hms/native/BiSheng" --sysroot="D:/DevEco Studio/sdk/default/openharmony/native/sysroot" -Dentry_EXPORTS -I"D:/DevEco Studio/sdk/default/hms/native/sysroot/usr/include" -ID:/USTC/CG/Final/BubbleRender/refraction/entry/src/main/cpp -ID:/USTC/CG/Final/BubbleRender/refraction/entry/src/main/cpp/include -ID:/USTC/CG/Final/BubbleRender/refraction/entry/src/main/cpp/thirdParty -ID:/USTC/CG/Final/BubbleRender/refraction/entry/src/main/cpp/thirdParty/assimp -fdata-sections -ffunction-sections -funwind-tables -fstack-protector-strong -no-canonical-prefixes -fno-addrsig -Wa,--noexecstack -Wformat -Werror=format-security   -D__MUSL__ -O0 -g -fno-limit-debug-info  -fPIC -MD -MT CMakeFiles/entry.dir/simulation/vortex_sheet.cpp.o -MF CMakeFiles\entry.dir\simulation\vortex_sheet.cpp.o.d -o CMakeFiles/entry.dir/simulation/vortex_sheet.cpp.o -c D:/USTC/CG/Final/BubbleRender/refraction/entry/src/main/cpp/simulation/vortex_sheet.cpp[32m[39m
[33mclang++: warning: argument unused during compilation: '--gcc-toolchain=D:/DevEco Studio/sdk/default/hms/native/BiSheng' [-Wunused-command-line-argument][33m[39m
[31mD:/USTC/CG/Final/BubbleRender/refraction/entry/src/main/cpp/simulation/vortex_sheet.cpp:17:24: error: constexpr variable 'kPi' must be initialized by a constant expression[31m[39m
[31mstatic constexpr float kPi      = glm::pi<float>();[31m[39m
[31m                       ^          ~~~~~~~~~~~~~~~~[31m[39m
[31mD:/USTC/CG/Final/BubbleRender/refraction/entry/src/main/cpp/simulation/vortex_sheet.cpp:17:35: note: non-constexpr function 'pi<float>' cannot be used in a constant expression[31m[39m
[31mstatic constexpr float kPi      = glm::pi<float>();[31m[39m
[31m                                  ^[31m[39m
[31mD:/USTC/CG/Final/BubbleRender/refraction/entry/src/main/cpp/thirdParty/glm/gtc/constants.inl:56:29: note: declared here[31m[39m
[31m        GLM_FUNC_QUALIFIER genType pi()[31m[39m
[31m                                   ^[31m[39m
[31mD:/USTC/CG/Final/BubbleRender/refraction/entry/src/main/cpp/simulation/vortex_sheet.cpp:18:24: error: constexpr variable 'kFourPi' must be initialized by a constant expression[31m[39m
[31mstatic constexpr float kFourPi  = 4.0f * kPi;[31m[39m
[31m                       ^          ~~~~~~~~~~[31m[39m
[31mD:/USTC/CG/Final/BubbleRender/refraction/entry/src/main/cpp/simulation/vortex_sheet.cpp:18:42: note: initializer of 'kPi' is not a constant expression[31m[39m
[31mstatic constexpr float kFourPi  = 4.0f * kPi;[31m[39m
[31m                                         ^[31m[39m
[31mD:/USTC/CG/Final/BubbleRender/refraction/entry/src/main/cpp/simulation/vortex_sheet.cpp:17:24: note: declared here[31m[39m
[31m[31m[39m
[31mstatic constexpr float kPi      = glm::pi<float>();[31m[39m
[31m[31m[39m
[31m                       ^[31m[39m
[31m[31m[39m
[33mD:/USTC/CG/Final/BubbleRender/refraction/entry/src/main/cpp/simulation/vortex_sheet.cpp:336:22: warning: decomposition declarations are a C++17 extension [-Wc++17-extensions][33m[39m
[33m[33m[39m
[33m    for (const auto& [key, faceList] : edgeFaces) {[33m[39m
[33m[33m[39m
[33m                     ^~~~~~~~~~~~~~~[33m[39m
[33m[33m[39m
[33m1 warning and 2 errors generated.[33m[39m
[32m[32m[39m
[32m[4/6] Building CXX object CMakeFiles/entry.dir/napi_init.cpp.o[32m[39m
[31mFAILED: CMakeFiles/entry.dir/napi_init.cpp.o [31m[39m
[32m"D:\DevEco Studio\sdk\default\hms\native\BiSheng\bin\clang++.exe" --target=x86_64-linux-ohos --gcc-toolchain="D:/DevEco Studio/sdk/default/hms/native/BiSheng" --sysroot="D:/DevEco Studio/sdk/default/openharmony/native/sysroot" -Dentry_EXPORTS -I"D:/DevEco Studio/sdk/default/hms/native/sysroot/usr/include" -ID:/USTC/CG/Final/BubbleRender/refraction/entry/src/main/cpp -ID:/USTC/CG/Final/BubbleRender/refraction/entry/src/main/cpp/include -ID:/USTC/CG/Final/BubbleRender/refraction/entry/src/main/cpp/thirdParty -ID:/USTC/CG/Final/BubbleRender/refraction/entry/src/main/cpp/thirdParty/assimp -fdata-sections -ffunction-sections -funwind-tables -fstack-protector-strong -no-canonical-prefixes -fno-addrsig -Wa,--noexecstack -Wformat -Werror=format-security   -D__MUSL__ -O0 -g -fno-limit-debug-info  -fPIC -MD -MT CMakeFiles/entry.dir/napi_init.cpp.o -MF CMakeFiles\entry.dir\napi_init.cpp.o.d -o CMakeFiles/entry.dir/napi_init.cpp.o -c D:/USTC/CG/Final/BubbleRender/refraction/entry/src/main/cpp/napi_init.cpp[32m[39m
[33mclang++: warning: argument unused during compilation: '--gcc-toolchain=D:/DevEco Studio/sdk/default/hms/native/BiSheng' [-Wunused-command-line-argument][33m[39m
[31mD:/USTC/CG/Final/BubbleRender/refraction/entry/src/main/cpp/napi_init.cpp:205:55: error: use of undeclared identifier 'GL_CLAMP_TO_BORDER'[31m[39m
[31m    glTexParameteri(GL_TEXTURE_2D, GL_TEXTURE_WRAP_S, GL_CLAMP_TO_BORDER);[31m[39m
[31m                                                      ^[31m[39m
[31mD:/USTC/CG/Final/BubbleRender/refraction/entry/src/main/cpp/napi_init.cpp:206:55: error: use of undeclared identifier 'GL_CLAMP_TO_BORDER'[31m[39m
[31m    glTexParameteri(GL_TEXTURE_2D, GL_TEXTURE_WRAP_T, GL_CLAMP_TO_BORDER);[31m[39m
[31m                                                      ^[31m[39m
[31mD:/USTC/CG/Final/BubbleRender/refraction/entry/src/main/cpp/napi_init.cpp:207:37: error: use of undeclared identifier 'GL_TEXTURE_BORDER_COLOR'[31m[39m
[31m    glTexParameterfv(GL_TEXTURE_2D, GL_TEXTURE_BORDER_COLOR, borderColor);[31m[39m
[31m                                    ^[31m[39m
[31mD:/USTC/CG/Final/BubbleRender/refraction/entry/src/main/cpp/napi_init.cpp:221:55: error: use of undeclared identifier 'GL_CLAMP_TO_BORDER'[31m[39m
[31m    glTexParameteri(GL_TEXTURE_2D, GL_TEXTURE_WRAP_S, GL_CLAMP_TO_BORDER);[31m[39m
[31m                                                      ^[31m[39m
[31mD:/USTC/CG/Final/BubbleRender/refraction/entry/src/main/cpp/napi_init.cpp:222:55: error: use of undeclared identifier 'GL_CLAMP_TO_BORDER'[31m[39m
[31m    glTexParameteri(GL_TEXTURE_2D, GL_TEXTURE_WRAP_T, GL_CLAMP_TO_BORDER);[31m[39m
[31m                                                      ^[31m[39m
[31mD:/USTC/CG/Final/BubbleRender/refraction/entry/src/main/cpp/napi_init.cpp:223:37: error: use of undeclared identifier 'GL_TEXTURE_BORDER_COLOR'[31m[39m
[31m    glTexParameterfv(GL_TEXTURE_2D, GL_TEXTURE_BORDER_COLOR, borderColor);[31m[39m
[31m                                    ^[31m[39m
[33mD:/USTC/CG/Final/BubbleRender/refraction/entry/src/main/cpp/napi_init.cpp:658:28: warning: expression result unused [-Wunused-value][33m[39m
[33m    delete g_RefractModel, g_SkyboxModel;[33m[39m
[33m                           ^~~~~~~~~~~~~[33m[39m
[33m1 warning and 6 errors generated.[33m[39m
[32m[32m[39m
[32m[5/6] Building CXX object CMakeFiles/entry.dir/render/model.cpp.o[32m[39m
[33mclang++: warning: argument unused during compilation: '--gcc-toolchain=D:/DevEco Studio/sdk/default/hms/native/BiSheng' [-Wunused-command-line-argument][33m[39m
[32m[32m[39m
[31mninja: build stopped: subcommand failed.[31m[39m
undefined
    at OhosLogger.errorMessageExit (D:\DevEco Studio\tools\hvigor\hvigor\src\base\log\hvigor-log.js:1:3497)
    at OhosLogger._printErrorAndExit (D:\DevEco Studio\tools\hvigor\hvigor-ohos-plugin\src\utils\log\ohos-logger.js:1:2024)
    at ChildProcess.<anonymous> (D:\DevEco Studio\tools\hvigor\hvigor-ohos-plugin\src\tasks\abstract-build-native.js:1:2787)
    at process.processTicksAndRejections (node:internal/process/task_queues:95:5)
[2026-06-20T02:35:31.056] [ERROR] debug-file - BUILD FAILED in 1 min 13 s 465 ms 
[2026-06-20T02:35:31.058] [DEBUG] debug-file - Update task entry:default@PreBuild input file:D:\USTC\CG\Final\BubbleRender\refraction\AppScope\app.json5 cache by regenerate.
[2026-06-20T02:35:31.060] [DEBUG] debug-file - Update task entry:default@PreBuild input file:D:\USTC\CG\Final\BubbleRender\refraction\entry\src\main\module.json5 cache by regenerate.
[2026-06-20T02:35:31.061] [DEBUG] debug-file - Update task entry:default@PreBuild input file:D:\USTC\CG\Final\BubbleRender\refraction\build-profile.json5 cache by regenerate.
[2026-06-20T02:35:31.062] [DEBUG] debug-file - Update task entry:default@PreBuild input file:D:\USTC\CG\Final\BubbleRender\refraction\entry\build-profile.json5 cache by regenerate.
[2026-06-20T02:35:31.063] [DEBUG] debug-file - Update task entry:default@PreBuild input file:D:\USTC\CG\Final\BubbleRender\refraction\entry\src\main\resources\base\profile\main_pages.json cache by regenerate.
[2026-06-20T02:35:31.063] [DEBUG] debug-file - Update task entry:default@PreBuild input file:D:\USTC\CG\Final\BubbleRender\refraction\hvigor\hvigor-config.json5 cache by regenerate.
[2026-06-20T02:35:31.064] [DEBUG] debug-file - Update task entry:default@PreBuild input file:D:\USTC\CG\Final\BubbleRender\refraction\entry\oh-package.json5 cache by regenerate.
[2026-06-20T02:35:31.064] [DEBUG] debug-file - Update task entry:default@PreBuild input file:D:\USTC\CG\Final\BubbleRender\refraction\oh-package.json5 cache by regenerate.
[2026-06-20T02:35:31.065] [DEBUG] debug-file - Incremental task entry:default@PreBuild post-execution cost:9 ms .
[2026-06-20T02:35:31.065] [DEBUG] debug-file - Update task entry:default@CreateModuleInfo output file:D:\USTC\CG\Final\BubbleRender\refraction\entry\build\default\generated\profile\default\ModuleInfo.ts cache.
[2026-06-20T02:35:31.066] [DEBUG] debug-file - Incremental task entry:default@CreateModuleInfo post-execution cost:1 ms .
[2026-06-20T02:35:31.066] [DEBUG] debug-file - Update task entry:default@GenerateMetadata input file:D:\USTC\CG\Final\BubbleRender\refraction\entry\src\main\module.json5 cache by regenerate.
[2026-06-20T02:35:31.067] [DEBUG] debug-file - Update task entry:default@GenerateMetadata output file:D:\USTC\CG\Final\BubbleRender\refraction\entry\build\default\intermediates\hap_metadata\default\output_metadata.json cache.
[2026-06-20T02:35:31.067] [DEBUG] debug-file - Incremental task entry:default@GenerateMetadata post-execution cost:1 ms .
[2026-06-20T02:35:31.067] [DEBUG] debug-file - Update task entry:default@MergeProfile input file:D:\USTC\CG\Final\BubbleRender\refraction\AppScope\app.json5 cache by regenerate.
[2026-06-20T02:35:31.068] [DEBUG] debug-file - Update task entry:default@MergeProfile input file:D:\USTC\CG\Final\BubbleRender\refraction\build-profile.json5 cache by regenerate.
[2026-06-20T02:35:31.068] [DEBUG] debug-file - Update task entry:default@MergeProfile input file:D:\USTC\CG\Final\BubbleRender\refraction\entry\src\main\module.json5 cache by regenerate.
[2026-06-20T02:35:31.068] [DEBUG] debug-file - Update task entry:default@MergeProfile output file:D:\USTC\CG\Final\BubbleRender\refraction\entry\build\default\intermediates\merge_profile\default\module.json cache.
[2026-06-20T02:35:31.069] [DEBUG] debug-file - Incremental task entry:default@MergeProfile post-execution cost:2 ms .
[2026-06-20T02:35:31.069] [DEBUG] debug-file - Update task entry:default@CreateBuildProfile input file:D:\USTC\CG\Final\BubbleRender\refraction\AppScope\app.json5 cache by regenerate.
[2026-06-20T02:35:31.069] [DEBUG] debug-file - Update task entry:default@CreateBuildProfile input file:D:\USTC\CG\Final\BubbleRender\refraction\build-profile.json5 cache by regenerate.
[2026-06-20T02:35:31.070] [DEBUG] debug-file - Update task entry:default@CreateBuildProfile output file:D:\USTC\CG\Final\BubbleRender\refraction\entry\build\default\generated\profile\default\BuildProfile.ets cache.
[2026-06-20T02:35:31.070] [DEBUG] debug-file - Incremental task entry:default@CreateBuildProfile post-execution cost:2 ms .
[2026-06-20T02:35:31.071] [DEBUG] debug-file - Update task entry:default@ProcessIntegratedHsp output file:D:\USTC\CG\Final\BubbleRender\refraction\build\cache\default\integrated_hsp\integratedHspCache.json cache.
[2026-06-20T02:35:31.072] [DEBUG] debug-file - Incremental task entry:default@ProcessIntegratedHsp post-execution cost:2 ms .
[2026-06-20T02:35:31.073] [DEBUG] debug-file - Update task entry:default@MakePackInfo input file:D:\USTC\CG\Final\BubbleRender\refraction\AppScope\app.json5 cache by regenerate.
[2026-06-20T02:35:31.073] [DEBUG] debug-file - Update task entry:default@MakePackInfo input file:D:\USTC\CG\Final\BubbleRender\refraction\entry\src\main\module.json5 cache by regenerate.
[2026-06-20T02:35:31.073] [DEBUG] debug-file - Update task entry:default@MakePackInfo input file:D:\USTC\CG\Final\BubbleRender\refraction\build-profile.json5 cache by regenerate.
[2026-06-20T02:35:31.074] [DEBUG] debug-file - Update task entry:default@MakePackInfo input file:D:\USTC\CG\Final\BubbleRender\refraction\entry\src\main\resources\base\profile\backup_config.json cache by regenerate.
[2026-06-20T02:35:31.075] [DEBUG] debug-file - Update task entry:default@MakePackInfo output file:D:\USTC\CG\Final\BubbleRender\refraction\entry\build\default\outputs\default\pack.info cache.
[2026-06-20T02:35:31.075] [DEBUG] debug-file - Incremental task entry:default@MakePackInfo post-execution cost:4 ms .
[2026-06-20T02:35:31.077] [DEBUG] debug-file - Update task entry:default@SyscapTransform input file:D:\DevEco Studio\sdk\default\openharmony\toolchains\syscap_tool.exe cache by regenerate.
[2026-06-20T02:35:31.078] [DEBUG] debug-file - Update task entry:default@SyscapTransform input file:D:\DevEco Studio\sdk\default\openharmony\ets\api\device-define cache by regenerate.
[2026-06-20T02:35:31.406] [DEBUG] debug-file - Update task entry:default@SyscapTransform output file:D:\USTC\CG\Final\BubbleRender\refraction\entry\build\default\intermediates\syscap\default\rpcid.sc cache.
[2026-06-20T02:35:31.407] [DEBUG] debug-file - Incremental task entry:default@SyscapTransform post-execution cost:331 ms .
[2026-06-20T02:35:31.408] [DEBUG] debug-file - Update task entry:default@GeneratePkgContextInfo output file:D:\USTC\CG\Final\BubbleRender\refraction\entry\build\default\intermediates\loader\default\pkgContextInfo.json cache.
[2026-06-20T02:35:31.412] [DEBUG] debug-file - Incremental task entry:default@GeneratePkgContextInfo post-execution cost:3 ms .
[2026-06-20T02:35:31.413] [DEBUG] debug-file - Update task entry:default@ProcessProfile input file:D:\USTC\CG\Final\BubbleRender\refraction\entry\build\default\intermediates\merge_profile\default\module.json cache by regenerate.
[2026-06-20T02:35:31.414] [DEBUG] debug-file - Update task entry:default@ProcessProfile output file:D:\USTC\CG\Final\BubbleRender\refraction\entry\build\default\intermediates\process_profile\default\module.json cache.
[2026-06-20T02:35:31.415] [DEBUG] debug-file - Incremental task entry:default@ProcessProfile post-execution cost:3 ms .
[2026-06-20T02:35:31.416] [DEBUG] debug-file - Update task entry:default@ProcessRouterMap input file:D:\USTC\CG\Final\BubbleRender\refraction\entry\oh-package.json5 cache by regenerate.
[2026-06-20T02:35:31.417] [DEBUG] debug-file - Update task entry:default@ProcessRouterMap input file:D:\USTC\CG\Final\BubbleRender\refraction\oh-package.json5 cache by regenerate.
[2026-06-20T02:35:31.417] [DEBUG] debug-file - Update task entry:default@ProcessRouterMap input file:D:\USTC\CG\Final\BubbleRender\refraction\entry\src\main\module.json5 cache by regenerate.
[2026-06-20T02:35:31.417] [DEBUG] debug-file - Update task entry:default@ProcessRouterMap input file:D:\USTC\CG\Final\BubbleRender\refraction\entry\build\default\intermediates\loader\default\pkgContextInfo.json cache by regenerate.
[2026-06-20T02:35:31.418] [DEBUG] debug-file - Update task entry:default@ProcessRouterMap output file:D:\USTC\CG\Final\BubbleRender\refraction\entry\build\default\intermediates\router_map\default\temp-router-map.json cache.
[2026-06-20T02:35:31.418] [DEBUG] debug-file - Update task entry:default@ProcessRouterMap output file:D:\USTC\CG\Final\BubbleRender\refraction\entry\build\default\intermediates\router_map\default\loader-router-map.json cache.
[2026-06-20T02:35:31.419] [DEBUG] debug-file - Incremental task entry:default@ProcessRouterMap post-execution cost:4 ms .
[2026-06-20T02:35:31.420] [DEBUG] debug-file - Update task entry:default@ProcessShareConfig input file:D:\USTC\CG\Final\BubbleRender\refraction\entry\oh-package.json5 cache by regenerate.
[2026-06-20T02:35:31.421] [DEBUG] debug-file - Update task entry:default@ProcessShareConfig input file:D:\USTC\CG\Final\BubbleRender\refraction\oh-package.json5 cache by regenerate.
[2026-06-20T02:35:31.421] [DEBUG] debug-file - Update task entry:default@ProcessShareConfig input file:D:\USTC\CG\Final\BubbleRender\refraction\entry\src\main\module.json5 cache by regenerate.
[2026-06-20T02:35:31.421] [DEBUG] debug-file - Update task entry:default@ProcessShareConfig input file:D:\USTC\CG\Final\BubbleRender\refraction\entry\build\default\intermediates\loader\default\pkgContextInfo.json cache by regenerate.
[2026-06-20T02:35:31.422] [DEBUG] debug-file - Update task entry:default@ProcessShareConfig output file:D:\USTC\CG\Final\BubbleRender\refraction\entry\build\default\intermediates\share_config\default\temp-share-config.json cache.
[2026-06-20T02:35:31.422] [DEBUG] debug-file - Incremental task entry:default@ProcessShareConfig post-execution cost:4 ms .
[2026-06-20T02:35:31.423] [DEBUG] debug-file - Update task entry:default@ProcessStartupConfig input file:D:\USTC\CG\Final\BubbleRender\refraction\entry\build\default\intermediates\loader\default\pkgContextInfo.json cache by regenerate.
[2026-06-20T02:35:31.423] [DEBUG] debug-file - Update task entry:default@ProcessStartupConfig output file:D:\USTC\CG\Final\BubbleRender\refraction\entry\build\default\intermediates\startup\default\startup_config.json cache.
[2026-06-20T02:35:31.424] [DEBUG] debug-file - Incremental task entry:default@ProcessStartupConfig post-execution cost:2 ms .
[2026-06-20T02:35:31.425] [DEBUG] debug-file - Update task entry:default@ProcessResource output file:D:\USTC\CG\Final\BubbleRender\refraction\entry\build\default\intermediates\res\default\resConfig.json cache.
[2026-06-20T02:35:31.428] [DEBUG] debug-file - Update task entry:default@ProcessResource output file:D:\USTC\CG\Final\BubbleRender\refraction\entry\build\default\intermediates\res\default\opt-compression.json cache.
[2026-06-20T02:35:31.432] [DEBUG] debug-file - Incremental task entry:default@ProcessResource post-execution cost:8 ms .
[2026-06-20T02:35:31.435] [DEBUG] debug-file - Update task entry:default@GenerateLoaderJson input file:D:\USTC\CG\Final\BubbleRender\refraction\entry\build\default\intermediates\loader\default\pkgContextInfo.json cache by regenerate.
[2026-06-20T02:35:31.435] [DEBUG] debug-file - Update task entry:default@GenerateLoaderJson input file:D:\USTC\CG\Final\BubbleRender\refraction\entry\build\default\intermediates\router_map\default\temp-router-map.json cache by regenerate.
[2026-06-20T02:35:31.436] [DEBUG] debug-file - Update task entry:default@GenerateLoaderJson output file:D:\USTC\CG\Final\BubbleRender\refraction\entry\build\default\intermediates\loader\default\loader.json cache.
[2026-06-20T02:35:31.436] [DEBUG] debug-file - Incremental task entry:default@GenerateLoaderJson post-execution cost:5 ms .
[2026-06-20T02:35:31.437] [DEBUG] debug-file - Update task entry:default@CompileResource input file:D:\USTC\CG\Final\BubbleRender\refraction\entry\src\main\resources cache by regenerate.
[2026-06-20T02:35:31.448] [DEBUG] debug-file - Update task entry:default@CompileResource input file:D:\USTC\CG\Final\BubbleRender\refraction\AppScope\resources cache by regenerate.
[2026-06-20T02:35:31.454] [DEBUG] debug-file - Update task entry:default@CompileResource input file:D:\USTC\CG\Final\BubbleRender\refraction\entry\build\default\intermediates\process_profile\default\module.json cache by regenerate.
[2026-06-20T02:35:31.459] [DEBUG] debug-file - Update task entry:default@CompileResource input file:D:\USTC\CG\Final\BubbleRender\refraction\entry\build\default\intermediates\res\default\resConfig.json cache by regenerate.
[2026-06-20T02:35:31.461] [DEBUG] debug-file - Update task entry:default@CompileResource output file:D:\USTC\CG\Final\BubbleRender\refraction\entry\build\default\intermediates\res\default cache.
[2026-06-20T02:35:31.469] [DEBUG] debug-file - Update task entry:default@CompileResource output file:D:\USTC\CG\Final\BubbleRender\refraction\entry\build\default\generated\r\default\ResourceTable.h cache.
[2026-06-20T02:35:31.470] [DEBUG] debug-file - Update task entry:default@CompileResource output file:D:\USTC\CG\Final\BubbleRender\refraction\entry\build\default\generated\r\default cache.
[2026-06-20T02:35:31.471] [DEBUG] debug-file - Incremental task entry:default@CompileResource post-execution cost:35 ms .
[2026-06-20T02:35:31.476] [DEBUG] debug-file - Update task entry:default@CompileArkTS input file:D:\USTC\CG\Final\BubbleRender\refraction\entry\build\default\intermediates\loader\default cache by regenerate.
[2026-06-20T02:35:31.480] [DEBUG] debug-file - Update task entry:default@CompileArkTS input file:D:\USTC\CG\Final\BubbleRender\refraction\entry\build\default\intermediates\res\default\resources\rawfile cache by regenerate.
[2026-06-20T02:35:31.485] [DEBUG] debug-file - Update task entry:default@CompileArkTS input file:D:\USTC\CG\Final\BubbleRender\refraction\entry\build\default\intermediates\res\default\ResourceTable.txt cache by regenerate.
[2026-06-20T02:35:31.485] [DEBUG] debug-file - Update task entry:default@CompileArkTS input file:D:\USTC\CG\Final\BubbleRender\refraction\entry\build\default\intermediates\res\default\ark_module.json cache by regenerate.
[2026-06-20T02:35:31.486] [DEBUG] debug-file - Update task entry:default@CompileArkTS input file:D:\USTC\CG\Final\BubbleRender\refraction\entry\build\default\intermediates\res\default\resources\base\profile cache by regenerate.
[2026-06-20T02:35:31.487] [DEBUG] debug-file - Update task entry:default@CompileArkTS input file:D:\USTC\CG\Final\BubbleRender\refraction\entry\src\main\ets cache by regenerate.
[2026-06-20T02:35:31.489] [DEBUG] debug-file - Update task entry:default@CompileArkTS input file:D:\USTC\CG\Final\BubbleRender\refraction\entry\build\default\intermediates\loader\default\pkgContextInfo.json cache by regenerate.
[2026-06-20T02:35:31.489] [DEBUG] debug-file - Update task entry:default@CompileArkTS input file:D:\USTC\CG\Final\BubbleRender\refraction\entry\build\default\generated\profile\default\BuildProfile.ets cache by regenerate.
[2026-06-20T02:35:31.490] [DEBUG] debug-file - Update task entry:default@CompileArkTS input file:D:\USTC\CG\Final\BubbleRender\refraction\entry\src\main\cpp\types cache by regenerate.
[2026-06-20T02:35:31.492] [DEBUG] debug-file - Update task entry:default@CompileArkTS output file:D:\USTC\CG\Final\BubbleRender\refraction\entry\build\default\intermediates\loader_out\default\ets cache.
[2026-06-20T02:35:31.494] [DEBUG] debug-file - Incremental task entry:default@CompileArkTS post-execution cost:24 ms .
[2026-06-20T02:35:31.499] [DEBUG] debug-file - Update task entry:default@BuildJS input file:D:\USTC\CG\Final\BubbleRender\refraction\entry\build\default\intermediates\loader\default cache by regenerate.
[2026-06-20T02:35:31.500] [DEBUG] debug-file - Update task entry:default@BuildJS input file:D:\USTC\CG\Final\BubbleRender\refraction\entry\build\default\intermediates\res\default\resources\rawfile cache by regenerate.
[2026-06-20T02:35:31.504] [DEBUG] debug-file - Update task entry:default@BuildJS input file:D:\USTC\CG\Final\BubbleRender\refraction\entry\build\default\intermediates\res\default\ResourceTable.txt cache by regenerate.
[2026-06-20T02:35:31.505] [DEBUG] debug-file - Update task entry:default@BuildJS input file:D:\USTC\CG\Final\BubbleRender\refraction\entry\build\default\intermediates\res\default\ark_module.json cache by regenerate.
[2026-06-20T02:35:31.505] [DEBUG] debug-file - Update task entry:default@BuildJS input file:D:\USTC\CG\Final\BubbleRender\refraction\entry\build\default\intermediates\res\default\resources\base\profile cache by regenerate.
[2026-06-20T02:35:31.506] [DEBUG] debug-file - Update task entry:default@BuildJS input file:D:\USTC\CG\Final\BubbleRender\refraction\entry\build\default\intermediates\loader\default\pkgContextInfo.json cache by regenerate.
[2026-06-20T02:35:31.507] [DEBUG] debug-file - Update task entry:default@BuildJS output file:D:\USTC\CG\Final\BubbleRender\refraction\entry\build\default\intermediates\loader_out\default\js cache.
[2026-06-20T02:35:31.508] [DEBUG] debug-file - Incremental task entry:default@BuildJS post-execution cost:14 ms .
[2026-06-20T02:35:31.562] [DEBUG] debug-file - worker[16] encounters error: Exceptions happened while executing D:\DevEco Studio\sdk\default\openharmony\native\build-tools\cmake\bin\ninja.exe -C D:\USTC\CG\Final\BubbleRender\refraction\entry\.cxx\default\default\debug\arm64-v8a.
[32mninja: Entering directory `D:\USTC\CG\Final\BubbleRender\refraction\entry\.cxx\default\default\debug\arm64-v8a'[32m[39m
[32m[1/6] Building CXX object CMakeFiles/entry.dir/render/camera.cpp.o[32m[39m
[33mclang++: warning: argument unused during compilation: '--gcc-toolchain=D:/DevEco Studio/sdk/default/hms/native/BiSheng' [-Wunused-command-line-argument][33m[39m
[32m[32m[39m
[32m[2/6] Building CXX object CMakeFiles/entry.dir/render/shader.cpp.o[32m[39m
[33mclang++: warning: argument unused during compilation: '--gcc-toolchain=D:/DevEco Studio/sdk/default/hms/native/BiSheng' [-Wunused-command-line-argument][33m[39m
[32m[32m[39m
[32m[3/6] Building CXX object CMakeFiles/entry.dir/simulation/vortex_sheet.cpp.o[32m[39m
[31mFAILED: CMakeFiles/entry.dir/simulation/vortex_sheet.cpp.o [31m[39m
[32m"D:\DevEco Studio\sdk\default\hms\native\BiSheng\bin\clang++.exe" --target=aarch64-linux-ohos --gcc-toolchain="D:/DevEco Studio/sdk/default/hms/native/BiSheng" --sysroot="D:/DevEco Studio/sdk/default/openharmony/native/sysroot" -Dentry_EXPORTS -I"D:/DevEco Studio/sdk/default/hms/native/sysroot/usr/include" -ID:/USTC/CG/Final/BubbleRender/refraction/entry/src/main/cpp -ID:/USTC/CG/Final/BubbleRender/refraction/entry/src/main/cpp/include -ID:/USTC/CG/Final/BubbleRender/refraction/entry/src/main/cpp/thirdParty -ID:/USTC/CG/Final/BubbleRender/refraction/entry/src/main/cpp/thirdParty/assimp -fdata-sections -ffunction-sections -funwind-tables -fstack-protector-strong -no-canonical-prefixes -fno-addrsig -Wa,--noexecstack -Wformat -Werror=format-security   -D__MUSL__ -O0 -g -fno-limit-debug-info  -fPIC -MD -MT CMakeFiles/entry.dir/simulation/vortex_sheet.cpp.o -MF CMakeFiles\entry.dir\simulation\vortex_sheet.cpp.o.d -o CMakeFiles/entry.dir/simulation/vortex_sheet.cpp.o -c D:/USTC/CG/Final/BubbleRender/refraction/entry/src/main/cpp/simulation/vortex_sheet.cpp[32m[39m
[33mclang++: warning: argument unused during compilation: '--gcc-toolchain=D:/DevEco Studio/sdk/default/hms/native/BiSheng' [-Wunused-command-line-argument][33m[39m
[31mD:/USTC/CG/Final/BubbleRender/refraction/entry/src/main/cpp/simulation/vortex_sheet.cpp:17:24: error: constexpr variable 'kPi' must be initialized by a constant expression[31m[39m
[31mstatic constexpr float kPi      = glm::pi<float>();[31m[39m
[31m                       ^          ~~~~~~~~~~~~~~~~[31m[39m
[31mD:/USTC/CG/Final/BubbleRender/refraction/entry/src/main/cpp/simulation/vortex_sheet.cpp:17:35: note: non-constexpr function 'pi<float>' cannot be used in a constant expression[31m[39m
[31mstatic constexpr float kPi      = glm::pi<float>();[31m[39m
[31m                                  ^[31m[39m
[31mD:/USTC/CG/Final/BubbleRender/refraction/entry/src/main/cpp/thirdParty/glm/gtc/constants.inl:56:29: note: declared here[31m[39m
[31m        GLM_FUNC_QUALIFIER genType pi()[31m[39m
[31m                                   ^[31m[39m
[31mD:/USTC/CG/Final/BubbleRender/refraction/entry/src/main/cpp/simulation/vortex_sheet.cpp:18:24: error: constexpr variable 'kFourPi' must be initialized by a constant expression[31m[39m
[31mstatic constexpr float kFourPi  = 4.0f * kPi;[31m[39m
[31m                       ^          ~~~~~~~~~~[31m[39m
[31mD:/USTC/CG/Final/BubbleRender/refraction/entry/src/main/cpp/simulation/vortex_sheet.cpp:18:42: note: initializer of 'kPi' is not a constant expression[31m[39m
[31mstatic constexpr float kFourPi  = 4.0f * kPi;[31m[39m
[31m                                         ^[31m[39m
[31mD:/USTC/CG/Final/BubbleRender/refraction/entry/src/main/cpp/simulation/vortex_sheet.cpp:17:24: note: declared here[31m[39m
[31m[31m[39m
[31mstatic constexpr float kPi      = glm::pi<float>();[31m[39m
[31m[31m[39m
[31m                       ^[31m[39m
[31m[31m[39m
[33mD:/USTC/CG/Final/BubbleRender/refraction/entry/src/main/cpp/simulation/vortex_sheet.cpp:336:22: warning: decomposition declarations are a C++17 extension [-Wc++17-extensions][33m[39m
[33m[33m[39m
[33m    for (const auto& [key, faceList] : edgeFaces) {[33m[39m
[33m[33m[39m
[33m                     ^~~~~~~~~~~~~~~[33m[39m
[33m[33m[39m
[33m1 warning and 2 errors generated.[33m[39m
[32m[32m[39m
[32m[4/6] Building CXX object CMakeFiles/entry.dir/napi_init.cpp.o[32m[39m
[31mFAILED: CMakeFiles/entry.dir/napi_init.cpp.o [31m[39m
[32m"D:\DevEco Studio\sdk\default\hms\native\BiSheng\bin\clang++.exe" --target=aarch64-linux-ohos --gcc-toolchain="D:/DevEco Studio/sdk/default/hms/native/BiSheng" --sysroot="D:/DevEco Studio/sdk/default/openharmony/native/sysroot" -Dentry_EXPORTS -I"D:/DevEco Studio/sdk/default/hms/native/sysroot/usr/include" -ID:/USTC/CG/Final/BubbleRender/refraction/entry/src/main/cpp -ID:/USTC/CG/Final/BubbleRender/refraction/entry/src/main/cpp/include -ID:/USTC/CG/Final/BubbleRender/refraction/entry/src/main/cpp/thirdParty -ID:/USTC/CG/Final/BubbleRender/refraction/entry/src/main/cpp/thirdParty/assimp -fdata-sections -ffunction-sections -funwind-tables -fstack-protector-strong -no-canonical-prefixes -fno-addrsig -Wa,--noexecstack -Wformat -Werror=format-security   -D__MUSL__ -O0 -g -fno-limit-debug-info  -fPIC -MD -MT CMakeFiles/entry.dir/napi_init.cpp.o -MF CMakeFiles\entry.dir\napi_init.cpp.o.d -o CMakeFiles/entry.dir/napi_init.cpp.o -c D:/USTC/CG/Final/BubbleRender/refraction/entry/src/main/cpp/napi_init.cpp[32m[39m
[33mclang++: warning: argument unused during compilation: '--gcc-toolchain=D:/DevEco Studio/sdk/default/hms/native/BiSheng' [-Wunused-command-line-argument][33m[39m
[31mD:/USTC/CG/Final/BubbleRender/refraction/entry/src/main/cpp/napi_init.cpp:205:55: error: use of undeclared identifier 'GL_CLAMP_TO_BORDER'[31m[39m
[31m    glTexParameteri(GL_TEXTURE_2D, GL_TEXTURE_WRAP_S, GL_CLAMP_TO_BORDER);[31m[39m
[31m                                                      ^[31m[39m
[31mD:/USTC/CG/Final/BubbleRender/refraction/entry/src/main/cpp/napi_init.cpp:206:55: error: use of undeclared identifier 'GL_CLAMP_TO_BORDER'[31m[39m
[31m    glTexParameteri(GL_TEXTURE_2D, GL_TEXTURE_WRAP_T, GL_CLAMP_TO_BORDER);[31m[39m
[31m                                                      ^[31m[39m
[31mD:/USTC/CG/Final/BubbleRender/refraction/entry/src/main/cpp/napi_init.cpp:207:37: error: use of undeclared identifier 'GL_TEXTURE_BORDER_COLOR'[31m[39m
[31m    glTexParameterfv(GL_TEXTURE_2D, GL_TEXTURE_BORDER_COLOR, borderColor);[31m[39m
[31m                                    ^[31m[39m
[31mD:/USTC/CG/Final/BubbleRender/refraction/entry/src/main/cpp/napi_init.cpp:221:55: error: use of undeclared identifier 'GL_CLAMP_TO_BORDER'[31m[39m
[31m    glTexParameteri(GL_TEXTURE_2D, GL_TEXTURE_WRAP_S, GL_CLAMP_TO_BORDER);[31m[39m
[31m                                                      ^[31m[39m
[31mD:/USTC/CG/Final/BubbleRender/refraction/entry/src/main/cpp/napi_init.cpp:222:55: error: use of undeclared identifier 'GL_CLAMP_TO_BORDER'[31m[39m
[31m    glTexParameteri(GL_TEXTURE_2D, GL_TEXTURE_WRAP_T, GL_CLAMP_TO_BORDER);[31m[39m
[31m                                                      ^[31m[39m
[31mD:/USTC/CG/Final/BubbleRender/refraction/entry/src/main/cpp/napi_init.cpp:223:37: error: use of undeclared identifier 'GL_TEXTURE_BORDER_COLOR'[31m[39m
[31m    glTexParameterfv(GL_TEXTURE_2D, GL_TEXTURE_BORDER_COLOR, borderColor);[31m[39m
[31m                                    ^[31m[39m
[33mD:/USTC/CG/Final/BubbleRender/refraction/entry/src/main/cpp/napi_init.cpp:658:28: warning: expression result unused [-Wunused-value][33m[39m
[33m    delete g_RefractModel, g_SkyboxModel;[33m[39m
[33m                           ^~~~~~~~~~~~~[33m[39m
[33m1 warning and 6 errors generated.[33m[39m
[32m[32m[39m
[32m[5/6] Building CXX object CMakeFiles/entry.dir/render/model.cpp.o[32m[39m
[33mclang++: warning: argument unused during compilation: '--gcc-toolchain=D:/DevEco Studio/sdk/default/hms/native/BiSheng' [-Wunused-command-line-argument][33m[39m
[32m[32m[39m
[31mninja: build stopped: subcommand failed.[31m[39m
undefined.
[2026-06-20T02:35:31.563] [DEBUG] debug-file - default@BuildNativeWithNinja work[0] failed.
[2026-06-20T02:35:31.563] [ERROR] debug-file - Failed :entry:default@BuildNativeWithNinja... 
[2026-06-20T02:35:31.563] [DEBUG] debug-file - hvigor build process will be closed with an error.
[2026-06-20T02:35:31.564] [DEBUG] debug-file - ERROR: stacktrace = Error: Exceptions happened while executing D:\DevEco Studio\sdk\default\openharmony\native\build-tools\cmake\bin\ninja.exe -C D:\USTC\CG\Final\BubbleRender\refraction\entry\.cxx\default\default\debug\arm64-v8a.
[32mninja: Entering directory `D:\USTC\CG\Final\BubbleRender\refraction\entry\.cxx\default\default\debug\arm64-v8a'[32m[39m
[32m[1/6] Building CXX object CMakeFiles/entry.dir/render/camera.cpp.o[32m[39m
[33mclang++: warning: argument unused during compilation: '--gcc-toolchain=D:/DevEco Studio/sdk/default/hms/native/BiSheng' [-Wunused-command-line-argument][33m[39m
[32m[32m[39m
[32m[2/6] Building CXX object CMakeFiles/entry.dir/render/shader.cpp.o[32m[39m
[33mclang++: warning: argument unused during compilation: '--gcc-toolchain=D:/DevEco Studio/sdk/default/hms/native/BiSheng' [-Wunused-command-line-argument][33m[39m
[32m[32m[39m
[32m[3/6] Building CXX object CMakeFiles/entry.dir/simulation/vortex_sheet.cpp.o[32m[39m
[31mFAILED: CMakeFiles/entry.dir/simulation/vortex_sheet.cpp.o [31m[39m
[32m"D:\DevEco Studio\sdk\default\hms\native\BiSheng\bin\clang++.exe" --target=aarch64-linux-ohos --gcc-toolchain="D:/DevEco Studio/sdk/default/hms/native/BiSheng" --sysroot="D:/DevEco Studio/sdk/default/openharmony/native/sysroot" -Dentry_EXPORTS -I"D:/DevEco Studio/sdk/default/hms/native/sysroot/usr/include" -ID:/USTC/CG/Final/BubbleRender/refraction/entry/src/main/cpp -ID:/USTC/CG/Final/BubbleRender/refraction/entry/src/main/cpp/include -ID:/USTC/CG/Final/BubbleRender/refraction/entry/src/main/cpp/thirdParty -ID:/USTC/CG/Final/BubbleRender/refraction/entry/src/main/cpp/thirdParty/assimp -fdata-sections -ffunction-sections -funwind-tables -fstack-protector-strong -no-canonical-prefixes -fno-addrsig -Wa,--noexecstack -Wformat -Werror=format-security   -D__MUSL__ -O0 -g -fno-limit-debug-info  -fPIC -MD -MT CMakeFiles/entry.dir/simulation/vortex_sheet.cpp.o -MF CMakeFiles\entry.dir\simulation\vortex_sheet.cpp.o.d -o CMakeFiles/entry.dir/simulation/vortex_sheet.cpp.o -c D:/USTC/CG/Final/BubbleRender/refraction/entry/src/main/cpp/simulation/vortex_sheet.cpp[32m[39m
[33mclang++: warning: argument unused during compilation: '--gcc-toolchain=D:/DevEco Studio/sdk/default/hms/native/BiSheng' [-Wunused-command-line-argument][33m[39m
[31mD:/USTC/CG/Final/BubbleRender/refraction/entry/src/main/cpp/simulation/vortex_sheet.cpp:17:24: error: constexpr variable 'kPi' must be initialized by a constant expression[31m[39m
[31mstatic constexpr float kPi      = glm::pi<float>();[31m[39m
[31m                       ^          ~~~~~~~~~~~~~~~~[31m[39m
[31mD:/USTC/CG/Final/BubbleRender/refraction/entry/src/main/cpp/simulation/vortex_sheet.cpp:17:35: note: non-constexpr function 'pi<float>' cannot be used in a constant expression[31m[39m
[31mstatic constexpr float kPi      = glm::pi<float>();[31m[39m
[31m                                  ^[31m[39m
[31mD:/USTC/CG/Final/BubbleRender/refraction/entry/src/main/cpp/thirdParty/glm/gtc/constants.inl:56:29: note: declared here[31m[39m
[31m        GLM_FUNC_QUALIFIER genType pi()[31m[39m
[31m                                   ^[31m[39m
[31mD:/USTC/CG/Final/BubbleRender/refraction/entry/src/main/cpp/simulation/vortex_sheet.cpp:18:24: error: constexpr variable 'kFourPi' must be initialized by a constant expression[31m[39m
[31mstatic constexpr float kFourPi  = 4.0f * kPi;[31m[39m
[31m                       ^          ~~~~~~~~~~[31m[39m
[31mD:/USTC/CG/Final/BubbleRender/refraction/entry/src/main/cpp/simulation/vortex_sheet.cpp:18:42: note: initializer of 'kPi' is not a constant expression[31m[39m
[31mstatic constexpr float kFourPi  = 4.0f * kPi;[31m[39m
[31m                                         ^[31m[39m
[31mD:/USTC/CG/Final/BubbleRender/refraction/entry/src/main/cpp/simulation/vortex_sheet.cpp:17:24: note: declared here[31m[39m
[31m[31m[39m
[31mstatic constexpr float kPi      = glm::pi<float>();[31m[39m
[31m[31m[39m
[31m                       ^[31m[39m
[31m[31m[39m
[33mD:/USTC/CG/Final/BubbleRender/refraction/entry/src/main/cpp/simulation/vortex_sheet.cpp:336:22: warning: decomposition declarations are a C++17 extension [-Wc++17-extensions][33m[39m
[33m[33m[39m
[33m    for (const auto& [key, faceList] : edgeFaces) {[33m[39m
[33m[33m[39m
[33m                     ^~~~~~~~~~~~~~~[33m[39m
[33m[33m[39m
[33m1 warning and 2 errors generated.[33m[39m
[32m[32m[39m
[32m[4/6] Building CXX object CMakeFiles/entry.dir/napi_init.cpp.o[32m[39m
[31mFAILED: CMakeFiles/entry.dir/napi_init.cpp.o [31m[39m
[32m"D:\DevEco Studio\sdk\default\hms\native\BiSheng\bin\clang++.exe" --target=aarch64-linux-ohos --gcc-toolchain="D:/DevEco Studio/sdk/default/hms/native/BiSheng" --sysroot="D:/DevEco Studio/sdk/default/openharmony/native/sysroot" -Dentry_EXPORTS -I"D:/DevEco Studio/sdk/default/hms/native/sysroot/usr/include" -ID:/USTC/CG/Final/BubbleRender/refraction/entry/src/main/cpp -ID:/USTC/CG/Final/BubbleRender/refraction/entry/src/main/cpp/include -ID:/USTC/CG/Final/BubbleRender/refraction/entry/src/main/cpp/thirdParty -ID:/USTC/CG/Final/BubbleRender/refraction/entry/src/main/cpp/thirdParty/assimp -fdata-sections -ffunction-sections -funwind-tables -fstack-protector-strong -no-canonical-prefixes -fno-addrsig -Wa,--noexecstack -Wformat -Werror=format-security   -D__MUSL__ -O0 -g -fno-limit-debug-info  -fPIC -MD -MT CMakeFiles/entry.dir/napi_init.cpp.o -MF CMakeFiles\entry.dir\napi_init.cpp.o.d -o CMakeFiles/entry.dir/napi_init.cpp.o -c D:/USTC/CG/Final/BubbleRender/refraction/entry/src/main/cpp/napi_init.cpp[32m[39m
[33mclang++: warning: argument unused during compilation: '--gcc-toolchain=D:/DevEco Studio/sdk/default/hms/native/BiSheng' [-Wunused-command-line-argument][33m[39m
[31mD:/USTC/CG/Final/BubbleRender/refraction/entry/src/main/cpp/napi_init.cpp:205:55: error: use of undeclared identifier 'GL_CLAMP_TO_BORDER'[31m[39m
[31m    glTexParameteri(GL_TEXTURE_2D, GL_TEXTURE_WRAP_S, GL_CLAMP_TO_BORDER);[31m[39m
[31m                                                      ^[31m[39m
[31mD:/USTC/CG/Final/BubbleRender/refraction/entry/src/main/cpp/napi_init.cpp:206:55: error: use of undeclared identifier 'GL_CLAMP_TO_BORDER'[31m[39m
[31m    glTexParameteri(GL_TEXTURE_2D, GL_TEXTURE_WRAP_T, GL_CLAMP_TO_BORDER);[31m[39m
[31m                                                      ^[31m[39m
[31mD:/USTC/CG/Final/BubbleRender/refraction/entry/src/main/cpp/napi_init.cpp:207:37: error: use of undeclared identifier 'GL_TEXTURE_BORDER_COLOR'[31m[39m
[31m    glTexParameterfv(GL_TEXTURE_2D, GL_TEXTURE_BORDER_COLOR, borderColor);[31m[39m
[31m                                    ^[31m[39m
[31mD:/USTC/CG/Final/BubbleRender/refraction/entry/src/main/cpp/napi_init.cpp:221:55: error: use of undeclared identifier 'GL_CLAMP_TO_BORDER'[31m[39m
[31m    glTexParameteri(GL_TEXTURE_2D, GL_TEXTURE_WRAP_S, GL_CLAMP_TO_BORDER);[31m[39m
[31m                                                      ^[31m[39m
[31mD:/USTC/CG/Final/BubbleRender/refraction/entry/src/main/cpp/napi_init.cpp:222:55: error: use of undeclared identifier 'GL_CLAMP_TO_BORDER'[31m[39m
[31m    glTexParameteri(GL_TEXTURE_2D, GL_TEXTURE_WRAP_T, GL_CLAMP_TO_BORDER);[31m[39m
[31m                                                      ^[31m[39m
[31mD:/USTC/CG/Final/BubbleRender/refraction/entry/src/main/cpp/napi_init.cpp:223:37: error: use of undeclared identifier 'GL_TEXTURE_BORDER_COLOR'[31m[39m
[31m    glTexParameterfv(GL_TEXTURE_2D, GL_TEXTURE_BORDER_COLOR, borderColor);[31m[39m
[31m                                    ^[31m[39m
[33mD:/USTC/CG/Final/BubbleRender/refraction/entry/src/main/cpp/napi_init.cpp:658:28: warning: expression result unused [-Wunused-value][33m[39m
[33m    delete g_RefractModel, g_SkyboxModel;[33m[39m
[33m                           ^~~~~~~~~~~~~[33m[39m
[33m1 warning and 6 errors generated.[33m[39m
[32m[32m[39m
[32m[5/6] Building CXX object CMakeFiles/entry.dir/render/model.cpp.o[32m[39m
[33mclang++: warning: argument unused during compilation: '--gcc-toolchain=D:/DevEco Studio/sdk/default/hms/native/BiSheng' [-Wunused-command-line-argument][33m[39m
[32m[32m[39m
[31mninja: build stopped: subcommand failed.[31m[39m
undefined
    at OhosLogger.errorMessageExit (D:\DevEco Studio\tools\hvigor\hvigor\src\base\log\hvigor-log.js:1:3497)
    at OhosLogger._printErrorAndExit (D:\DevEco Studio\tools\hvigor\hvigor-ohos-plugin\src\utils\log\ohos-logger.js:1:2024)
    at ChildProcess.<anonymous> (D:\DevEco Studio\tools\hvigor\hvigor-ohos-plugin\src\tasks\abstract-build-native.js:1:2787)
    at process.processTicksAndRejections (node:internal/process/task_queues:95:5)
[2026-06-20T02:35:31.565] [ERROR] debug-file - Error: Exceptions happened while executing D:\DevEco Studio\sdk\default\openharmony\native\build-tools\cmake\bin\ninja.exe -C D:\USTC\CG\Final\BubbleRender\refraction\entry\.cxx\default\default\debug\arm64-v8a.
[32mninja: Entering directory `D:\USTC\CG\Final\BubbleRender\refraction\entry\.cxx\default\default\debug\arm64-v8a'[32m[39m
[32m[1/6] Building CXX object CMakeFiles/entry.dir/render/camera.cpp.o[32m[39m
[33mclang++: warning: argument unused during compilation: '--gcc-toolchain=D:/DevEco Studio/sdk/default/hms/native/BiSheng' [-Wunused-command-line-argument][33m[39m
[32m[32m[39m
[32m[2/6] Building CXX object CMakeFiles/entry.dir/render/shader.cpp.o[32m[39m
[33mclang++: warning: argument unused during compilation: '--gcc-toolchain=D:/DevEco Studio/sdk/default/hms/native/BiSheng' [-Wunused-command-line-argument][33m[39m
[32m[32m[39m
[32m[3/6] Building CXX object CMakeFiles/entry.dir/simulation/vortex_sheet.cpp.o[32m[39m
[31mFAILED: CMakeFiles/entry.dir/simulation/vortex_sheet.cpp.o [31m[39m
[32m"D:\DevEco Studio\sdk\default\hms\native\BiSheng\bin\clang++.exe" --target=aarch64-linux-ohos --gcc-toolchain="D:/DevEco Studio/sdk/default/hms/native/BiSheng" --sysroot="D:/DevEco Studio/sdk/default/openharmony/native/sysroot" -Dentry_EXPORTS -I"D:/DevEco Studio/sdk/default/hms/native/sysroot/usr/include" -ID:/USTC/CG/Final/BubbleRender/refraction/entry/src/main/cpp -ID:/USTC/CG/Final/BubbleRender/refraction/entry/src/main/cpp/include -ID:/USTC/CG/Final/BubbleRender/refraction/entry/src/main/cpp/thirdParty -ID:/USTC/CG/Final/BubbleRender/refraction/entry/src/main/cpp/thirdParty/assimp -fdata-sections -ffunction-sections -funwind-tables -fstack-protector-strong -no-canonical-prefixes -fno-addrsig -Wa,--noexecstack -Wformat -Werror=format-security   -D__MUSL__ -O0 -g -fno-limit-debug-info  -fPIC -MD -MT CMakeFiles/entry.dir/simulation/vortex_sheet.cpp.o -MF CMakeFiles\entry.dir\simulation\vortex_sheet.cpp.o.d -o CMakeFiles/entry.dir/simulation/vortex_sheet.cpp.o -c D:/USTC/CG/Final/BubbleRender/refraction/entry/src/main/cpp/simulation/vortex_sheet.cpp[32m[39m
[33mclang++: warning: argument unused during compilation: '--gcc-toolchain=D:/DevEco Studio/sdk/default/hms/native/BiSheng' [-Wunused-command-line-argument][33m[39m
[31mD:/USTC/CG/Final/BubbleRender/refraction/entry/src/main/cpp/simulation/vortex_sheet.cpp:17:24: error: constexpr variable 'kPi' must be initialized by a constant expression[31m[39m
[31mstatic constexpr float kPi      = glm::pi<float>();[31m[39m
[31m                       ^          ~~~~~~~~~~~~~~~~[31m[39m
[31mD:/USTC/CG/Final/BubbleRender/refraction/entry/src/main/cpp/simulation/vortex_sheet.cpp:17:35: note: non-constexpr function 'pi<float>' cannot be used in a constant expression[31m[39m
[31mstatic constexpr float kPi      = glm::pi<float>();[31m[39m
[31m                                  ^[31m[39m
[31mD:/USTC/CG/Final/BubbleRender/refraction/entry/src/main/cpp/thirdParty/glm/gtc/constants.inl:56:29: note: declared here[31m[39m
[31m        GLM_FUNC_QUALIFIER genType pi()[31m[39m
[31m                                   ^[31m[39m
[31mD:/USTC/CG/Final/BubbleRender/refraction/entry/src/main/cpp/simulation/vortex_sheet.cpp:18:24: error: constexpr variable 'kFourPi' must be initialized by a constant expression[31m[39m
[31mstatic constexpr float kFourPi  = 4.0f * kPi;[31m[39m
[31m                       ^          ~~~~~~~~~~[31m[39m
[31mD:/USTC/CG/Final/BubbleRender/refraction/entry/src/main/cpp/simulation/vortex_sheet.cpp:18:42: note: initializer of 'kPi' is not a constant expression[31m[39m
[31mstatic constexpr float kFourPi  = 4.0f * kPi;[31m[39m
[31m                                         ^[31m[39m
[31mD:/USTC/CG/Final/BubbleRender/refraction/entry/src/main/cpp/simulation/vortex_sheet.cpp:17:24: note: declared here[31m[39m
[31m[31m[39m
[31mstatic constexpr float kPi      = glm::pi<float>();[31m[39m
[31m[31m[39m
[31m                       ^[31m[39m
[31m[31m[39m
[33mD:/USTC/CG/Final/BubbleRender/refraction/entry/src/main/cpp/simulation/vortex_sheet.cpp:336:22: warning: decomposition declarations are a C++17 extension [-Wc++17-extensions][33m[39m
[33m[33m[39m
[33m    for (const auto& [key, faceList] : edgeFaces) {[33m[39m
[33m[33m[39m
[33m                     ^~~~~~~~~~~~~~~[33m[39m
[33m[33m[39m
[33m1 warning and 2 errors generated.[33m[39m
[32m[32m[39m
[32m[4/6] Building CXX object CMakeFiles/entry.dir/napi_init.cpp.o[32m[39m
[31mFAILED: CMakeFiles/entry.dir/napi_init.cpp.o [31m[39m
[32m"D:\DevEco Studio\sdk\default\hms\native\BiSheng\bin\clang++.exe" --target=aarch64-linux-ohos --gcc-toolchain="D:/DevEco Studio/sdk/default/hms/native/BiSheng" --sysroot="D:/DevEco Studio/sdk/default/openharmony/native/sysroot" -Dentry_EXPORTS -I"D:/DevEco Studio/sdk/default/hms/native/sysroot/usr/include" -ID:/USTC/CG/Final/BubbleRender/refraction/entry/src/main/cpp -ID:/USTC/CG/Final/BubbleRender/refraction/entry/src/main/cpp/include -ID:/USTC/CG/Final/BubbleRender/refraction/entry/src/main/cpp/thirdParty -ID:/USTC/CG/Final/BubbleRender/refraction/entry/src/main/cpp/thirdParty/assimp -fdata-sections -ffunction-sections -funwind-tables -fstack-protector-strong -no-canonical-prefixes -fno-addrsig -Wa,--noexecstack -Wformat -Werror=format-security   -D__MUSL__ -O0 -g -fno-limit-debug-info  -fPIC -MD -MT CMakeFiles/entry.dir/napi_init.cpp.o -MF CMakeFiles\entry.dir\napi_init.cpp.o.d -o CMakeFiles/entry.dir/napi_init.cpp.o -c D:/USTC/CG/Final/BubbleRender/refraction/entry/src/main/cpp/napi_init.cpp[32m[39m
[33mclang++: warning: argument unused during compilation: '--gcc-toolchain=D:/DevEco Studio/sdk/default/hms/native/BiSheng' [-Wunused-command-line-argument][33m[39m
[31mD:/USTC/CG/Final/BubbleRender/refraction/entry/src/main/cpp/napi_init.cpp:205:55: error: use of undeclared identifier 'GL_CLAMP_TO_BORDER'[31m[39m
[31m    glTexParameteri(GL_TEXTURE_2D, GL_TEXTURE_WRAP_S, GL_CLAMP_TO_BORDER);[31m[39m
[31m                                                      ^[31m[39m
[31mD:/USTC/CG/Final/BubbleRender/refraction/entry/src/main/cpp/napi_init.cpp:206:55: error: use of undeclared identifier 'GL_CLAMP_TO_BORDER'[31m[39m
[31m    glTexParameteri(GL_TEXTURE_2D, GL_TEXTURE_WRAP_T, GL_CLAMP_TO_BORDER);[31m[39m
[31m                                                      ^[31m[39m
[31mD:/USTC/CG/Final/BubbleRender/refraction/entry/src/main/cpp/napi_init.cpp:207:37: error: use of undeclared identifier 'GL_TEXTURE_BORDER_COLOR'[31m[39m
[31m    glTexParameterfv(GL_TEXTURE_2D, GL_TEXTURE_BORDER_COLOR, borderColor);[31m[39m
[31m                                    ^[31m[39m
[31mD:/USTC/CG/Final/BubbleRender/refraction/entry/src/main/cpp/napi_init.cpp:221:55: error: use of undeclared identifier 'GL_CLAMP_TO_BORDER'[31m[39m
[31m    glTexParameteri(GL_TEXTURE_2D, GL_TEXTURE_WRAP_S, GL_CLAMP_TO_BORDER);[31m[39m
[31m                                                      ^[31m[39m
[31mD:/USTC/CG/Final/BubbleRender/refraction/entry/src/main/cpp/napi_init.cpp:222:55: error: use of undeclared identifier 'GL_CLAMP_TO_BORDER'[31m[39m
[31m    glTexParameteri(GL_TEXTURE_2D, GL_TEXTURE_WRAP_T, GL_CLAMP_TO_BORDER);[31m[39m
[31m                                                      ^[31m[39m
[31mD:/USTC/CG/Final/BubbleRender/refraction/entry/src/main/cpp/napi_init.cpp:223:37: error: use of undeclared identifier 'GL_TEXTURE_BORDER_COLOR'[31m[39m
[31m    glTexParameterfv(GL_TEXTURE_2D, GL_TEXTURE_BORDER_COLOR, borderColor);[31m[39m
[31m                                    ^[31m[39m
[33mD:/USTC/CG/Final/BubbleRender/refraction/entry/src/main/cpp/napi_init.cpp:658:28: warning: expression result unused [-Wunused-value][33m[39m
[33m    delete g_RefractModel, g_SkyboxModel;[33m[39m
[33m                           ^~~~~~~~~~~~~[33m[39m
[33m1 warning and 6 errors generated.[33m[39m
[32m[32m[39m
[32m[5/6] Building CXX object CMakeFiles/entry.dir/render/model.cpp.o[32m[39m
[33mclang++: warning: argument unused during compilation: '--gcc-toolchain=D:/DevEco Studio/sdk/default/hms/native/BiSheng' [-Wunused-command-line-argument][33m[39m
[32m[32m[39m
[31mninja: build stopped: subcommand failed.[31m[39m
undefined
    at OhosLogger.errorMessageExit (D:\DevEco Studio\tools\hvigor\hvigor\src\base\log\hvigor-log.js:1:3497)
    at OhosLogger._printErrorAndExit (D:\DevEco Studio\tools\hvigor\hvigor-ohos-plugin\src\utils\log\ohos-logger.js:1:2024)
    at ChildProcess.<anonymous> (D:\DevEco Studio\tools\hvigor\hvigor-ohos-plugin\src\tasks\abstract-build-native.js:1:2787)
    at process.processTicksAndRejections (node:internal/process/task_queues:95:5)
[2026-06-20T02:35:31.567] [DEBUG] debug-file - worker[15] exits with exit code 1.
[2026-06-20T02:35:31.568] [DEBUG] debug-file - A work dispatched to worker[15] failed because unable to get work from ready queue.
[2026-06-20T02:35:31.568] [DEBUG] debug-file - worker[16] exits with exit code 1.
[2026-06-20T02:35:31.569] [DEBUG] debug-file - A work dispatched to worker[16] failed because unable to get work from ready queue.
[2026-06-20T02:35:31.570] [DEBUG] debug-file - Cleanup worker 4.
[2026-06-20T02:35:31.571] [DEBUG] debug-file - Worker 4 has been cleaned up.
[2026-06-20T02:35:31.571] [DEBUG] debug-file - Current idle worker size: 2.
[2026-06-20T02:35:31.571] [DEBUG] debug-file - Current resident worker size: 3.
[2026-06-20T02:35:31.571] [DEBUG] debug-file - Cleanup worker 0.
[2026-06-20T02:35:31.571] [DEBUG] debug-file - Worker 0 has been cleaned up.
[2026-06-20T02:35:31.572] [DEBUG] debug-file - Current idle worker size: 1.
[2026-06-20T02:35:31.572] [DEBUG] debug-file - Current resident worker size: 3.
[2026-06-20T02:35:31.572] [DEBUG] debug-file - Cleanup worker 1.
[2026-06-20T02:35:31.572] [DEBUG] debug-file - Worker 1 has been cleaned up.
[2026-06-20T02:35:31.572] [DEBUG] debug-file - Current idle worker size: 0.
[2026-06-20T02:35:31.572] [DEBUG] debug-file - Current resident worker size: 3.
[2026-06-20T02:35:31.573] [DEBUG] debug-file - hvigor build process will be closed.
[2026-06-20T02:35:31.624] [DEBUG] debug-file - worker[1] exits with exit code 1.
[2026-06-20T02:35:31.628] [DEBUG] debug-file - worker[0] exits with exit code 1.
[2026-06-20T02:35:31.664] [DEBUG] debug-file - worker[4] exits with exit code 1.
[2026-06-20T02:35:31.733] [DEBUG] debug-file - session manager: send message to worker process.
[2026-06-20T02:35:31.740] [DEBUG] debug-file - session manager: send message to worker process.
[2026-06-20T02:35:31.738] [DEBUG] debug-file - watch worker: worker id should be larger than 0. Nothing will be sent to any worker thread.
[2026-06-20T02:35:31.743] [DEBUG] debug-file - watch worker: worker id should be larger than 0. Nothing will be sent to any worker thread.
[2026-06-20T02:50:51.846] [DEBUG] debug-file - env: nodejsVersion=v18.20.1
[2026-06-20T02:50:51.951] [DEBUG] debug-file - env: daemon=true
[2026-06-20T02:50:51.847] [DEBUG] debug-file - env: hvigor-config.json5 content = {
  modelVersion: '6.0.2',
  dependencies: {},
  execution: {},
  logging: {},
  debugging: {},
  nodeOptions: {}
}
[2026-06-20T02:50:53.492] [DEBUG] debug-file - hvigor java daemon: Starting java daemon. jvmXmxValue=512m, jarPath=D:\DevEco Studio\tools\hvigor\hvigor\lib\hvigor-java-daemon.jar
[2026-06-20T02:50:53.494] [DEBUG] debug-file - hvigor java daemon: Read cache file, 
    port=45050, pid=35696, sessionId exists=true
[2026-06-20T02:50:53.549] [DEBUG] debug-file - hvigor java daemon: tryConnect failed, Error: connect ECONNREFUSED 127.0.0.1:45050, will start new daemon
[2026-06-20T02:50:53.562] [DEBUG] debug-file - java daemon started at port 45050 pid 2220
[2026-06-20T02:50:53.611] [DEBUG] debug-file - session manager: set active socket. socketId=20CPVkVo4YjzrEwkAAAB
[2026-06-20T02:50:54.723] [DEBUG] debug-file - watch worker: worker id should be larger than 0. Nothing will be sent to any worker thread.
[2026-06-20T02:50:54.733] [DEBUG] debug-file - Since there is no instance or instance is terminated, create a new worker pool.
[2026-06-20T02:50:54.733] [DEBUG] debug-file - Worker pool is initialized with config:  {
  minPoolNum: 2,
  maxPoolNum: undefined,
  maxCoreSize: undefined,
  cacheCapacity: undefined,
  cacheTtl: undefined
}
[2026-06-20T02:50:54.735] [DEBUG] debug-file - Create  resident worker with id: 0.
[2026-06-20T02:50:54.737] [DEBUG] debug-file - Create  resident worker with id: 1.
[2026-06-20T02:50:54.740] [DEBUG] debug-file - Workers' log level updated to INFO
[2026-06-20T02:50:54.753] [DEBUG] debug-file - Hvigor init with startParameters:{
  hvigorfileTypeCheck: false,
  parallelExecution: true,
  incrementalExecution: true,
  printStackTrace: false,
  daemon: true,
  analyze: 0,
  logLevel: Level { level: 20000, levelStr: 'INFO', colour: 'green' },
  optimizationStrategy: 'memory',
  hotCompile: undefined,
  hotReloadBuild: undefined,
  customizedParam: undefined
}
[2026-06-20T02:50:54.859] [DEBUG] debug-file - Cache service initialization finished in 106 ms 
[2026-06-20T02:50:54.861] [DEBUG] debug-file - hvigorfile, resolving D:\USTC\CG\Final\BubbleRender\refraction\hvigorfile.ts
[2026-06-20T02:50:58.781] [DEBUG] debug-file - hvigorfile, require result:  { default: { plugins: [] } }
[2026-06-20T02:50:58.781] [DEBUG] debug-file - hvigorfile, binding system plugins null
[2026-06-20T02:50:58.782] [DEBUG] debug-file - Starting plugin build process
[2026-06-20T02:50:58.782] [DEBUG] debug-file - App plugin prepare start...
[2026-06-20T02:50:58.782] [DEBUG] debug-file - App plugin prepare end...
[2026-06-20T02:50:58.782] [DEBUG] debug-file - App plugin creating...
[2026-06-20T02:50:59.010] [DEBUG] debug-file - App plugin register hook start...
[2026-06-20T02:50:59.010] [DEBUG] debug-file - App plugin register hook end...
[2026-06-20T02:50:59.010] [DEBUG] debug-file - Plugin build process completed
[2026-06-20T02:50:59.012] [DEBUG] debug-file - Start initialize project's product build option map with build mode debug.
[2026-06-20T02:50:59.012] [DEBUG] debug-file - Picking option from product 'default' with build mode 'debug'.
[2026-06-20T02:50:59.012] [DEBUG] debug-file - Product 'default' build option initialized
[2026-06-20T02:50:59.012] [DEBUG] debug-file - End initialize project's product build option map with build mode 'debug'.
[2026-06-20T02:50:59.014] [DEBUG] debug-file - Obtain build option for product 'default'in this build.
[2026-06-20T02:50:59.017] [DEBUG] debug-file - not found resModel json file in : D:\USTC\CG\Final\BubbleRender\refraction\entry\src\ohosTest\module.json5
[2026-06-20T02:50:59.031] [DEBUG] debug-file - No signingConfig found, initRemoteHspCache failed.
[2026-06-20T02:50:59.035] [DEBUG] debug-file - Local scan or download HarmonyOS sdk components toolchains,ets,js,native,previewer
[2026-06-20T02:50:59.042] [DEBUG] debug-file - Local scan or download hmscore sdk components toolchains,ets,native
[2026-06-20T02:50:59.045] [DEBUG] debug-file - Start recording SDK configuration permission data.
[2026-06-20T02:50:59.084] [DEBUG] debug-file - Sdk init in 51 ms 
[2026-06-20T02:50:59.092] [DEBUG] debug-file - Project task initialization takes 7 ms 
[2026-06-20T02:50:59.093] [DEBUG] debug-file - hvigorfile, binding custom plugins []
[2026-06-20T02:50:59.093] [DEBUG] debug-file - hvigorfile, no custom plugins were found in D:\USTC\CG\Final\BubbleRender\refraction\hvigorfile.ts
[2026-06-20T02:50:59.093] [DEBUG] debug-file - hvigorfile, resolve finished D:\USTC\CG\Final\BubbleRender\refraction\hvigorfile.ts
[2026-06-20T02:50:59.094] [DEBUG] debug-file - hvigorfile, resolving D:\USTC\CG\Final\BubbleRender\refraction\entry\hvigorfile.ts
[2026-06-20T02:50:59.102] [DEBUG] debug-file - hvigorfile, require result:  { default: { plugins: [] } }
[2026-06-20T02:50:59.102] [DEBUG] debug-file - hvigorfile, binding system plugins null
[2026-06-20T02:50:59.103] [DEBUG] debug-file - Starting plugin build process
[2026-06-20T02:50:59.103] [DEBUG] debug-file - Hap plugin creating...
[2026-06-20T02:50:59.104] [DEBUG] debug-file - failed to load cangjie to dynamically generate schemas: Error: Cannot find module '@ohos/cangjie-build-support/index'
Require stack:
- D:\DevEco Studio\tools\hvigor\hvigor-ohos-plugin\src\plugin\hooks\cangjie-register.js
- D:\DevEco Studio\tools\hvigor\hvigor-ohos-plugin\src\plugin\strategy\stage-init-strategy.js
- D:\DevEco Studio\tools\hvigor\hvigor-ohos-plugin\src\plugin\builder\abstract-plugin-builder.js
- D:\DevEco Studio\tools\hvigor\hvigor-ohos-plugin\src\plugin\builder\app-plugin-builder.js
- D:\DevEco Studio\tools\hvigor\hvigor-ohos-plugin\src\plugin\factory\plugin-factory.js
- D:\DevEco Studio\tools\hvigor\hvigor-ohos-plugin\index.js
- D:\USTC\CG\Final\BubbleRender\refraction\hvigorfile.ts
- D:\DevEco Studio\tools\hvigor\hvigor\src\base\internal\lifecycle\configuration.js
- D:\DevEco Studio\tools\hvigor\hvigor\src\base\boot\index.js
- D:\DevEco Studio\tools\hvigor\hvigor\src\base\daemon\cluster\worker-process-lifecycle.js
- D:\DevEco Studio\tools\hvigor\hvigor\src\base\daemon\process\daemon-process-boot-script.js
[2026-06-20T02:50:59.130] [DEBUG] debug-file - Start initialize module-target build option map, moduleName=entry, buildMode=debug
[2026-06-20T02:50:59.130] [DEBUG] debug-file - Target 'default' config initialized
[2026-06-20T02:50:59.132] [DEBUG] debug-file - Target 'ohosTest' config initialized
[2026-06-20T02:50:59.132] [DEBUG] debug-file - Module 'entry' target 'default' build option initialized
[2026-06-20T02:50:59.132] [DEBUG] debug-file - Module 'entry' target 'ohosTest' build option initialized
[2026-06-20T02:50:59.132] [DEBUG] debug-file - End initialize module-target build option map, moduleName=entry
[2026-06-20T02:50:59.132] [DEBUG] debug-file - Start initialize module-target build option map, moduleName=entry, buildMode=release
[2026-06-20T02:50:59.132] [DEBUG] debug-file - Target 'default' config initialized
[2026-06-20T02:50:59.133] [DEBUG] debug-file - Target 'ohosTest' config initialized
[2026-06-20T02:50:59.134] [DEBUG] debug-file - Module 'entry' target 'default' build option initialized
[2026-06-20T02:50:59.134] [DEBUG] debug-file - Module 'entry' target 'ohosTest' build option initialized
[2026-06-20T02:50:59.134] [DEBUG] debug-file - End initialize module-target build option map, moduleName=entry
[2026-06-20T02:50:59.134] [DEBUG] debug-file - Start initialize module-target build option map, moduleName=entry, buildMode=debug
[2026-06-20T02:50:59.134] [DEBUG] debug-file - Target 'default' config initialized
[2026-06-20T02:50:59.135] [DEBUG] debug-file - Target 'ohosTest' config initialized
[2026-06-20T02:50:59.135] [DEBUG] debug-file - Module 'entry' target 'default' build option initialized
[2026-06-20T02:50:59.135] [DEBUG] debug-file - Module 'entry' target 'ohosTest' build option initialized
[2026-06-20T02:50:59.135] [DEBUG] debug-file - End initialize module-target build option map, moduleName=entry
[2026-06-20T02:50:59.135] [DEBUG] debug-file - Obtain build option for module 'entry' target 'default'in this build.
[2026-06-20T02:50:59.144] [DEBUG] debug-file - Module entry task initialization takes 7 ms 
[2026-06-20T02:50:59.144] [DEBUG] debug-file - Hap plugin register hook start...
[2026-06-20T02:50:59.144] [DEBUG] debug-file - Hap plugin register hook end...
[2026-06-20T02:50:59.144] [DEBUG] debug-file - Plugin build process completed
[2026-06-20T02:50:59.144] [DEBUG] debug-file - hvigorfile, binding custom plugins []
[2026-06-20T02:50:59.144] [DEBUG] debug-file - hvigorfile, no custom plugins were found in D:\USTC\CG\Final\BubbleRender\refraction\entry\hvigorfile.ts
[2026-06-20T02:50:59.144] [DEBUG] debug-file - hvigorfile, resolve finished D:\USTC\CG\Final\BubbleRender\refraction\entry\hvigorfile.ts
[2026-06-20T02:50:59.174] [DEBUG] debug-file - hvigorfile, resolve hvigorfile dependencies in 29 ms 
[2026-06-20T02:50:59.175] [DEBUG] debug-file - project has submodules:entry
[2026-06-20T02:50:59.177] [DEBUG] debug-file - start to load updatedOhPackageInfo to the disk
[2026-06-20T02:50:59.180] [DEBUG] debug-file - load to the disk finished
[2026-06-20T02:50:59.181] [DEBUG] debug-file - Start to initialize dependency information.
[2026-06-20T02:50:59.192] [DEBUG] debug-file - Module refraction Collected Dependency: 
[2026-06-20T02:50:59.193] [DEBUG] debug-file - Module refraction's total dependency: 0
[2026-06-20T02:50:59.195] [DEBUG] debug-file - Start to initialize dependency information.
[2026-06-20T02:50:59.201] [DEBUG] debug-file - Module entry Collected Dependency: D:\USTC\CG\Final\BubbleRender\refraction\entry\src\main\cpp\types\libentry
[2026-06-20T02:50:59.201] [DEBUG] debug-file - Module entry's total dependency: 1
[2026-06-20T02:50:59.208] [DEBUG] debug-file - Configuration phase cost:4 s 349 ms 
[2026-06-20T02:50:59.211] [DEBUG] debug-file - Configuration task cost before running: 4 s 469 ms 
[2026-06-20T02:50:59.219] [DEBUG] debug-file - Executing task :entry:default@PreBuild
[2026-06-20T02:50:59.220] [DEBUG] debug-file - Task 'entry:default@PreBuild' cost while wrapping incremental declarations: 1 ms 
[2026-06-20T02:50:59.235] [DEBUG] debug-file - Incremental task entry:default@PreBuild pre-execution cost: 11 ms .
[2026-06-20T02:50:59.235] [DEBUG] debug-file - entry : default@PreBuild cost memory 0.46134185791015625
[2026-06-20T02:50:59.237] [INFO] debug-file - UP-TO-DATE :entry:default@PreBuild...  
[2026-06-20T02:50:59.240] [DEBUG] debug-file - Executing task :entry:default@CreateModuleInfo
[2026-06-20T02:50:59.241] [DEBUG] debug-file - Task 'entry:default@CreateModuleInfo' cost while wrapping incremental declarations: 1 ms 
[2026-06-20T02:50:59.243] [DEBUG] debug-file - entry : default@CreateModuleInfo cost memory 0.04290771484375
[2026-06-20T02:50:59.243] [DEBUG] debug-file - runTaskFromQueue task cost before running: 4 s 502 ms 
[2026-06-20T02:50:59.244] [INFO] debug-file - Finished :entry:default@CreateModuleInfo... after 3 ms 
[2026-06-20T02:50:59.246] [DEBUG] debug-file - Executing task :entry:default@GenerateMetadata
[2026-06-20T02:50:59.247] [DEBUG] debug-file - Task 'entry:default@GenerateMetadata' cost while wrapping incremental declarations: 1 ms 
[2026-06-20T02:50:59.249] [DEBUG] debug-file - Incremental task entry:default@GenerateMetadata pre-execution cost: 2 ms .
[2026-06-20T02:50:59.249] [DEBUG] debug-file - entry : default@GenerateMetadata cost memory 0.09084320068359375
[2026-06-20T02:50:59.249] [INFO] debug-file - UP-TO-DATE :entry:default@GenerateMetadata...  
[2026-06-20T02:50:59.250] [DEBUG] debug-file - Executing task :entry:default@ConfigureCmake
[2026-06-20T02:50:59.259] [DEBUG] debug-file - entry : default@ConfigureCmake cost memory 0.334381103515625
[2026-06-20T02:50:59.259] [DEBUG] debug-file - runTaskFromQueue task cost before running: 4 s 518 ms 
[2026-06-20T02:50:59.260] [INFO] debug-file - Finished :entry:default@ConfigureCmake... after 10 ms 
[2026-06-20T02:50:59.261] [DEBUG] debug-file - Executing task :entry:default@MergeProfile
[2026-06-20T02:50:59.262] [DEBUG] debug-file - Task 'entry:default@MergeProfile' cost while wrapping incremental declarations: 1 ms 
[2026-06-20T02:50:59.264] [DEBUG] debug-file - Incremental task entry:default@MergeProfile pre-execution cost: 2 ms .
[2026-06-20T02:50:59.264] [DEBUG] debug-file - entry : default@MergeProfile cost memory 0.13262176513671875
[2026-06-20T02:50:59.264] [INFO] debug-file - UP-TO-DATE :entry:default@MergeProfile...  
[2026-06-20T02:50:59.266] [DEBUG] debug-file - Executing task :entry:default@CreateBuildProfile
[2026-06-20T02:50:59.266] [DEBUG] debug-file - Task 'entry:default@CreateBuildProfile' cost while wrapping incremental declarations: 1 ms 
[2026-06-20T02:50:59.268] [DEBUG] debug-file - Incremental task entry:default@CreateBuildProfile pre-execution cost: 1 ms .
[2026-06-20T02:50:59.268] [DEBUG] debug-file - entry : default@CreateBuildProfile cost memory 0.107940673828125
[2026-06-20T02:50:59.268] [INFO] debug-file - UP-TO-DATE :entry:default@CreateBuildProfile...  
[2026-06-20T02:50:59.269] [DEBUG] debug-file - Executing task :entry:default@PreCheckSyscap
[2026-06-20T02:50:59.270] [DEBUG] debug-file - entry : default@PreCheckSyscap cost memory 0.01474761962890625
[2026-06-20T02:50:59.270] [DEBUG] debug-file - runTaskFromQueue task cost before running: 4 s 528 ms 
[2026-06-20T02:50:59.270] [INFO] debug-file - Finished :entry:default@PreCheckSyscap... after 1 ms 
[2026-06-20T02:50:59.278] [DEBUG] debug-file - Executing task :entry:default@ProcessIntegratedHsp
[2026-06-20T02:50:59.279] [DEBUG] debug-file - entry:default@ProcessIntegratedHsp is not up-to-date, since the output file 'D:\USTC\CG\Final\BubbleRender\refraction\build\cache\default\integrated_hsp\integratedHspCache.json' does not exist.
[2026-06-20T02:50:59.279] [DEBUG] debug-file - Incremental task entry:default@ProcessIntegratedHsp pre-execution cost: 1 ms .
[2026-06-20T02:50:59.279] [DEBUG] debug-file - entry : default@ProcessIntegratedHsp cost memory 0.059234619140625
[2026-06-20T02:50:59.279] [DEBUG] debug-file - runTaskFromQueue task cost before running: 4 s 538 ms 
[2026-06-20T02:50:59.280] [INFO] debug-file - Finished :entry:default@ProcessIntegratedHsp... after 2 ms 
[2026-06-20T02:50:59.282] [DEBUG] debug-file - Executing task :entry:default@BuildNativeWithCmake
[2026-06-20T02:50:59.286] [DEBUG] debug-file - Use tool [Cmake]
 [
  'D:\\DevEco Studio\\sdk\\default\\openharmony\\native\\build-tools\\cmake\\bin\\cmake.exe',
  '-HD:\\USTC\\CG\\Final\\BubbleRender\\refraction\\entry\\src\\main\\cpp',
  '-BD:\\USTC\\CG\\Final\\BubbleRender\\refraction\\entry\\.cxx\\default\\default\\debug\\arm64-v8a',
  '-DOHOS_ARCH=arm64-v8a',
  '-DCMAKE_LIBRARY_OUTPUT_DIRECTORY=D:\\USTC\\CG\\Final\\BubbleRender\\refraction\\entry\\build\\default\\intermediates\\cmake\\default\\obj\\arm64-v8a',
  '-DCMAKE_BUILD_TYPE=Debug',
  '-DOHOS_SDK_NATIVE=D:\\DevEco Studio\\sdk\\default\\openharmony\\native',
  '-DCMAKE_SYSTEM_NAME=OHOS',
  '-DCMAKE_OHOS_ARCH_ABI=arm64-v8a',
  '-DCMAKE_EXPORT_COMPILE_COMMANDS=ON',
  '-DCMAKE_TOOLCHAIN_FILE=D:\\DevEco Studio\\sdk\\default\\hms\\native\\build\\cmake\\hmos.toolchain.bisheng.cmake',
  '-GNinja',
  '-DCMAKE_MAKE_PROGRAM=D:\\DevEco Studio\\sdk\\default\\openharmony\\native\\build-tools\\cmake\\bin\\ninja.exe',
  '-DCMAKE_FIND_ROOT_PATH=D:\\USTC\\CG\\Final\\BubbleRender\\refraction\\entry\\.cxx\\default\\default\\debug\\hvigor\\arm64-v8a',
  '-DPACKAGE_FIND_FILE=D:\\USTC\\CG\\Final\\BubbleRender\\refraction\\entry\\.cxx\\default\\default\\debug\\hvigor\\arm64-v8a\\summary.cmake',
  '--no-warn-unused-cli',
  '-DHMOS_SDK_NATIVE=D:\\DevEco Studio\\sdk\\default\\hms\\native'
]
[2026-06-20T02:50:59.297] [DEBUG] debug-file - - a file changed
[2026-06-20T02:50:59.297] [DEBUG] debug-file -   - D:\USTC\CG\Final\BubbleRender\refraction\entry\src\main\cpp\CMakeLists.txt (LAST_MODIFIED_CHANGED)
[2026-06-20T02:50:59.298] [DEBUG] debug-file - default@BuildNativeWithCmake work[0] is submitted.
[2026-06-20T02:50:59.299] [DEBUG] debug-file - default@BuildNativeWithCmake work[0] is pushed to ready queue.
[2026-06-20T02:50:59.299] [DEBUG] debug-file - A work dispatched to worker[17] failed because unable to get work from ready queue.
[2026-06-20T02:50:59.300] [DEBUG] debug-file - Create  resident worker with id: 16.
[2026-06-20T02:50:59.301] [DEBUG] debug-file - default@BuildNativeWithCmake work[0] has been dispatched to worker[16].
[2026-06-20T02:50:59.301] [DEBUG] debug-file - default@BuildNativeWithCmake work[0] is dispatched.
[2026-06-20T02:50:59.303] [DEBUG] debug-file - Use tool [Cmake]
 [
  'D:\\DevEco Studio\\sdk\\default\\openharmony\\native\\build-tools\\cmake\\bin\\cmake.exe',
  '-HD:\\USTC\\CG\\Final\\BubbleRender\\refraction\\entry\\src\\main\\cpp',
  '-BD:\\USTC\\CG\\Final\\BubbleRender\\refraction\\entry\\.cxx\\default\\default\\debug\\x86_64',
  '-DOHOS_ARCH=x86_64',
  '-DCMAKE_LIBRARY_OUTPUT_DIRECTORY=D:\\USTC\\CG\\Final\\BubbleRender\\refraction\\entry\\build\\default\\intermediates\\cmake\\default\\obj\\x86_64',
  '-DCMAKE_BUILD_TYPE=Debug',
  '-DOHOS_SDK_NATIVE=D:\\DevEco Studio\\sdk\\default\\openharmony\\native',
  '-DCMAKE_SYSTEM_NAME=OHOS',
  '-DCMAKE_OHOS_ARCH_ABI=x86_64',
  '-DCMAKE_EXPORT_COMPILE_COMMANDS=ON',
  '-DCMAKE_TOOLCHAIN_FILE=D:\\DevEco Studio\\sdk\\default\\hms\\native\\build\\cmake\\hmos.toolchain.bisheng.cmake',
  '-GNinja',
  '-DCMAKE_MAKE_PROGRAM=D:\\DevEco Studio\\sdk\\default\\openharmony\\native\\build-tools\\cmake\\bin\\ninja.exe',
  '-DCMAKE_FIND_ROOT_PATH=D:\\USTC\\CG\\Final\\BubbleRender\\refraction\\entry\\.cxx\\default\\default\\debug\\hvigor\\x86_64',
  '-DPACKAGE_FIND_FILE=D:\\USTC\\CG\\Final\\BubbleRender\\refraction\\entry\\.cxx\\default\\default\\debug\\hvigor\\x86_64\\summary.cmake',
  '--no-warn-unused-cli',
  '-DHMOS_SDK_NATIVE=D:\\DevEco Studio\\sdk\\default\\hms\\native'
]
[2026-06-20T02:50:59.314] [DEBUG] debug-file - - a file changed
[2026-06-20T02:50:59.314] [DEBUG] debug-file -   - D:\USTC\CG\Final\BubbleRender\refraction\entry\src\main\cpp\CMakeLists.txt (LAST_MODIFIED_CHANGED)
[2026-06-20T02:50:59.314] [DEBUG] debug-file - default@BuildNativeWithCmake work[1] is submitted.
[2026-06-20T02:50:59.315] [DEBUG] debug-file - default@BuildNativeWithCmake work[1] is pushed to ready queue.
[2026-06-20T02:50:59.315] [DEBUG] debug-file - A work dispatched to worker[17] failed because unable to get work from ready queue.
[2026-06-20T02:50:59.315] [DEBUG] debug-file - A work dispatched to worker[16] failed because of worker busy.
[2026-06-20T02:50:59.315] [DEBUG] debug-file - Create  resident worker with id: 15.
[2026-06-20T02:50:59.317] [DEBUG] debug-file - default@BuildNativeWithCmake work[1] has been dispatched to worker[15].
[2026-06-20T02:50:59.317] [DEBUG] debug-file - default@BuildNativeWithCmake work[1] is dispatched.
[2026-06-20T02:50:59.317] [DEBUG] debug-file - entry : default@BuildNativeWithCmake cost memory 1.629669189453125
[2026-06-20T02:50:59.320] [DEBUG] debug-file - Executing task :entry:default@MakePackInfo
[2026-06-20T02:50:59.325] [DEBUG] debug-file - Incremental task entry:default@MakePackInfo pre-execution cost: 3 ms .
[2026-06-20T02:50:59.325] [DEBUG] debug-file - entry : default@MakePackInfo cost memory 0.1365966796875
[2026-06-20T02:50:59.326] [INFO] debug-file - UP-TO-DATE :entry:default@MakePackInfo...  
[2026-06-20T02:50:59.328] [DEBUG] debug-file - Executing task :entry:default@SyscapTransform
[2026-06-20T02:50:59.328] [DEBUG] debug-file - File: 'D:\USTC\CG\Final\BubbleRender\refraction\entry\src\main\syscap.json' from 'sysCapJsonPath' is not exists, just ignore.
[2026-06-20T02:50:59.328] [DEBUG] debug-file - Task 'entry:default@SyscapTransform' cost while wrapping incremental declarations: 1 ms 
[2026-06-20T02:50:59.364] [DEBUG] debug-file - entry:default@SyscapTransform is not up-to-date, since the output file 'D:\USTC\CG\Final\BubbleRender\refraction\entry\build\default\intermediates\syscap\default\rpcid.sc' does not exist.
[2026-06-20T02:50:59.365] [DEBUG] debug-file - Incremental task entry:default@SyscapTransform pre-execution cost: 37 ms .
[2026-06-20T02:50:59.365] [DEBUG] debug-file - entry : default@SyscapTransform cost memory 0.14882659912109375
[2026-06-20T02:50:59.366] [DEBUG] debug-file - runTaskFromQueue task cost before running: 4 s 624 ms 
[2026-06-20T02:50:59.366] [INFO] debug-file - Finished :entry:default@SyscapTransform... after 39 ms 
[2026-06-20T02:51:01.472] [DEBUG] debug-file - Not searching for unused variables given on the command line.

[2026-06-20T02:51:01.482] [DEBUG] debug-file - Not searching for unused variables given on the command line.

[2026-06-20T02:51:01.888] [DEBUG] debug-file - -- Configuring done (0.4s)

[2026-06-20T02:51:01.889] [DEBUG] debug-file - -- Configuring done (0.4s)

[2026-06-20T02:51:01.944] [DEBUG] debug-file - -- Generating done (0.0s)

[2026-06-20T02:51:01.962] [DEBUG] debug-file - -- Generating done (0.1s)

[2026-06-20T02:51:02.087] [DEBUG] debug-file - -- Build files have been written to: D:/USTC/CG/Final/BubbleRender/refraction/entry/.cxx/default/default/debug/x86_64

[2026-06-20T02:51:02.091] [DEBUG] debug-file - -- Build files have been written to: D:/USTC/CG/Final/BubbleRender/refraction/entry/.cxx/default/default/debug/arm64-v8a

[2026-06-20T02:51:02.100] [DEBUG] debug-file - worker[15] has one work done.
[2026-06-20T02:51:02.131] [DEBUG] debug-file - worker[16] has one work done.
[2026-06-20T02:51:02.179] [DEBUG] debug-file - default@BuildNativeWithCmake work[1] done.
[2026-06-20T02:51:02.179] [DEBUG] debug-file - A work dispatched to worker[15] failed because unable to get work from ready queue.
[2026-06-20T02:51:02.180] [DEBUG] debug-file - default@BuildNativeWithCmake work[0] done.
[2026-06-20T02:51:02.181] [DEBUG] debug-file - A work dispatched to worker[16] failed because unable to get work from ready queue.
[2026-06-20T02:51:02.181] [INFO] debug-file - Finished :entry:default@BuildNativeWithCmake... after 1 s 60 ms 
[2026-06-20T02:51:02.184] [DEBUG] debug-file - Executing task :entry:default@BuildNativeWithNinja
[2026-06-20T02:51:02.186] [DEBUG] debug-file - Use tool [Ninja]
 [
  'D:\\DevEco Studio\\sdk\\default\\openharmony\\native\\build-tools\\cmake\\bin\\ninja.exe',
  '-C',
  'D:\\USTC\\CG\\Final\\BubbleRender\\refraction\\entry\\.cxx\\default\\default\\debug\\arm64-v8a'
]
[2026-06-20T02:51:02.187] [DEBUG] debug-file - default@BuildNativeWithNinja work[2] is submitted.
[2026-06-20T02:51:02.187] [DEBUG] debug-file - default@BuildNativeWithNinja work[2] is pushed to ready queue.
[2026-06-20T02:51:02.187] [DEBUG] debug-file - A work dispatched to worker[17] failed because unable to get work from ready queue.
[2026-06-20T02:51:02.187] [DEBUG] debug-file - default@BuildNativeWithNinja work[2] has been dispatched to worker[16].
[2026-06-20T02:51:02.188] [DEBUG] debug-file - default@BuildNativeWithNinja work[2] is dispatched.
[2026-06-20T02:51:02.198] [DEBUG] debug-file - OHOS_STL is c++_shared
[2026-06-20T02:51:02.199] [DEBUG] debug-file - Copy STL libc++_shared.so to D:\USTC\CG\Final\BubbleRender\refraction\entry\build\default\intermediates\cmake\default\obj\arm64-v8a due to OHOS_STL is 'c++_shared'
[2026-06-20T02:51:02.200] [DEBUG] debug-file - Use tool [Ninja]
 [
  'D:\\DevEco Studio\\sdk\\default\\openharmony\\native\\build-tools\\cmake\\bin\\ninja.exe',
  '-C',
  'D:\\USTC\\CG\\Final\\BubbleRender\\refraction\\entry\\.cxx\\default\\default\\debug\\x86_64'
]
[2026-06-20T02:51:02.200] [DEBUG] debug-file - default@BuildNativeWithNinja work[3] is submitted.
[2026-06-20T02:51:02.200] [DEBUG] debug-file - default@BuildNativeWithNinja work[3] is pushed to ready queue.
[2026-06-20T02:51:02.200] [DEBUG] debug-file - A work dispatched to worker[17] failed because unable to get work from ready queue.
[2026-06-20T02:51:02.200] [DEBUG] debug-file - A work dispatched to worker[16] failed because of worker busy.
[2026-06-20T02:51:02.201] [DEBUG] debug-file - default@BuildNativeWithNinja work[3] has been dispatched to worker[15].
[2026-06-20T02:51:02.201] [DEBUG] debug-file - default@BuildNativeWithNinja work[3] is dispatched.
[2026-06-20T02:51:02.208] [DEBUG] debug-file - OHOS_STL is c++_shared
[2026-06-20T02:51:02.209] [DEBUG] debug-file - Copy STL libc++_shared.so to D:\USTC\CG\Final\BubbleRender\refraction\entry\build\default\intermediates\cmake\default\obj\x86_64 due to OHOS_STL is 'c++_shared'
[2026-06-20T02:51:02.210] [DEBUG] debug-file - entry : default@BuildNativeWithNinja cost memory 2.0533370971679688
[2026-06-20T02:51:02.213] [DEBUG] debug-file - Executing task :entry:default@GeneratePkgContextInfo
[2026-06-20T02:51:02.231] [DEBUG] debug-file - Task 'entry:default@GeneratePkgContextInfo' cost while wrapping incremental declarations: 1 ms 
[2026-06-20T02:51:02.232] [DEBUG] debug-file - Incremental task entry:default@GeneratePkgContextInfo pre-execution cost: 1 ms .
[2026-06-20T02:51:02.233] [DEBUG] debug-file - entry : default@GeneratePkgContextInfo cost memory 1.4205780029296875
[2026-06-20T02:51:02.233] [INFO] debug-file - UP-TO-DATE :entry:default@GeneratePkgContextInfo...  
[2026-06-20T02:51:02.236] [DEBUG] debug-file - Executing task :entry:default@ProcessProfile
[2026-06-20T02:51:02.239] [DEBUG] debug-file - Task 'entry:default@ProcessProfile' cost while wrapping incremental declarations: 1 ms 
[2026-06-20T02:51:02.243] [DEBUG] debug-file - Incremental task entry:default@ProcessProfile pre-execution cost: 3 ms .
[2026-06-20T02:51:02.244] [DEBUG] debug-file - entry : default@ProcessProfile cost memory 0.3886566162109375
[2026-06-20T02:51:02.244] [INFO] debug-file - UP-TO-DATE :entry:default@ProcessProfile...  
[2026-06-20T02:51:02.247] [DEBUG] debug-file - Executing task :entry:default@ProcessRouterMap
[2026-06-20T02:51:02.252] [DEBUG] debug-file - Incremental task entry:default@ProcessRouterMap pre-execution cost: 4 ms .
[2026-06-20T02:51:02.252] [DEBUG] debug-file - entry : default@ProcessRouterMap cost memory -12.789764404296875
[2026-06-20T02:51:02.253] [INFO] debug-file - UP-TO-DATE :entry:default@ProcessRouterMap...  
[2026-06-20T02:51:02.255] [DEBUG] debug-file - Executing task :entry:default@ProcessShareConfig
[2026-06-20T02:51:02.259] [DEBUG] debug-file - Incremental task entry:default@ProcessShareConfig pre-execution cost: 3 ms .
[2026-06-20T02:51:02.259] [DEBUG] debug-file - entry : default@ProcessShareConfig cost memory 0.16118621826171875
[2026-06-20T02:51:02.260] [INFO] debug-file - UP-TO-DATE :entry:default@ProcessShareConfig...  
[2026-06-20T02:51:02.262] [DEBUG] debug-file - Executing task :entry:default@ProcessStartupConfig
[2026-06-20T02:51:02.263] [DEBUG] debug-file - Task 'entry:default@ProcessStartupConfig' cost while wrapping incremental declarations: 1 ms 
[2026-06-20T02:51:02.265] [DEBUG] debug-file - entry:default@ProcessStartupConfig is not up-to-date, since the output file 'D:\USTC\CG\Final\BubbleRender\refraction\entry\build\default\intermediates\startup\default\startup_config.json' does not exist.
[2026-06-20T02:51:02.265] [DEBUG] debug-file - Incremental task entry:default@ProcessStartupConfig pre-execution cost: 1 ms .
[2026-06-20T02:51:02.266] [DEBUG] debug-file - entry : default@ProcessStartupConfig cost memory 0.162811279296875
[2026-06-20T02:51:02.266] [DEBUG] debug-file - runTaskFromQueue task cost before running: 7 s 525 ms 
[2026-06-20T02:51:02.267] [INFO] debug-file - Finished :entry:default@ProcessStartupConfig... after 5 ms 
[2026-06-20T02:51:02.269] [DEBUG] debug-file - restool module names: entry; moduleName=entry, taskName=default@ProcessResource
[2026-06-20T02:51:02.273] [DEBUG] debug-file - Executing task :entry:default@ProcessResource
[2026-06-20T02:51:02.274] [DEBUG] debug-file - Task 'entry:default@ProcessResource' cost while wrapping incremental declarations: 1 ms 
[2026-06-20T02:51:02.275] [DEBUG] debug-file - Incremental task entry:default@ProcessResource pre-execution cost: 1 ms .
[2026-06-20T02:51:02.276] [DEBUG] debug-file - entry : default@ProcessResource cost memory 0.1439666748046875
[2026-06-20T02:51:02.279] [INFO] debug-file - UP-TO-DATE :entry:default@ProcessResource...  
[2026-06-20T02:51:02.283] [DEBUG] debug-file - Executing task :entry:default@GenerateLoaderJson
[2026-06-20T02:51:02.286] [DEBUG] debug-file - Task 'entry:default@GenerateLoaderJson' cost while wrapping incremental declarations: 1 ms 
[2026-06-20T02:51:02.299] [DEBUG] debug-file - Incremental task entry:default@GenerateLoaderJson pre-execution cost: 5 ms .
[2026-06-20T02:51:02.299] [DEBUG] debug-file - entry : default@GenerateLoaderJson cost memory 0.6016616821289062
[2026-06-20T02:51:02.302] [INFO] debug-file - UP-TO-DATE :entry:default@GenerateLoaderJson...  
[2026-06-20T02:51:02.304] [DEBUG] debug-file - restool module names: entry; moduleName=entry, taskName=default@CompileResource
[2026-06-20T02:51:02.306] [DEBUG] debug-file - Executing task :entry:default@CompileResource
[2026-06-20T02:51:02.331] [DEBUG] debug-file - Incremental task entry:default@CompileResource pre-execution cost: 22 ms .
[2026-06-20T02:51:02.332] [DEBUG] debug-file - entry : default@CompileResource cost memory 0.8819580078125
[2026-06-20T02:51:02.333] [INFO] debug-file - UP-TO-DATE :entry:default@CompileResource...  
[2026-06-20T02:51:02.336] [DEBUG] debug-file - Executing task :entry:default@CompileArkTS
[2026-06-20T02:51:02.337] [DEBUG] debug-file - obfuscationOptions: undefined
[2026-06-20T02:51:02.344] [DEBUG] debug-file - Task 'entry:default@CompileArkTS' cost while wrapping incremental declarations: 1 ms 
[2026-06-20T02:51:02.368] [DEBUG] debug-file - build config:
[2026-06-20T02:51:02.369] [DEBUG] debug-file - {
  moduleType: 'entry',
  perf: 0,
  targetName: '.default',
  packageManagerType: 'ohpm',
  localPropertiesPath: 'D:\\USTC\\CG\\Final\\BubbleRender\\refraction\\local.properties',
  isPreview: false,
  isOhosTest: false,
  isLocalTest: false,
  buildMode: 'Debug',
  hotReloadBuild: undefined,
  watchMode: 'false',
  aceProfilePath: 'D:\\USTC\\CG\\Final\\BubbleRender\\refraction\\entry\\build\\default\\intermediates\\res\\default\\resources\\base\\profile',
  etsLoaderPath: 'D:\\DevEco Studio\\sdk\\default\\openharmony\\ets\\build-tools\\ets-loader',
  modulePath: 'D:\\USTC\\CG\\Final\\BubbleRender\\refraction\\entry',
  testFrameworkPar: {
    testMode: undefined,
    coveragePathFilter: undefined,
    coverageMode: undefined
  },
  needCoverageInsert: false,
  debugLine: false,
  projectTopDir: 'D:\\USTC\\CG\\Final\\BubbleRender\\refraction',
  compileSdkVersion: 22,
  compatibleSdkVersion: 22,
  originCompatibleSdkVersion: '6.0.2(22)',
  compatibleSdkVersionStage: undefined,
  bundleName: 'c***l',
  etsLoaderVersion: '6.0.2.130',
  etsLoaderReleaseType: 'Release',
  aotCompileMode: 'type',
  apPath: 'D:\\USTC\\CG\\Final\\BubbleRender\\refraction\\entry\\modules.ap',
  entryModuleName: 'entry',
  entryModuleVersion: '1.0.0',
  entryPackageName: 'entry',
  allModuleNameHash: '085e2c581c30401124b8ec979c71fc722b61ca421fa44c4ee48b365edd09ea84',
  externalApiPaths: [ 'D:\\DevEco Studio\\sdk\\default\\hms\\ets' ],
  compilerTypes: [],
  isCrossplatform: false,
  hvigorPluginFile: undefined,
  compilePluginPath: undefined,
  buildGeneratedProfilePath: 'D:\\USTC\\CG\\Final\\BubbleRender\\refraction\\entry\\build\\default\\generated\\profile\\default',
  bundleType: 'app',
  arkTSVersion: undefined,
  apiVersion: 22,
  needCompleteSourcesMap: false,
  isFaMode: false,
  buildDir: 'D:\\USTC\\CG\\Final\\BubbleRender\\refraction\\entry\\build',
  deviceTypes: [ 'phone' ],
  pkgContextInfo: {
    'libentry.so': {
      packageName: 'libentry.so',
      bundleName: '*****',
      moduleName: '',
      version: '',
      entryPath: 'Index',
      isSO: true,
      dependencyAlias: ''
    },
    '@ohos/hypium': {
      packageName: '@ohos/hypium',
      bundleName: '*****',
      moduleName: '',
      version: '1.0.25',
      entryPath: 'index.js',
      isSO: false,
      dependencyAlias: ''
    },
    '@ohos/hamock': {
      packageName: '@ohos/hamock',
      bundleName: '*****',
      moduleName: '',
      version: '1.0.0',
      entryPath: 'index.ets',
      isSO: false,
      dependencyAlias: ''
    },
    entry: {
      packageName: 'entry',
      bundleName: '*****',
      moduleName: '',
      version: '',
      entryPath: 'src/main/',
      isSO: false,
      dependencyAlias: ''
    }
  },
  ohPackagePathMap: {},
  dependencyAliasMap: {},
  permission: { requestPermissions: undefined, definePermissions: undefined },
  useGetCurrentBundleName: false,
  projectArkOption: undefined,
  sourceMapDir: undefined,
  branchElimination: false,
  transformLib: undefined,
  tsImportSendable: false,
  resolveConflictMode: true,
  depName2RootPath: {},
  depName2DepInfo: {},
  rootPathSet: [ 'D:\\USTC\\CG\\Final\\BubbleRender\\refraction' ],
  useNativeResolver: true,
  shouldEmitJs: true,
  useTscResolve: false,
  singleFileEmit: false,
  userProjectConfig: {
    autoLazyImport: false,
    allowEmptyBundleName: false,
    reExportCheckMode: 'noCheck',
    executionMode: 'memory',
    usePathPlaceholder: false,
    writeRollupCache: true,
    isExpandImportEnabled: false,
    expandImportExclude: '',
    lazyImportExclude: '',
    lazyImportInclude: '',
    ignoreCrossplatformCheck: false,
    isHarDeduplicateEnabled: false,
    skipOhModulesLint: false,
    enableStrictCheckOHModule: false,
    disableSendableCheckRules: [],
    useDeclarationFileSignature: false,
    customizedOptions: undefined,
    integratedHsp: false,
    isPreloadSoEnabled: false
  },
  executionMode: 'memory',
  arkCompileCachePath: 'D:\\USTC\\CG\\Final\\BubbleRender\\refraction\\entry\\build\\default\\cache\\default\\default@CompileArkTS\\esmodule',
  autoLazyFilter: undefined,
  isHarDeduplicateEnabled: false,
  intermediateHarDuplicateDirPath: 'D:\\USTC\\CG\\Final\\BubbleRender\\refraction\\entry\\build\\default\\intermediates\\har_duplicate\\default',
  autoLazyImport: false,
  allowEmptyBundleName: false,
  reExportCheckMode: 'noCheck',
  usePathPlaceholder: false,
  writeRollupCache: true,
  isExpandImportEnabled: false,
  expandImportExclude: '',
  lazyImportExclude: '',
  lazyImportInclude: '',
  ignoreCrossplatformCheck: false,
  skipOhModulesLint: false,
  enableStrictCheckOHModule: false,
  disableSendableCheckRules: [],
  useDeclarationFileSignature: false,
  customizedOptions: undefined,
  integratedHsp: false,
  isPreloadSoEnabled: false,
  strictMode: {
    caseSensitiveCheck: true,
    useNormalizedOHMUrl: true,
    noExternalImportByPath: true
  },
  useNormalizedOHMUrl: true,
  caseSensitiveCheck: true,
  aceModuleJsonPath: 'D:\\USTC\\CG\\Final\\BubbleRender\\refraction\\entry\\build\\default\\intermediates\\res\\default\\ark_module.json',
  appResource: 'D:\\USTC\\CG\\Final\\BubbleRender\\refraction\\entry\\build\\default\\intermediates\\res\\default\\ResourceTable.txt',
  rawFileResource: 'D:\\USTC\\CG\\Final\\BubbleRender\\refraction\\entry\\build\\default\\intermediates\\res\\default\\resources\\rawfile',
  resourceTableHash: 'd81a83941c07883d4327563ba2cfe0ac7f68042912820a1577b99d29cbd144cc',
  runtimeOS: 'HarmonyOS',
  sdkInfo: 'false:22:6.0.2.130:Release',
  aceModuleRoot: 'D:\\USTC\\CG\\Final\\BubbleRender\\refraction\\entry\\src\\main\\ets',
  compileMode: 'esmodule',
  aceSuperVisualPath: 'D:\\USTC\\CG\\Final\\BubbleRender\\refraction\\entry\\src\\main\\supervisual',
  aceBuildJson: 'D:\\USTC\\CG\\Final\\BubbleRender\\refraction\\entry\\build\\default\\intermediates\\loader\\default\\loader.json',
  cachePath: 'D:\\USTC\\CG\\Final\\BubbleRender\\refraction\\entry\\build\\default\\cache\\default\\default@CompileArkTS\\esmodule\\debug',
  aceModuleBuild: 'D:\\USTC\\CG\\Final\\BubbleRender\\refraction\\entry\\build\\default\\intermediates\\loader_out\\default\\ets',
  supportChunks: true,
  declaredFilesPath: undefined,
  shouldCollectDirectImportees: false,
  isByteCodeHarOptimize: false,
  expandImportPath: undefined,
  pkgNameToPkgBriefInfo: {
    entry: {
      pkgRoot: 'D:\\USTC\\CG\\Final\\BubbleRender\\refraction\\entry',
      originalSourceRoots: undefined,
      sourceRoots: [Array],
      pkgName: 'entry'
    }
  },
  projectModel: {
    'D:\\USTC\\CG\\Final\\BubbleRender\\refraction\\entry\\src\\main': {
      moduleName: 'entry',
      modulePkgPath: 'D:\\USTC\\CG\\Final\\BubbleRender\\refraction\\entry',
      belongProjectPath: 'D:\\USTC\\CG\\Final\\BubbleRender\\refraction'
    },
    'D:\\USTC\\CG\\Final\\BubbleRender\\refraction\\entry\\.test\\default\\intermediates\\src\\ohosTest\\ets': {
      moduleName: 'entry',
      modulePkgPath: 'D:\\USTC\\CG\\Final\\BubbleRender\\refraction\\entry',
      belongProjectPath: 'D:\\USTC\\CG\\Final\\BubbleRender\\refraction'
    },
    'D:\\USTC\\CG\\Final\\BubbleRender\\refraction\\entry\\src\\ohosTest': {
      moduleName: 'entry',
      modulePkgPath: 'D:\\USTC\\CG\\Final\\BubbleRender\\refraction\\entry',
      belongProjectPath: 'D:\\USTC\\CG\\Final\\BubbleRender\\refraction'
    },
    'D:\\USTC\\CG\\Final\\BubbleRender\\refraction\\entry': {
      moduleName: 'entry',
      modulePkgPath: 'D:\\USTC\\CG\\Final\\BubbleRender\\refraction\\entry',
      belongProjectPath: 'D:\\USTC\\CG\\Final\\BubbleRender\\refraction'
    },
    'D:\\USTC\\CG\\Final\\BubbleRender\\refraction': {
      moduleName: 'refraction',
      modulePkgPath: 'D:\\USTC\\CG\\Final\\BubbleRender\\refraction',
      belongProjectPath: 'D:\\USTC\\CG\\Final\\BubbleRender\\refraction'
    }
  },
  pkgJsonFileHash: 'fab53bed9f061f61907f8933cca57fd06f2fb5ac59222be8ab0e359412dd9872',
  allModulePaths: [ 'D:\\USTC\\CG\\Final\\BubbleRender\\refraction\\entry' ],
  routerMap: {},
  obfuscationOptions: undefined,
  byteCodeHarToDependencyKeys: undefined,
  compileBlockPkg: [],
  mockParams: {
    decorator: '@MockSetup',
    packageName: '@ohos/hamock',
    etsSourceRootPath: 'src/main/ets',
    mockConfigPath: undefined,
    mockConfigKey2ModuleInfo: {},
    source2ModuleIdMap: {}
  },
  copyCodeResourceEnable: false,
  copyCodeResourceExcludes: [],
  copyCodeResourceIncludes: undefined,
  uiTransformOptimization: false,
  sdkPath: 'D:/DevEco Studio/sdk',
  needPreloadSoFileSet: {},
  preloadSoFilePath: 'D:\\USTC\\CG\\Final\\BubbleRender\\refraction\\entry\\build\\default\\intermediates\\preload\\default\\preload.json',
  useSourceHash: false,
  localModuleParamMap: {},
  otherPaths: {
    'entry/*': [
      '..\\*',
      '..\\..\\..\\build\\default\\generated\\profile\\default\\*'
    ]
  },
  collectImportersConfig: undefined
}
[2026-06-20T02:51:02.369] [DEBUG] debug-file - Compile arkts with external api path: D:\DevEco Studio\sdk\default\hms\ets
[2026-06-20T02:51:02.372] [DEBUG] debug-file - default@CompileArkTS work[4] is submitted.
[2026-06-20T02:51:02.372] [DEBUG] debug-file - default@CompileArkTS work[4] is pushed to ready queue.
[2026-06-20T02:51:02.372] [DEBUG] debug-file - A work dispatched to worker[17] failed because unable to get work from ready queue.
[2026-06-20T02:51:02.372] [DEBUG] debug-file - A work dispatched to worker[16] failed because of worker busy.
[2026-06-20T02:51:02.372] [DEBUG] debug-file - A work dispatched to worker[15] failed because of worker busy.
[2026-06-20T02:51:02.372] [DEBUG] debug-file - A work dispatched to worker[14] failed because unable to get work from ready queue.
[2026-06-20T02:51:02.373] [DEBUG] debug-file - A work dispatched to worker[13] failed because unable to get work from ready queue.
[2026-06-20T02:51:02.373] [DEBUG] debug-file - A work dispatched to worker[12] failed because unable to get work from ready queue.
[2026-06-20T02:51:02.373] [DEBUG] debug-file - A work dispatched to worker[11] failed because unable to get work from ready queue.
[2026-06-20T02:51:02.373] [DEBUG] debug-file - A work dispatched to worker[10] failed because unable to get work from ready queue.
[2026-06-20T02:51:02.373] [DEBUG] debug-file - A work dispatched to worker[9] failed because unable to get work from ready queue.
[2026-06-20T02:51:02.373] [DEBUG] debug-file - A work dispatched to worker[8] failed because unable to get work from ready queue.
[2026-06-20T02:51:02.373] [DEBUG] debug-file - A work dispatched to worker[7] failed because unable to get work from ready queue.
[2026-06-20T02:51:02.373] [DEBUG] debug-file - A work dispatched to worker[6] failed because unable to get work from ready queue.
[2026-06-20T02:51:02.373] [DEBUG] debug-file - A work dispatched to worker[5] failed because unable to get work from ready queue.
[2026-06-20T02:51:02.373] [DEBUG] debug-file - Create  resident worker with id: 4.
[2026-06-20T02:51:02.375] [DEBUG] debug-file - default@CompileArkTS work[4] has been dispatched to worker[4].
[2026-06-20T02:51:02.375] [DEBUG] debug-file - default@CompileArkTS work[4] is dispatched.
[2026-06-20T02:51:02.376] [DEBUG] debug-file - entry : default@CompileArkTS cost memory 2.1632232666015625
[2026-06-20T02:51:02.378] [DEBUG] debug-file - Executing task :entry:default@BuildJS
[2026-06-20T02:51:02.378] [DEBUG] debug-file - Task 'entry:default@BuildJS' cost while wrapping incremental declarations: 1 ms 
[2026-06-20T02:51:02.380] [DEBUG] debug-file - entry : default@BuildJS cost memory 0.17072296142578125
[2026-06-20T02:51:02.381] [DEBUG] debug-file - runTaskFromQueue task cost before running: 7 s 639 ms 
[2026-06-20T02:51:02.381] [INFO] debug-file - Finished :entry:default@BuildJS... after 3 ms 
[2026-06-20T02:51:03.185] [DEBUG] debug-file - ninja: Entering directory `D:\USTC\CG\Final\BubbleRender\refraction\entry\.cxx\default\default\debug\arm64-v8a'
[1/6] Building CXX object CMakeFiles/entry.dir/render/camera.cpp.o

[2026-06-20T02:51:03.193] [DEBUG] debug-file - ninja: Entering directory `D:\USTC\CG\Final\BubbleRender\refraction\entry\.cxx\default\default\debug\x86_64'
[1/6] Building CXX object CMakeFiles/entry.dir/render/camera.cpp.o

[2026-06-20T02:51:03.909] [DEBUG] debug-file - clang++: warning: argument unused during compilation: '--gcc-toolchain=D:/DevEco Studio/sdk/default/hms/native/BiSheng' [-Wunused-command-line-argument]
[2/6] Building CXX object CMakeFiles/entry.dir/render/shader.cpp.o

[2026-06-20T02:51:03.980] [DEBUG] debug-file - clang++: warning: argument unused during compilation: '--gcc-toolchain=D:/DevEco Studio/sdk/default/hms/native/BiSheng' [-Wunused-command-line-argument]
[2/6] Building CXX object CMakeFiles/entry.dir/render/shader.cpp.o

[2026-06-20T02:51:05.143] [DEBUG] debug-file - clang++: warning: argument unused during compilation: '--gcc-toolchain=D:/DevEco Studio/sdk/default/hms/native/BiSheng' [-Wunused-command-line-argument]
[3/6] Building CXX object CMakeFiles/entry.dir/napi_init.cpp.o

[2026-06-20T02:51:05.282] [DEBUG] debug-file - clang++: warning: argument unused during compilation: '--gcc-toolchain=D:/DevEco Studio/sdk/default/hms/native/BiSheng' [-Wunused-command-line-argument]
[3/6] Building CXX object CMakeFiles/entry.dir/simulation/vortex_sheet.cpp.o

[2026-06-20T02:51:05.330] [DEBUG] debug-file - clang++: warning: argument unused during compilation: '--gcc-toolchain=D:/DevEco Studio/sdk/default/hms/native/BiSheng' [-Wunused-command-line-argument]
D:/USTC/CG/Final/BubbleRender/refraction/entry/src/main/cpp/napi_init.cpp:654:28: warning: expression result unused [-Wunused-value]
    delete g_RefractModel, g_SkyboxModel;
                           ^~~~~~~~~~~~~
1 warning generated.
[4/6] Building CXX object CMakeFiles/entry.dir/simulation/vortex_sheet.cpp.o

[2026-06-20T02:51:05.552] [DEBUG] debug-file - clang++: warning: argument unused during compilation: '--gcc-toolchain=D:/DevEco Studio/sdk/default/hms/native/BiSheng' [-Wunused-command-line-argument]
[4/6] Building CXX object CMakeFiles/entry.dir/napi_init.cpp.o

[2026-06-20T02:51:05.674] [DEBUG] debug-file - clang++: warning: argument unused during compilation: '--gcc-toolchain=D:/DevEco Studio/sdk/default/hms/native/BiSheng' [-Wunused-command-line-argument]
[5/6] Building CXX object CMakeFiles/entry.dir/render/model.cpp.o

[2026-06-20T02:51:05.768] [DEBUG] debug-file - clang++: warning: argument unused during compilation: '--gcc-toolchain=D:/DevEco Studio/sdk/default/hms/native/BiSheng' [-Wunused-command-line-argument]
D:/USTC/CG/Final/BubbleRender/refraction/entry/src/main/cpp/napi_init.cpp:654:28: warning: expression result unused [-Wunused-value]
    delete g_RefractModel, g_SkyboxModel;
                           ^~~~~~~~~~~~~
1 warning generated.
[5/6] Building CXX object CMakeFiles/entry.dir/render/model.cpp.o

[2026-06-20T02:51:06.330] [DEBUG] debug-file - clang++: warning: argument unused during compilation: '--gcc-toolchain=D:/DevEco Studio/sdk/default/hms/native/BiSheng' [-Wunused-command-line-argument]
[6/6] Linking CXX shared library D:\USTC\CG\Final\BubbleRender\refraction\entry\build\default\intermediates\cmake\default\obj\arm64-v8a\libentry.so

[2026-06-20T02:51:06.351] [DEBUG] debug-file - clang++: warning: argument unused during compilation: '--gcc-toolchain=D:/DevEco Studio/sdk/default/hms/native/BiSheng' [-Wunused-command-line-argument]
[6/6] Linking CXX shared library D:\USTC\CG\Final\BubbleRender\refraction\entry\build\default\intermediates\cmake\default\obj\x86_64\libentry.so

[2026-06-20T02:51:06.357] [DEBUG] debug-file - worker[16] has one work done.
[2026-06-20T02:51:06.365] [DEBUG] debug-file - Sync native runtime file D:\USTC\CG\Final\BubbleRender\refraction\entry\src\main\cpp\libs\arm64-v8a\libassimp.so.5.
[2026-06-20T02:51:06.366] [DEBUG] debug-file - worker[15] has one work done.
[2026-06-20T02:51:06.370] [DEBUG] debug-file - Sync native runtime file D:\USTC\CG\Final\BubbleRender\refraction\entry\src\main\cpp\libs\x86_64\libassimp.so.5.
[2026-06-20T02:51:06.374] [DEBUG] debug-file - Link D:\USTC\CG\Final\BubbleRender\refraction\entry\src\main\cpp\libs\x86_64\libassimp.so.5 to D:\USTC\CG\Final\BubbleRender\refraction\entry\build\default\intermediates\cmake\default\obj\x86_64\libassimp.so.5 successfully.
[2026-06-20T02:51:06.374] [DEBUG] debug-file - default@BuildNativeWithNinja work[3] done.
[2026-06-20T02:51:06.375] [DEBUG] debug-file - Link D:\USTC\CG\Final\BubbleRender\refraction\entry\src\main\cpp\libs\arm64-v8a\libassimp.so.5 to D:\USTC\CG\Final\BubbleRender\refraction\entry\build\default\intermediates\cmake\default\obj\arm64-v8a\libassimp.so.5 successfully.
[2026-06-20T02:51:06.375] [DEBUG] debug-file - default@BuildNativeWithNinja work[2] done.
[2026-06-20T02:51:06.375] [INFO] debug-file - Finished :entry:default@BuildNativeWithNinja... after 4 s 174 ms 
[2026-06-20T02:51:06.377] [DEBUG] debug-file - Executing task :entry:default@ProcessLibs
[2026-06-20T02:51:06.386] [DEBUG] debug-file - Check content hash for D:\USTC\CG\Final\BubbleRender\refraction\entry\build\default\intermediates\cmake\default\obj\x86_64\libentry.so
[2026-06-20T02:51:06.413] [DEBUG] debug-file - Check content hash for D:\USTC\CG\Final\BubbleRender\refraction\entry\build\default\intermediates\cmake\default\obj\x86_64\libc++_shared.so
[2026-06-20T02:51:06.418] [DEBUG] debug-file - Check content hash for D:\USTC\CG\Final\BubbleRender\refraction\entry\build\default\intermediates\cmake\default\obj\x86_64\libassimp.so.5
[2026-06-20T02:51:06.474] [DEBUG] debug-file - A work dispatched to worker[15] failed because unable to get work from ready queue.
[2026-06-20T02:51:06.475] [DEBUG] debug-file - A work dispatched to worker[16] failed because unable to get work from ready queue.
[2026-06-20T02:51:06.585] [DEBUG] debug-file - Check content hash for D:\USTC\CG\Final\BubbleRender\refraction\entry\build\default\intermediates\cmake\default\obj\arm64-v8a\libentry.so
[2026-06-20T02:51:06.610] [DEBUG] debug-file - Check content hash for D:\USTC\CG\Final\BubbleRender\refraction\entry\build\default\intermediates\cmake\default\obj\arm64-v8a\libc++_shared.so
[2026-06-20T02:51:06.615] [DEBUG] debug-file - Check content hash for D:\USTC\CG\Final\BubbleRender\refraction\entry\build\default\intermediates\cmake\default\obj\arm64-v8a\libassimp.so.5
[2026-06-20T02:51:06.739] [DEBUG] debug-file - Worker dispatch failed, running processLibs on main thread.
[2026-06-20T02:51:06.751] [DEBUG] debug-file - Link D:\USTC\CG\Final\BubbleRender\refraction\entry\build\default\intermediates\cmake\default\obj\x86_64\libentry.so to D:\USTC\CG\Final\BubbleRender\refraction\entry\build\default\intermediates\libs\default\x86_64\libentry.so successfully.
[2026-06-20T02:51:06.753] [DEBUG] debug-file - Link D:\USTC\CG\Final\BubbleRender\refraction\entry\build\default\intermediates\cmake\default\obj\x86_64\libc++_shared.so to D:\USTC\CG\Final\BubbleRender\refraction\entry\build\default\intermediates\libs\default\x86_64\libc++_shared.so successfully.
[2026-06-20T02:51:06.756] [DEBUG] debug-file - Link D:\USTC\CG\Final\BubbleRender\refraction\entry\build\default\intermediates\cmake\default\obj\x86_64\libassimp.so.5 to D:\USTC\CG\Final\BubbleRender\refraction\entry\build\default\intermediates\libs\default\x86_64\libassimp.so.5 successfully.
[2026-06-20T02:51:06.758] [DEBUG] debug-file - Link D:\USTC\CG\Final\BubbleRender\refraction\entry\build\default\intermediates\cmake\default\obj\arm64-v8a\libentry.so to D:\USTC\CG\Final\BubbleRender\refraction\entry\build\default\intermediates\libs\default\arm64-v8a\libentry.so successfully.
[2026-06-20T02:51:06.760] [DEBUG] debug-file - Link D:\USTC\CG\Final\BubbleRender\refraction\entry\build\default\intermediates\cmake\default\obj\arm64-v8a\libc++_shared.so to D:\USTC\CG\Final\BubbleRender\refraction\entry\build\default\intermediates\libs\default\arm64-v8a\libc++_shared.so successfully.
[2026-06-20T02:51:06.762] [DEBUG] debug-file - Link D:\USTC\CG\Final\BubbleRender\refraction\entry\build\default\intermediates\cmake\default\obj\arm64-v8a\libassimp.so.5 to D:\USTC\CG\Final\BubbleRender\refraction\entry\build\default\intermediates\libs\default\arm64-v8a\libassimp.so.5 successfully.
[2026-06-20T02:51:06.763] [DEBUG] debug-file - entry : default@ProcessLibs cost memory -28.511474609375
[2026-06-20T02:51:06.763] [DEBUG] debug-file - runTaskFromQueue task cost before running: 12 s 22 ms 
[2026-06-20T02:51:06.765] [INFO] debug-file - Finished :entry:default@ProcessLibs... after 387 ms 
[2026-06-20T02:51:06.767] [DEBUG] debug-file - Executing task :entry:default@DoNativeStrip
[2026-06-20T02:51:06.767] [DEBUG] debug-file - Task 'entry:default@DoNativeStrip' cost while wrapping incremental declarations: 1 ms 
[2026-06-20T02:51:06.774] [DEBUG] debug-file - default@DoNativeStrip work[5] is submitted.
[2026-06-20T02:51:06.774] [DEBUG] debug-file - default@DoNativeStrip work[5] is pushed to ready queue.
[2026-06-20T02:51:06.774] [DEBUG] debug-file - A work dispatched to worker[17] failed because unable to get work from ready queue.
[2026-06-20T02:51:06.775] [DEBUG] debug-file - default@DoNativeStrip work[5] has been dispatched to worker[16].
[2026-06-20T02:51:06.775] [DEBUG] debug-file - default@DoNativeStrip work[5] is dispatched.
[2026-06-20T02:51:06.775] [DEBUG] debug-file - entry : default@DoNativeStrip cost memory 0.2037200927734375
[2026-06-20T02:51:06.814] [DEBUG] debug-file - current process  memoryUsage: {
  rss: 552624128,
  heapTotal: 86601728,
  heapUsed: 67034152,
  external: 4697563,
  arrayBuffers: 701687
} os memoryUsage :14.626110076904297
[2026-06-20T02:51:07.410] [DEBUG] debug-file - current process  memoryUsage: {
  rss: 576585728,
  heapTotal: 86601728,
  heapUsed: 67133032,
  external: 4697603,
  arrayBuffers: 701687
} os memoryUsage :14.673576354980469
[2026-06-20T02:51:07.421] [DEBUG] debug-file - current process  memoryUsage: {
  rss: 576598016,
  heapTotal: 86601728,
  heapUsed: 67229208,
  external: 4697603,
  arrayBuffers: 701687
} os memoryUsage :14.676895141601562
[2026-06-20T02:51:07.441] [DEBUG] debug-file - current process  memoryUsage: {
  rss: 576602112,
  heapTotal: 86601728,
  heapUsed: 67325112,
  external: 4697603,
  arrayBuffers: 701687
} os memoryUsage :14.675811767578125
[2026-06-20T02:51:07.457] [DEBUG] debug-file - current process  memoryUsage: {
  rss: 576626688,
  heapTotal: 86863872,
  heapUsed: 67457832,
  external: 4697603,
  arrayBuffers: 701687
} os memoryUsage :14.675727844238281
[2026-06-20T02:51:07.471] [DEBUG] debug-file - current process  memoryUsage: {
  rss: 576626688,
  heapTotal: 86863872,
  heapUsed: 67558440,
  external: 4697603,
  arrayBuffers: 701687
} os memoryUsage :14.676143646240234
[2026-06-20T02:51:07.715] [DEBUG] debug-file - worker[16] has one work done.
[2026-06-20T02:51:07.716] [DEBUG] debug-file - default@DoNativeStrip work[5] done.
[2026-06-20T02:51:07.717] [DEBUG] debug-file - A work dispatched to worker[16] failed because unable to get work from ready queue.
[2026-06-20T02:51:07.718] [INFO] debug-file - Finished :entry:default@DoNativeStrip... after 938 ms 
[2026-06-20T02:51:07.725] [DEBUG] debug-file - Executing task :entry:default@CacheNativeLibs
[2026-06-20T02:51:07.726] [DEBUG] debug-file - Task 'entry:default@CacheNativeLibs' cost while wrapping incremental declarations: 1 ms 
[2026-06-20T02:51:07.727] [DEBUG] debug-file - default@CacheNativeLibs work[6] is submitted.
[2026-06-20T02:51:07.727] [DEBUG] debug-file - default@CacheNativeLibs work[6] is pushed to ready queue.
[2026-06-20T02:51:07.728] [DEBUG] debug-file - A work dispatched to worker[17] failed because unable to get work from ready queue.
[2026-06-20T02:51:07.728] [DEBUG] debug-file - default@CacheNativeLibs work[6] has been dispatched to worker[16].
[2026-06-20T02:51:07.728] [DEBUG] debug-file - default@CacheNativeLibs work[6] is dispatched.
[2026-06-20T02:51:07.728] [DEBUG] debug-file - entry : default@CacheNativeLibs cost memory 0.08835601806640625
[2026-06-20T02:51:07.734] [DEBUG] debug-file - worker[16] has one work done.
[2026-06-20T02:51:07.735] [DEBUG] debug-file - default@CacheNativeLibs work[6] done.
[2026-06-20T02:51:07.735] [DEBUG] debug-file - A work dispatched to worker[16] failed because unable to get work from ready queue.
[2026-06-20T02:51:07.735] [INFO] debug-file - Finished :entry:default@CacheNativeLibs... after 9 ms 
[2026-06-20T02:51:37.267] [DEBUG] debug-file - Ark compile task finished.finished time is 289336254019200
[2026-06-20T02:51:37.268] [DEBUG] debug-file - worker[4] has one work error.
[2026-06-20T02:51:37.269] [DEBUG] debug-file - default@CompileArkTS work[4] failed.
[2026-06-20T02:51:37.269] [ERROR] debug-file - Failed :entry:default@CompileArkTS... 
[2026-06-20T02:51:37.269] [WARN] debug-file - 
[33m1 WARN: [33m[33mArkTS:WARN: For details about ArkTS syntax errors, see FAQs[39m[39m
[33m2 WARN: [33m[33mArkTS:WARN File: D:/USTC/CG/Final/BubbleRender/refraction/entry/src/main/ets/pages/Index.ets:105:37
 'getContext' has been deprecated.
[39m[39m
[2026-06-20T02:51:37.270] [DEBUG] debug-file - hvigor build process will be closed with an error.
[2026-06-20T02:51:37.272] [DEBUG] debug-file - ERROR: stacktrace = Error: 00305015 Rollup Error
Error Message: Unexpected token (Note that you need plugins to import files that are not JavaScript)
. At file: D:\USTC\CG\Final\BubbleRender\refraction\entry\src\main\ets\pages\Index.ets:152
[31m1 ERROR: [31m10605090 ArkTS Compiler Error
Error Message: Function return type inference is limited (arkts-no-implicit-return-types) At File: D:/USTC/CG/Final/BubbleRender/refraction/entry/src/main/ets/pages/Index.ets:154:10
[39m
[39m
[31m2 ERROR: [31m10605093 ArkTS Compiler Error
Error Message: Using "this" inside stand-alone functions is not supported (arkts-no-standalone-this) At File: D:/USTC/CG/Final/BubbleRender/refraction/entry/src/main/ets/pages/Index.ets:155:13
[39m
[39m
[31m3 ERROR: [31m10505001 ArkTS Compiler Error
Error Message: Unexpected token. A constructor, method, accessor, or property was expected. At File: D:/USTC/CG/Final/BubbleRender/refraction/entry/src/main/ets/pages/Index.ets:154:9
[39m
[39m
[31m4 ERROR: [31m10505001 ArkTS Compiler Error
Error Message: Parameter declaration expected. At File: D:/USTC/CG/Final/BubbleRender/refraction/entry/src/main/ets/pages/Index.ets:154:18
[39m
[39m
[31m5 ERROR: [31m10505001 ArkTS Compiler Error
Error Message: ';' expected. At File: D:/USTC/CG/Final/BubbleRender/refraction/entry/src/main/ets/pages/Index.ets:156:10
[39m
[39m
[31m6 ERROR: [31m10505001 ArkTS Compiler Error
Error Message: Declaration or statement expected. At File: D:/USTC/CG/Final/BubbleRender/refraction/entry/src/main/ets/pages/Index.ets:157:9
[39m
[39m
[31m7 ERROR: [31m10505001 ArkTS Compiler Error
Error Message: Declaration or statement expected. At File: D:/USTC/CG/Final/BubbleRender/refraction/entry/src/main/ets/pages/Index.ets:158:5
[39m
[39m
[31m8 ERROR: [31m10505001 ArkTS Compiler Error
Error Message: Declaration or statement expected. At File: D:/USTC/CG/Final/BubbleRender/refraction/entry/src/main/ets/pages/Index.ets:159:1
[39m
[39m
[31m9 ERROR: [31m10505001 ArkTS Compiler Error
Error Message: Property 'setIridescenceMode' does not exist on type 'typeof libentry'. At File: D:/USTC/CG/Final/BubbleRender/refraction/entry/src/main/ets/pages/Index.ets:135:57
[39m
[39m
[31m10 ERROR: [31m10505001 ArkTS Compiler Error
Error Message: Property 'setIridescenceMode' does not exist on type 'typeof libentry'. At File: D:/USTC/CG/Final/BubbleRender/refraction/entry/src/main/ets/pages/Index.ets:137:57
[39m
[39m
[31m11 ERROR: [31m10505001 ArkTS Compiler Error
Error Message: Property 'setIridescenceMode' does not exist on type 'typeof libentry'. At File: D:/USTC/CG/Final/BubbleRender/refraction/entry/src/main/ets/pages/Index.ets:139:57
[39m
[39m
[31m12 ERROR: [31m10505001 ArkTS Compiler Error
Error Message: Property 'resetSimulation' does not exist on type 'typeof libentry'. At File: D:/USTC/CG/Final/BubbleRender/refraction/entry/src/main/ets/pages/Index.ets:141:57
[39m
[39m
[31m13 ERROR: [31m10505001 ArkTS Compiler Error
Error Message: Property 'setSurfaceTension' does not exist on type 'typeof libentry'. At File: D:/USTC/CG/Final/BubbleRender/refraction/entry/src/main/ets/pages/Index.ets:149:44
[39m
[39m
[31m14 ERROR: [31m10505001 ArkTS Compiler Error
Error Message: Object is possibly 'undefined'. At File: D:/USTC/CG/Final/BubbleRender/refraction/entry/src/main/ets/pages/Index.ets:155:13
[39m
[39m
[31m15 ERROR: [31m10505001 ArkTS Compiler Error
Error Message: Cannot find name 'height'. At File: D:/USTC/CG/Final/BubbleRender/refraction/entry/src/main/ets/pages/Index.ets:157:10
[39m
[39m
[31m16 ERROR: [31m10905210 ArkTS Compiler Error
Error Message: In an '@Entry' decorated component, the 'build' method can have only one root node, which must be a container component. At File: D:/USTC/CG/Final/BubbleRender/refraction/entry/src/main/ets/pages/Index.ets:96:14
[39m
[39m
[31mCOMPILE RESULT:FAIL {ERROR:17 WARN:2}[39m
    at runArkPack (D:\DevEco Studio\tools\hvigor\hvigor-ohos-plugin\node_modules\@ohos\hvigor-arkts-compose\dist\src\arkts-pack.js:1:5838)
RollupError: Unexpected token (Note that you need plugins to import files that are not JavaScript)
    at error (D:\DevEco Studio\tools\hvigor\hvigor-ohos-plugin\node_modules\@ohos\hvigor-arkts-base\node_modules\rollup\dist\shared\rollup.js:215:30)
    at Module.error (D:\DevEco Studio\tools\hvigor\hvigor-ohos-plugin\node_modules\@ohos\hvigor-arkts-base\node_modules\rollup\dist\shared\rollup.js:16889:16)
    at Module.tryParse (D:\DevEco Studio\tools\hvigor\hvigor-ohos-plugin\node_modules\@ohos\hvigor-arkts-base\node_modules\rollup\dist\shared\rollup.js:17666:25)
    at Module.setSource (D:\DevEco Studio\tools\hvigor\hvigor-ohos-plugin\node_modules\@ohos\hvigor-arkts-base\node_modules\rollup\dist\shared\rollup.js:17184:37)
    at ModuleLoader.addModuleSource (D:\DevEco Studio\tools\hvigor\hvigor-ohos-plugin\node_modules\@ohos\hvigor-arkts-base\node_modules\rollup\dist\shared\rollup.js:26937:20)
[2026-06-20T02:51:37.272] [ERROR] debug-file - Error: 00305015 Rollup Error
Error Message: Unexpected token (Note that you need plugins to import files that are not JavaScript)
. At file: D:\USTC\CG\Final\BubbleRender\refraction\entry\src\main\ets\pages\Index.ets:152
[31m1 ERROR: [31m10605090 ArkTS Compiler Error
Error Message: Function return type inference is limited (arkts-no-implicit-return-types) At File: D:/USTC/CG/Final/BubbleRender/refraction/entry/src/main/ets/pages/Index.ets:154:10
[39m
[39m
[31m2 ERROR: [31m10605093 ArkTS Compiler Error
Error Message: Using "this" inside stand-alone functions is not supported (arkts-no-standalone-this) At File: D:/USTC/CG/Final/BubbleRender/refraction/entry/src/main/ets/pages/Index.ets:155:13
[39m
[39m
[31m3 ERROR: [31m10505001 ArkTS Compiler Error
Error Message: Unexpected token. A constructor, method, accessor, or property was expected. At File: D:/USTC/CG/Final/BubbleRender/refraction/entry/src/main/ets/pages/Index.ets:154:9
[39m
[39m
[31m4 ERROR: [31m10505001 ArkTS Compiler Error
Error Message: Parameter declaration expected. At File: D:/USTC/CG/Final/BubbleRender/refraction/entry/src/main/ets/pages/Index.ets:154:18
[39m
[39m
[31m5 ERROR: [31m10505001 ArkTS Compiler Error
Error Message: ';' expected. At File: D:/USTC/CG/Final/BubbleRender/refraction/entry/src/main/ets/pages/Index.ets:156:10
[39m
[39m
[31m6 ERROR: [31m10505001 ArkTS Compiler Error
Error Message: Declaration or statement expected. At File: D:/USTC/CG/Final/BubbleRender/refraction/entry/src/main/ets/pages/Index.ets:157:9
[39m
[39m
[31m7 ERROR: [31m10505001 ArkTS Compiler Error
Error Message: Declaration or statement expected. At File: D:/USTC/CG/Final/BubbleRender/refraction/entry/src/main/ets/pages/Index.ets:158:5
[39m
[39m
[31m8 ERROR: [31m10505001 ArkTS Compiler Error
Error Message: Declaration or statement expected. At File: D:/USTC/CG/Final/BubbleRender/refraction/entry/src/main/ets/pages/Index.ets:159:1
[39m
[39m
[31m9 ERROR: [31m10505001 ArkTS Compiler Error
Error Message: Property 'setIridescenceMode' does not exist on type 'typeof libentry'. At File: D:/USTC/CG/Final/BubbleRender/refraction/entry/src/main/ets/pages/Index.ets:135:57
[39m
[39m
[31m10 ERROR: [31m10505001 ArkTS Compiler Error
Error Message: Property 'setIridescenceMode' does not exist on type 'typeof libentry'. At File: D:/USTC/CG/Final/BubbleRender/refraction/entry/src/main/ets/pages/Index.ets:137:57
[39m
[39m
[31m11 ERROR: [31m10505001 ArkTS Compiler Error
Error Message: Property 'setIridescenceMode' does not exist on type 'typeof libentry'. At File: D:/USTC/CG/Final/BubbleRender/refraction/entry/src/main/ets/pages/Index.ets:139:57
[39m
[39m
[31m12 ERROR: [31m10505001 ArkTS Compiler Error
Error Message: Property 'resetSimulation' does not exist on type 'typeof libentry'. At File: D:/USTC/CG/Final/BubbleRender/refraction/entry/src/main/ets/pages/Index.ets:141:57
[39m
[39m
[31m13 ERROR: [31m10505001 ArkTS Compiler Error
Error Message: Property 'setSurfaceTension' does not exist on type 'typeof libentry'. At File: D:/USTC/CG/Final/BubbleRender/refraction/entry/src/main/ets/pages/Index.ets:149:44
[39m
[39m
[31m14 ERROR: [31m10505001 ArkTS Compiler Error
Error Message: Object is possibly 'undefined'. At File: D:/USTC/CG/Final/BubbleRender/refraction/entry/src/main/ets/pages/Index.ets:155:13
[39m
[39m
[31m15 ERROR: [31m10505001 ArkTS Compiler Error
Error Message: Cannot find name 'height'. At File: D:/USTC/CG/Final/BubbleRender/refraction/entry/src/main/ets/pages/Index.ets:157:10
[39m
[39m
[31m16 ERROR: [31m10905210 ArkTS Compiler Error
Error Message: In an '@Entry' decorated component, the 'build' method can have only one root node, which must be a container component. At File: D:/USTC/CG/Final/BubbleRender/refraction/entry/src/main/ets/pages/Index.ets:96:14
[39m
[39m
[31mCOMPILE RESULT:FAIL {ERROR:17 WARN:2}[39m
    at runArkPack (D:\DevEco Studio\tools\hvigor\hvigor-ohos-plugin\node_modules\@ohos\hvigor-arkts-compose\dist\src\arkts-pack.js:1:5838)
RollupError: Unexpected token (Note that you need plugins to import files that are not JavaScript)
    at error (D:\DevEco Studio\tools\hvigor\hvigor-ohos-plugin\node_modules\@ohos\hvigor-arkts-base\node_modules\rollup\dist\shared\rollup.js:215:30)
    at Module.error (D:\DevEco Studio\tools\hvigor\hvigor-ohos-plugin\node_modules\@ohos\hvigor-arkts-base\node_modules\rollup\dist\shared\rollup.js:16889:16)
    at Module.tryParse (D:\DevEco Studio\tools\hvigor\hvigor-ohos-plugin\node_modules\@ohos\hvigor-arkts-base\node_modules\rollup\dist\shared\rollup.js:17666:25)
    at Module.setSource (D:\DevEco Studio\tools\hvigor\hvigor-ohos-plugin\node_modules\@ohos\hvigor-arkts-base\node_modules\rollup\dist\shared\rollup.js:17184:37)
    at ModuleLoader.addModuleSource (D:\DevEco Studio\tools\hvigor\hvigor-ohos-plugin\node_modules\@ohos\hvigor-arkts-base\node_modules\rollup\dist\shared\rollup.js:26937:20)
[2026-06-20T02:51:37.297] [ERROR] debug-file - BUILD FAILED in 42 s 554 ms 
[2026-06-20T02:51:37.297] [DEBUG] debug-file - There is no need to refresh cache, since the incremental task entry:default@PreBuild is up-to-date.
[2026-06-20T02:51:37.297] [DEBUG] debug-file - Update task entry:default@CreateModuleInfo output file:D:\USTC\CG\Final\BubbleRender\refraction\entry\build\default\generated\profile\default\ModuleInfo.ts cache.
[2026-06-20T02:51:37.298] [DEBUG] debug-file - Incremental task entry:default@CreateModuleInfo post-execution cost:2 ms .
[2026-06-20T02:51:37.299] [DEBUG] debug-file - There is no need to refresh cache, since the incremental task entry:default@GenerateMetadata is up-to-date.
[2026-06-20T02:51:37.299] [DEBUG] debug-file - There is no need to refresh cache, since the incremental task entry:default@MergeProfile is up-to-date.
[2026-06-20T02:51:37.299] [DEBUG] debug-file - There is no need to refresh cache, since the incremental task entry:default@CreateBuildProfile is up-to-date.
[2026-06-20T02:51:37.299] [DEBUG] debug-file - Update task entry:default@ProcessIntegratedHsp output file:D:\USTC\CG\Final\BubbleRender\refraction\build\cache\default\integrated_hsp\integratedHspCache.json cache.
[2026-06-20T02:51:37.299] [DEBUG] debug-file - Incremental task entry:default@ProcessIntegratedHsp post-execution cost:1 ms .
[2026-06-20T02:51:37.299] [DEBUG] debug-file - There is no need to refresh cache, since the incremental task entry:default@MakePackInfo is up-to-date.
[2026-06-20T02:51:37.300] [DEBUG] debug-file - Update task entry:default@SyscapTransform input file:D:\DevEco Studio\sdk\default\openharmony\toolchains\syscap_tool.exe cache by regenerate.
[2026-06-20T02:51:37.300] [DEBUG] debug-file - Update task entry:default@SyscapTransform input file:D:\DevEco Studio\sdk\default\openharmony\ets\api\device-define cache by regenerate.
[2026-06-20T02:51:37.301] [DEBUG] debug-file - Update task entry:default@SyscapTransform output file:D:\USTC\CG\Final\BubbleRender\refraction\entry\build\default\intermediates\syscap\default\rpcid.sc cache.
[2026-06-20T02:51:37.301] [DEBUG] debug-file - Incremental task entry:default@SyscapTransform post-execution cost:2 ms .
[2026-06-20T02:51:37.301] [DEBUG] debug-file - There is no need to refresh cache, since the incremental task entry:default@GeneratePkgContextInfo is up-to-date.
[2026-06-20T02:51:37.302] [DEBUG] debug-file - There is no need to refresh cache, since the incremental task entry:default@ProcessProfile is up-to-date.
[2026-06-20T02:51:37.302] [DEBUG] debug-file - There is no need to refresh cache, since the incremental task entry:default@ProcessRouterMap is up-to-date.
[2026-06-20T02:51:37.302] [DEBUG] debug-file - There is no need to refresh cache, since the incremental task entry:default@ProcessShareConfig is up-to-date.
[2026-06-20T02:51:37.302] [DEBUG] debug-file - Update task entry:default@ProcessStartupConfig input file:D:\USTC\CG\Final\BubbleRender\refraction\entry\build\default\intermediates\loader\default\pkgContextInfo.json cache by regenerate.
[2026-06-20T02:51:37.303] [DEBUG] debug-file - Update task entry:default@ProcessStartupConfig output file:D:\USTC\CG\Final\BubbleRender\refraction\entry\build\default\intermediates\startup\default\startup_config.json cache.
[2026-06-20T02:51:37.303] [DEBUG] debug-file - Incremental task entry:default@ProcessStartupConfig post-execution cost:2 ms .
[2026-06-20T02:51:37.303] [DEBUG] debug-file - There is no need to refresh cache, since the incremental task entry:default@ProcessResource is up-to-date.
[2026-06-20T02:51:37.303] [DEBUG] debug-file - There is no need to refresh cache, since the incremental task entry:default@GenerateLoaderJson is up-to-date.
[2026-06-20T02:51:37.303] [DEBUG] debug-file - There is no need to refresh cache, since the incremental task entry:default@CompileResource is up-to-date.
[2026-06-20T02:51:37.306] [DEBUG] debug-file - Update task entry:default@CompileArkTS input file:D:\USTC\CG\Final\BubbleRender\refraction\entry\build\default\intermediates\loader\default cache by regenerate.
[2026-06-20T02:51:37.306] [DEBUG] debug-file - Update task entry:default@CompileArkTS input file:D:\USTC\CG\Final\BubbleRender\refraction\entry\build\default\intermediates\res\default\resources\rawfile cache by regenerate.
[2026-06-20T02:51:37.307] [DEBUG] debug-file - Update task entry:default@CompileArkTS input file:D:\USTC\CG\Final\BubbleRender\refraction\entry\build\default\intermediates\res\default\ResourceTable.txt cache by regenerate.
[2026-06-20T02:51:37.308] [DEBUG] debug-file - Update task entry:default@CompileArkTS input file:D:\USTC\CG\Final\BubbleRender\refraction\entry\build\default\intermediates\res\default\ark_module.json cache by regenerate.
[2026-06-20T02:51:37.308] [DEBUG] debug-file - Update task entry:default@CompileArkTS input file:D:\USTC\CG\Final\BubbleRender\refraction\entry\build\default\intermediates\res\default\resources\base\profile cache by regenerate.
[2026-06-20T02:51:37.308] [DEBUG] debug-file - Update task entry:default@CompileArkTS input file:D:\USTC\CG\Final\BubbleRender\refraction\entry\src\main\ets cache by regenerate.
[2026-06-20T02:51:37.309] [DEBUG] debug-file - Update task entry:default@CompileArkTS input file:D:\USTC\CG\Final\BubbleRender\refraction\entry\build\default\intermediates\loader\default\pkgContextInfo.json cache by regenerate.
[2026-06-20T02:51:37.309] [DEBUG] debug-file - Update task entry:default@CompileArkTS input file:D:\USTC\CG\Final\BubbleRender\refraction\entry\build\default\generated\profile\default\BuildProfile.ets cache by regenerate.
[2026-06-20T02:51:37.309] [DEBUG] debug-file - Update task entry:default@CompileArkTS input file:D:\USTC\CG\Final\BubbleRender\refraction\entry\src\main\cpp\types cache by regenerate.
[2026-06-20T02:51:37.310] [DEBUG] debug-file - Update task entry:default@CompileArkTS output file:D:\USTC\CG\Final\BubbleRender\refraction\entry\build\default\intermediates\loader_out\default\ets cache.
[2026-06-20T02:51:37.310] [DEBUG] debug-file - Incremental task entry:default@CompileArkTS post-execution cost:7 ms .
[2026-06-20T02:51:37.311] [DEBUG] debug-file - Update task entry:default@BuildJS input file:D:\USTC\CG\Final\BubbleRender\refraction\entry\build\default\intermediates\loader\default cache by regenerate.
[2026-06-20T02:51:37.312] [DEBUG] debug-file - Update task entry:default@BuildJS input file:D:\USTC\CG\Final\BubbleRender\refraction\entry\build\default\intermediates\res\default\resources\rawfile cache by regenerate.
[2026-06-20T02:51:37.313] [DEBUG] debug-file - Update task entry:default@BuildJS input file:D:\USTC\CG\Final\BubbleRender\refraction\entry\build\default\intermediates\res\default\ResourceTable.txt cache by regenerate.
[2026-06-20T02:51:37.313] [DEBUG] debug-file - Update task entry:default@BuildJS input file:D:\USTC\CG\Final\BubbleRender\refraction\entry\build\default\intermediates\res\default\ark_module.json cache by regenerate.
[2026-06-20T02:51:37.314] [DEBUG] debug-file - Update task entry:default@BuildJS input file:D:\USTC\CG\Final\BubbleRender\refraction\entry\build\default\intermediates\res\default\resources\base\profile cache by regenerate.
[2026-06-20T02:51:37.314] [DEBUG] debug-file - Update task entry:default@BuildJS input file:D:\USTC\CG\Final\BubbleRender\refraction\entry\build\default\intermediates\loader\default\pkgContextInfo.json cache by regenerate.
[2026-06-20T02:51:37.314] [DEBUG] debug-file - Update task entry:default@BuildJS output file:D:\USTC\CG\Final\BubbleRender\refraction\entry\build\default\intermediates\loader_out\default\js cache.
[2026-06-20T02:51:37.314] [DEBUG] debug-file - Incremental task entry:default@BuildJS post-execution cost:5 ms .
[2026-06-20T02:51:37.315] [DEBUG] debug-file - Update task entry:default@ProcessLibs input file:D:\USTC\CG\Final\BubbleRender\refraction\build-profile.json5 cache by regenerate.
[2026-06-20T02:51:37.315] [DEBUG] debug-file - Update task entry:default@ProcessLibs input file:D:\USTC\CG\Final\BubbleRender\refraction\entry\build-profile.json5 cache by regenerate.
[2026-06-20T02:51:37.315] [DEBUG] debug-file - Update task entry:default@ProcessLibs output file:D:\USTC\CG\Final\BubbleRender\refraction\entry\build\default\intermediates\libs\default cache.
[2026-06-20T02:51:37.316] [DEBUG] debug-file - Incremental task entry:default@ProcessLibs post-execution cost:2 ms .
[2026-06-20T02:51:37.316] [DEBUG] debug-file - Update task entry:default@DoNativeStrip input file:D:\USTC\CG\Final\BubbleRender\refraction\entry\build\default\intermediates\libs\default cache by regenerate.
[2026-06-20T02:51:37.318] [DEBUG] debug-file - Update task entry:default@DoNativeStrip output file:D:\USTC\CG\Final\BubbleRender\refraction\entry\build\default\intermediates\stripped_native_libs\default cache.
[2026-06-20T02:51:37.319] [DEBUG] debug-file - Incremental task entry:default@DoNativeStrip post-execution cost:3 ms .
[2026-06-20T02:51:37.319] [DEBUG] debug-file - Update task entry:default@CacheNativeLibs input file:D:\USTC\CG\Final\BubbleRender\refraction\entry\build\default\intermediates\stripped_native_libs\default cache by regenerate.
[2026-06-20T02:51:37.320] [DEBUG] debug-file - Update task entry:default@CacheNativeLibs input file:D:\USTC\CG\Final\BubbleRender\refraction\entry\build\default\intermediates\libs\default cache by regenerate.
[2026-06-20T02:51:37.321] [DEBUG] debug-file - Update task entry:default@CacheNativeLibs output file:D:\USTC\CG\Final\BubbleRender\refraction\entry\build\default\intermediates\patch\default\base_native_libs.json cache.
[2026-06-20T02:51:37.321] [DEBUG] debug-file - Incremental task entry:default@CacheNativeLibs post-execution cost:3 ms .
[2026-06-20T02:51:37.352] [DEBUG] debug-file - Cleanup worker 0.
[2026-06-20T02:51:37.353] [DEBUG] debug-file - Worker 0 has been cleaned up.
[2026-06-20T02:51:37.353] [DEBUG] debug-file - Current idle worker size: 4.
[2026-06-20T02:51:37.353] [DEBUG] debug-file - Current resident worker size: 5.
[2026-06-20T02:51:37.353] [DEBUG] debug-file - Cleanup worker 1.
[2026-06-20T02:51:37.354] [DEBUG] debug-file - Worker 1 has been cleaned up.
[2026-06-20T02:51:37.354] [DEBUG] debug-file - Current idle worker size: 3.
[2026-06-20T02:51:37.354] [DEBUG] debug-file - Current resident worker size: 5.
[2026-06-20T02:51:37.356] [DEBUG] debug-file - hvigor build process will be closed.
[2026-06-20T02:51:37.364] [DEBUG] debug-file - session manager: send message to worker process.
[2026-06-20T02:51:37.365] [DEBUG] debug-file - session manager: send message to worker process.
[2026-06-20T02:51:37.365] [DEBUG] debug-file - worker[1] exits with exit code 1.
[2026-06-20T02:51:37.366] [DEBUG] debug-file - worker[0] exits with exit code 1.
[2026-06-20T02:51:37.366] [DEBUG] debug-file - watch worker: worker id should be larger than 0. Nothing will be sent to any worker thread.
[2026-06-20T02:51:37.367] [DEBUG] debug-file - watch worker: worker id should be larger than 0. Nothing will be sent to any worker thread.
[2026-06-20T02:55:29.877] [DEBUG] debug-file - session manager: set active socket. socketId=Ce9IPK4_1diFsLiwAAAD
[2026-06-20T02:55:29.950] [DEBUG] debug-file - watch worker: worker id should be larger than 0. Nothing will be sent to any worker thread.
[2026-06-20T02:55:30.025] [DEBUG] debug-file - Workers' log level updated to INFO
[2026-06-20T02:55:30.061] [DEBUG] debug-file - Hvigor init with startParameters:{
  hvigorfileTypeCheck: false,
  parallelExecution: true,
  incrementalExecution: true,
  printStackTrace: false,
  daemon: true,
  analyze: 0,
  logLevel: Level { level: 20000, levelStr: 'INFO', colour: 'green' },
  optimizationStrategy: 'memory',
  hotCompile: undefined,
  hotReloadBuild: undefined,
  customizedParam: undefined
}
[2026-06-20T02:55:30.078] [DEBUG] debug-file - Cache service initialization finished in 17 ms 
[2026-06-20T02:55:30.082] [DEBUG] debug-file - hvigorfile, resolving D:\USTC\CG\Final\BubbleRender\refraction\hvigorfile.ts
[2026-06-20T02:55:30.273] [DEBUG] debug-file - hvigorfile, require result:  { default: { plugins: [] } }
[2026-06-20T02:55:30.273] [DEBUG] debug-file - hvigorfile, binding system plugins null
[2026-06-20T02:55:30.275] [DEBUG] debug-file - Starting plugin build process
[2026-06-20T02:55:30.275] [DEBUG] debug-file - App plugin prepare start...
[2026-06-20T02:55:30.276] [DEBUG] debug-file - App plugin prepare end...
[2026-06-20T02:55:30.277] [DEBUG] debug-file - App plugin creating...
[2026-06-20T02:55:30.316] [DEBUG] debug-file - App plugin register hook start...
[2026-06-20T02:55:30.317] [DEBUG] debug-file - App plugin register hook end...
[2026-06-20T02:55:30.317] [DEBUG] debug-file - Plugin build process completed
[2026-06-20T02:55:30.318] [DEBUG] debug-file - Start initialize project's product build option map with build mode debug.
[2026-06-20T02:55:30.318] [DEBUG] debug-file - Picking option from product 'default' with build mode 'debug'.
[2026-06-20T02:55:30.319] [DEBUG] debug-file - Product 'default' build option initialized
[2026-06-20T02:55:30.319] [DEBUG] debug-file - End initialize project's product build option map with build mode 'debug'.
[2026-06-20T02:55:30.322] [DEBUG] debug-file - Obtain build option for product 'default'in this build.
[2026-06-20T02:55:30.323] [DEBUG] debug-file - not found resModel json file in : D:\USTC\CG\Final\BubbleRender\refraction\entry\src\ohosTest\module.json5
[2026-06-20T02:55:30.334] [DEBUG] debug-file - No signingConfig found, initRemoteHspCache failed.
[2026-06-20T02:55:30.341] [DEBUG] debug-file - Start recording SDK configuration permission data.
[2026-06-20T02:55:30.375] [DEBUG] debug-file - Sdk init in 40 ms 
[2026-06-20T02:55:30.387] [DEBUG] debug-file - Project task initialization takes 10 ms 
[2026-06-20T02:55:30.387] [DEBUG] debug-file - hvigorfile, binding custom plugins []
[2026-06-20T02:55:30.387] [DEBUG] debug-file - hvigorfile, no custom plugins were found in D:\USTC\CG\Final\BubbleRender\refraction\hvigorfile.ts
[2026-06-20T02:55:30.387] [DEBUG] debug-file - hvigorfile, resolve finished D:\USTC\CG\Final\BubbleRender\refraction\hvigorfile.ts
[2026-06-20T02:55:30.388] [DEBUG] debug-file - hvigorfile, resolving D:\USTC\CG\Final\BubbleRender\refraction\entry\hvigorfile.ts
[2026-06-20T02:55:30.392] [DEBUG] debug-file - hvigorfile, require result:  { default: { plugins: [] } }
[2026-06-20T02:55:30.392] [DEBUG] debug-file - hvigorfile, binding system plugins null
[2026-06-20T02:55:30.392] [DEBUG] debug-file - Starting plugin build process
[2026-06-20T02:55:30.392] [DEBUG] debug-file - Hap plugin creating...
[2026-06-20T02:55:30.397] [DEBUG] debug-file - failed to load cangjie to dynamically generate schemas: Error: Cannot find module '@ohos/cangjie-build-support/index'
Require stack:
- D:\DevEco Studio\tools\hvigor\hvigor-ohos-plugin\src\plugin\hooks\cangjie-register.js
- D:\DevEco Studio\tools\hvigor\hvigor-ohos-plugin\src\plugin\strategy\stage-init-strategy.js
- D:\DevEco Studio\tools\hvigor\hvigor-ohos-plugin\src\plugin\builder\abstract-plugin-builder.js
- D:\DevEco Studio\tools\hvigor\hvigor-ohos-plugin\src\plugin\builder\app-plugin-builder.js
- D:\DevEco Studio\tools\hvigor\hvigor-ohos-plugin\src\plugin\factory\plugin-factory.js
- D:\DevEco Studio\tools\hvigor\hvigor-ohos-plugin\index.js
- D:\USTC\CG\Final\BubbleRender\refraction\hvigorfile.ts
- D:\DevEco Studio\tools\hvigor\hvigor\src\base\internal\lifecycle\configuration.js
- D:\DevEco Studio\tools\hvigor\hvigor\src\base\boot\index.js
- D:\DevEco Studio\tools\hvigor\hvigor\src\base\daemon\cluster\worker-process-lifecycle.js
- D:\DevEco Studio\tools\hvigor\hvigor\src\base\daemon\process\daemon-process-boot-script.js
[2026-06-20T02:55:30.412] [DEBUG] debug-file - Start initialize module-target build option map, moduleName=entry, buildMode=debug
[2026-06-20T02:55:30.413] [DEBUG] debug-file - Target 'default' config initialized
[2026-06-20T02:55:30.414] [DEBUG] debug-file - Target 'ohosTest' config initialized
[2026-06-20T02:55:30.414] [DEBUG] debug-file - Module 'entry' target 'default' build option initialized
[2026-06-20T02:55:30.414] [DEBUG] debug-file - Module 'entry' target 'ohosTest' build option initialized
[2026-06-20T02:55:30.414] [DEBUG] debug-file - End initialize module-target build option map, moduleName=entry
[2026-06-20T02:55:30.414] [DEBUG] debug-file - Start initialize module-target build option map, moduleName=entry, buildMode=release
[2026-06-20T02:55:30.415] [DEBUG] debug-file - Target 'default' config initialized
[2026-06-20T02:55:30.415] [DEBUG] debug-file - Target 'ohosTest' config initialized
[2026-06-20T02:55:30.415] [DEBUG] debug-file - Module 'entry' target 'default' build option initialized
[2026-06-20T02:55:30.415] [DEBUG] debug-file - Module 'entry' target 'ohosTest' build option initialized
[2026-06-20T02:55:30.415] [DEBUG] debug-file - End initialize module-target build option map, moduleName=entry
[2026-06-20T02:55:30.415] [DEBUG] debug-file - Start initialize module-target build option map, moduleName=entry, buildMode=debug
[2026-06-20T02:55:30.415] [DEBUG] debug-file - Target 'default' config initialized
[2026-06-20T02:55:30.415] [DEBUG] debug-file - Target 'ohosTest' config initialized
[2026-06-20T02:55:30.416] [DEBUG] debug-file - Module 'entry' target 'default' build option initialized
[2026-06-20T02:55:30.416] [DEBUG] debug-file - Module 'entry' target 'ohosTest' build option initialized
[2026-06-20T02:55:30.416] [DEBUG] debug-file - End initialize module-target build option map, moduleName=entry
[2026-06-20T02:55:30.417] [DEBUG] debug-file - Obtain build option for module 'entry' target 'default'in this build.
[2026-06-20T02:55:30.424] [DEBUG] debug-file - Module entry task initialization takes 6 ms 
[2026-06-20T02:55:30.424] [DEBUG] debug-file - Hap plugin register hook start...
[2026-06-20T02:55:30.424] [DEBUG] debug-file - Hap plugin register hook end...
[2026-06-20T02:55:30.424] [DEBUG] debug-file - Plugin build process completed
[2026-06-20T02:55:30.425] [DEBUG] debug-file - hvigorfile, binding custom plugins []
[2026-06-20T02:55:30.425] [DEBUG] debug-file - hvigorfile, no custom plugins were found in D:\USTC\CG\Final\BubbleRender\refraction\entry\hvigorfile.ts
[2026-06-20T02:55:30.425] [DEBUG] debug-file - hvigorfile, resolve finished D:\USTC\CG\Final\BubbleRender\refraction\entry\hvigorfile.ts
[2026-06-20T02:55:30.455] [DEBUG] debug-file - hvigorfile, resolve hvigorfile dependencies in 30 ms 
[2026-06-20T02:55:30.456] [DEBUG] debug-file - project has submodules:entry
[2026-06-20T02:55:30.458] [DEBUG] debug-file - start to load updatedOhPackageInfo to the disk
[2026-06-20T02:55:30.460] [DEBUG] debug-file - load to the disk finished
[2026-06-20T02:55:30.461] [DEBUG] debug-file - Start to initialize dependency information.
[2026-06-20T02:55:30.466] [DEBUG] debug-file - Module refraction Collected Dependency: 
[2026-06-20T02:55:30.466] [DEBUG] debug-file - Module refraction's total dependency: 0
[2026-06-20T02:55:30.467] [DEBUG] debug-file - Start to initialize dependency information.
[2026-06-20T02:55:30.470] [DEBUG] debug-file - Module entry Collected Dependency: D:\USTC\CG\Final\BubbleRender\refraction\entry\src\main\cpp\types\libentry
[2026-06-20T02:55:30.471] [DEBUG] debug-file - Module entry's total dependency: 1
[2026-06-20T02:55:30.476] [DEBUG] debug-file - Configuration phase cost:398 ms 
[2026-06-20T02:55:30.478] [DEBUG] debug-file - Configuration task cost before running: 447 ms 
[2026-06-20T02:55:30.484] [DEBUG] debug-file - Executing task :entry:default@PreBuild
[2026-06-20T02:55:30.485] [DEBUG] debug-file - Task 'entry:default@PreBuild' cost while wrapping incremental declarations: 1 ms 
[2026-06-20T02:55:30.494] [DEBUG] debug-file - Incremental task entry:default@PreBuild pre-execution cost: 5 ms .
[2026-06-20T02:55:30.494] [DEBUG] debug-file - entry : default@PreBuild cost memory -1.4414596557617188
[2026-06-20T02:55:30.495] [INFO] debug-file - UP-TO-DATE :entry:default@PreBuild...  
[2026-06-20T02:55:30.496] [DEBUG] debug-file - Executing task :entry:default@CreateModuleInfo
[2026-06-20T02:55:30.496] [DEBUG] debug-file - Task 'entry:default@CreateModuleInfo' cost while wrapping incremental declarations: 1 ms 
[2026-06-20T02:55:30.497] [DEBUG] debug-file - entry : default@CreateModuleInfo cost memory 0.0422821044921875
[2026-06-20T02:55:30.497] [DEBUG] debug-file - runTaskFromQueue task cost before running: 466 ms 
[2026-06-20T02:55:30.497] [INFO] debug-file - Finished :entry:default@CreateModuleInfo... after 1 ms 
[2026-06-20T02:55:30.498] [DEBUG] debug-file - Executing task :entry:default@GenerateMetadata
[2026-06-20T02:55:30.499] [DEBUG] debug-file - Task 'entry:default@GenerateMetadata' cost while wrapping incremental declarations: 1 ms 
[2026-06-20T02:55:30.500] [DEBUG] debug-file - Incremental task entry:default@GenerateMetadata pre-execution cost: 1 ms .
[2026-06-20T02:55:30.500] [DEBUG] debug-file - entry : default@GenerateMetadata cost memory 0.08589935302734375
[2026-06-20T02:55:30.500] [INFO] debug-file - UP-TO-DATE :entry:default@GenerateMetadata...  
[2026-06-20T02:55:30.501] [DEBUG] debug-file - Executing task :entry:default@ConfigureCmake
[2026-06-20T02:55:30.506] [DEBUG] debug-file - entry : default@ConfigureCmake cost memory 0.0391387939453125
[2026-06-20T02:55:30.506] [DEBUG] debug-file - runTaskFromQueue task cost before running: 475 ms 
[2026-06-20T02:55:30.506] [INFO] debug-file - Finished :entry:default@ConfigureCmake... after 5 ms 
[2026-06-20T02:55:30.507] [DEBUG] debug-file - Executing task :entry:default@MergeProfile
[2026-06-20T02:55:30.508] [DEBUG] debug-file - Task 'entry:default@MergeProfile' cost while wrapping incremental declarations: 1 ms 
[2026-06-20T02:55:30.509] [DEBUG] debug-file - Incremental task entry:default@MergeProfile pre-execution cost: 1 ms .
[2026-06-20T02:55:30.509] [DEBUG] debug-file - entry : default@MergeProfile cost memory 0.12349700927734375
[2026-06-20T02:55:30.509] [INFO] debug-file - UP-TO-DATE :entry:default@MergeProfile...  
[2026-06-20T02:55:30.510] [DEBUG] debug-file - Executing task :entry:default@CreateBuildProfile
[2026-06-20T02:55:30.511] [DEBUG] debug-file - Task 'entry:default@CreateBuildProfile' cost while wrapping incremental declarations: 1 ms 
[2026-06-20T02:55:30.512] [DEBUG] debug-file - Incremental task entry:default@CreateBuildProfile pre-execution cost: 2 ms .
[2026-06-20T02:55:30.512] [DEBUG] debug-file - entry : default@CreateBuildProfile cost memory 0.10953521728515625
[2026-06-20T02:55:30.513] [INFO] debug-file - UP-TO-DATE :entry:default@CreateBuildProfile...  
[2026-06-20T02:55:30.514] [DEBUG] debug-file - Executing task :entry:default@PreCheckSyscap
[2026-06-20T02:55:30.514] [DEBUG] debug-file - entry : default@PreCheckSyscap cost memory 0.01522064208984375
[2026-06-20T02:55:30.514] [DEBUG] debug-file - runTaskFromQueue task cost before running: 483 ms 
[2026-06-20T02:55:30.514] [INFO] debug-file - Finished :entry:default@PreCheckSyscap... after 1 ms 
[2026-06-20T02:55:30.517] [DEBUG] debug-file - Executing task :entry:default@ProcessIntegratedHsp
[2026-06-20T02:55:30.517] [DEBUG] debug-file - entry:default@ProcessIntegratedHsp is not up-to-date, since the output file 'D:\USTC\CG\Final\BubbleRender\refraction\build\cache\default\integrated_hsp\integratedHspCache.json' does not exist.
[2026-06-20T02:55:30.518] [DEBUG] debug-file - Incremental task entry:default@ProcessIntegratedHsp pre-execution cost: 1 ms .
[2026-06-20T02:55:30.518] [DEBUG] debug-file - entry : default@ProcessIntegratedHsp cost memory 0.059295654296875
[2026-06-20T02:55:30.518] [DEBUG] debug-file - runTaskFromQueue task cost before running: 487 ms 
[2026-06-20T02:55:30.518] [INFO] debug-file - Finished :entry:default@ProcessIntegratedHsp... after 2 ms 
[2026-06-20T02:55:30.520] [DEBUG] debug-file - Executing task :entry:default@BuildNativeWithCmake
[2026-06-20T02:55:30.525] [DEBUG] debug-file - Use tool [Cmake]
 [
  'D:\\DevEco Studio\\sdk\\default\\openharmony\\native\\build-tools\\cmake\\bin\\cmake.exe',
  '-HD:\\USTC\\CG\\Final\\BubbleRender\\refraction\\entry\\src\\main\\cpp',
  '-BD:\\USTC\\CG\\Final\\BubbleRender\\refraction\\entry\\.cxx\\default\\default\\debug\\arm64-v8a',
  '-DOHOS_ARCH=arm64-v8a',
  '-DCMAKE_LIBRARY_OUTPUT_DIRECTORY=D:\\USTC\\CG\\Final\\BubbleRender\\refraction\\entry\\build\\default\\intermediates\\cmake\\default\\obj\\arm64-v8a',
  '-DCMAKE_BUILD_TYPE=Debug',
  '-DOHOS_SDK_NATIVE=D:\\DevEco Studio\\sdk\\default\\openharmony\\native',
  '-DCMAKE_SYSTEM_NAME=OHOS',
  '-DCMAKE_OHOS_ARCH_ABI=arm64-v8a',
  '-DCMAKE_EXPORT_COMPILE_COMMANDS=ON',
  '-DCMAKE_TOOLCHAIN_FILE=D:\\DevEco Studio\\sdk\\default\\hms\\native\\build\\cmake\\hmos.toolchain.bisheng.cmake',
  '-GNinja',
  '-DCMAKE_MAKE_PROGRAM=D:\\DevEco Studio\\sdk\\default\\openharmony\\native\\build-tools\\cmake\\bin\\ninja.exe',
  '-DCMAKE_FIND_ROOT_PATH=D:\\USTC\\CG\\Final\\BubbleRender\\refraction\\entry\\.cxx\\default\\default\\debug\\hvigor\\arm64-v8a',
  '-DPACKAGE_FIND_FILE=D:\\USTC\\CG\\Final\\BubbleRender\\refraction\\entry\\.cxx\\default\\default\\debug\\hvigor\\arm64-v8a\\summary.cmake',
  '--no-warn-unused-cli',
  '-DHMOS_SDK_NATIVE=D:\\DevEco Studio\\sdk\\default\\hms\\native'
]
[2026-06-20T02:55:30.532] [DEBUG] debug-file - CMake configuration was up-to-date
[2026-06-20T02:55:30.539] [DEBUG] debug-file - Use tool [Cmake]
 [
  'D:\\DevEco Studio\\sdk\\default\\openharmony\\native\\build-tools\\cmake\\bin\\cmake.exe',
  '-HD:\\USTC\\CG\\Final\\BubbleRender\\refraction\\entry\\src\\main\\cpp',
  '-BD:\\USTC\\CG\\Final\\BubbleRender\\refraction\\entry\\.cxx\\default\\default\\debug\\x86_64',
  '-DOHOS_ARCH=x86_64',
  '-DCMAKE_LIBRARY_OUTPUT_DIRECTORY=D:\\USTC\\CG\\Final\\BubbleRender\\refraction\\entry\\build\\default\\intermediates\\cmake\\default\\obj\\x86_64',
  '-DCMAKE_BUILD_TYPE=Debug',
  '-DOHOS_SDK_NATIVE=D:\\DevEco Studio\\sdk\\default\\openharmony\\native',
  '-DCMAKE_SYSTEM_NAME=OHOS',
  '-DCMAKE_OHOS_ARCH_ABI=x86_64',
  '-DCMAKE_EXPORT_COMPILE_COMMANDS=ON',
  '-DCMAKE_TOOLCHAIN_FILE=D:\\DevEco Studio\\sdk\\default\\hms\\native\\build\\cmake\\hmos.toolchain.bisheng.cmake',
  '-GNinja',
  '-DCMAKE_MAKE_PROGRAM=D:\\DevEco Studio\\sdk\\default\\openharmony\\native\\build-tools\\cmake\\bin\\ninja.exe',
  '-DCMAKE_FIND_ROOT_PATH=D:\\USTC\\CG\\Final\\BubbleRender\\refraction\\entry\\.cxx\\default\\default\\debug\\hvigor\\x86_64',
  '-DPACKAGE_FIND_FILE=D:\\USTC\\CG\\Final\\BubbleRender\\refraction\\entry\\.cxx\\default\\default\\debug\\hvigor\\x86_64\\summary.cmake',
  '--no-warn-unused-cli',
  '-DHMOS_SDK_NATIVE=D:\\DevEco Studio\\sdk\\default\\hms\\native'
]
[2026-06-20T02:55:30.544] [DEBUG] debug-file - CMake configuration was up-to-date
[2026-06-20T02:55:30.548] [DEBUG] debug-file - entry : default@BuildNativeWithCmake cost memory -0.49039459228515625
[2026-06-20T02:55:30.548] [DEBUG] debug-file - runTaskFromQueue task cost before running: 518 ms 
[2026-06-20T02:55:30.549] [INFO] debug-file - Finished :entry:default@BuildNativeWithCmake... after 29 ms 
[2026-06-20T02:55:30.551] [DEBUG] debug-file - Executing task :entry:default@MakePackInfo
[2026-06-20T02:55:30.557] [DEBUG] debug-file - Incremental task entry:default@MakePackInfo pre-execution cost: 5 ms .
[2026-06-20T02:55:30.557] [DEBUG] debug-file - entry : default@MakePackInfo cost memory 0.13520050048828125
[2026-06-20T02:55:30.559] [INFO] debug-file - UP-TO-DATE :entry:default@MakePackInfo...  
[2026-06-20T02:55:30.560] [DEBUG] debug-file - Executing task :entry:default@SyscapTransform
[2026-06-20T02:55:30.560] [DEBUG] debug-file - File: 'D:\USTC\CG\Final\BubbleRender\refraction\entry\src\main\syscap.json' from 'sysCapJsonPath' is not exists, just ignore.
[2026-06-20T02:55:30.561] [DEBUG] debug-file - Task 'entry:default@SyscapTransform' cost while wrapping incremental declarations: 2 ms 
[2026-06-20T02:55:30.564] [DEBUG] debug-file - entry:default@SyscapTransform is not up-to-date, since the output file 'D:\USTC\CG\Final\BubbleRender\refraction\entry\build\default\intermediates\syscap\default\rpcid.sc' does not exist.
[2026-06-20T02:55:30.564] [DEBUG] debug-file - Incremental task entry:default@SyscapTransform pre-execution cost: 4 ms .
[2026-06-20T02:55:30.565] [DEBUG] debug-file - entry : default@SyscapTransform cost memory 0.1502227783203125
[2026-06-20T02:55:30.565] [DEBUG] debug-file - runTaskFromQueue task cost before running: 534 ms 
[2026-06-20T02:55:30.565] [INFO] debug-file - Finished :entry:default@SyscapTransform... after 5 ms 
[2026-06-20T02:55:30.566] [DEBUG] debug-file - Executing task :entry:default@BuildNativeWithNinja
[2026-06-20T02:55:30.567] [DEBUG] debug-file - Use tool [Ninja]
 [
  'D:\\DevEco Studio\\sdk\\default\\openharmony\\native\\build-tools\\cmake\\bin\\ninja.exe',
  '-C',
  'D:\\USTC\\CG\\Final\\BubbleRender\\refraction\\entry\\.cxx\\default\\default\\debug\\arm64-v8a'
]
[2026-06-20T02:55:30.568] [DEBUG] debug-file - default@BuildNativeWithNinja work[7] is submitted.
[2026-06-20T02:55:30.568] [DEBUG] debug-file - default@BuildNativeWithNinja work[7] is pushed to ready queue.
[2026-06-20T02:55:30.568] [DEBUG] debug-file - A work dispatched to worker[17] failed because unable to get work from ready queue.
[2026-06-20T02:55:30.568] [DEBUG] debug-file - default@BuildNativeWithNinja work[7] has been dispatched to worker[16].
[2026-06-20T02:55:30.568] [DEBUG] debug-file - default@BuildNativeWithNinja work[7] is dispatched.
[2026-06-20T02:55:30.577] [DEBUG] debug-file - OHOS_STL is c++_shared
[2026-06-20T02:55:30.577] [DEBUG] debug-file - Copy STL libc++_shared.so to D:\USTC\CG\Final\BubbleRender\refraction\entry\build\default\intermediates\cmake\default\obj\arm64-v8a due to OHOS_STL is 'c++_shared'
[2026-06-20T02:55:30.579] [DEBUG] debug-file - Use tool [Ninja]
 [
  'D:\\DevEco Studio\\sdk\\default\\openharmony\\native\\build-tools\\cmake\\bin\\ninja.exe',
  '-C',
  'D:\\USTC\\CG\\Final\\BubbleRender\\refraction\\entry\\.cxx\\default\\default\\debug\\x86_64'
]
[2026-06-20T02:55:30.579] [DEBUG] debug-file - default@BuildNativeWithNinja work[8] is submitted.
[2026-06-20T02:55:30.579] [DEBUG] debug-file - default@BuildNativeWithNinja work[8] is pushed to ready queue.
[2026-06-20T02:55:30.579] [DEBUG] debug-file - A work dispatched to worker[17] failed because unable to get work from ready queue.
[2026-06-20T02:55:30.579] [DEBUG] debug-file - A work dispatched to worker[16] failed because of worker busy.
[2026-06-20T02:55:30.579] [DEBUG] debug-file - default@BuildNativeWithNinja work[8] has been dispatched to worker[15].
[2026-06-20T02:55:30.579] [DEBUG] debug-file - default@BuildNativeWithNinja work[8] is dispatched.
[2026-06-20T02:55:30.585] [DEBUG] debug-file - OHOS_STL is c++_shared
[2026-06-20T02:55:30.586] [DEBUG] debug-file - Copy STL libc++_shared.so to D:\USTC\CG\Final\BubbleRender\refraction\entry\build\default\intermediates\cmake\default\obj\x86_64 due to OHOS_STL is 'c++_shared'
[2026-06-20T02:55:30.586] [DEBUG] debug-file - entry : default@BuildNativeWithNinja cost memory 0.39914703369140625
[2026-06-20T02:55:30.590] [DEBUG] debug-file - Executing task :entry:default@GeneratePkgContextInfo
[2026-06-20T02:55:30.602] [DEBUG] debug-file - Task 'entry:default@GeneratePkgContextInfo' cost while wrapping incremental declarations: 1 ms 
[2026-06-20T02:55:30.604] [DEBUG] debug-file - Incremental task entry:default@GeneratePkgContextInfo pre-execution cost: 2 ms .
[2026-06-20T02:55:30.605] [DEBUG] debug-file - entry : default@GeneratePkgContextInfo cost memory 1.0576400756835938
[2026-06-20T02:55:30.605] [INFO] debug-file - UP-TO-DATE :entry:default@GeneratePkgContextInfo...  
[2026-06-20T02:55:30.608] [DEBUG] debug-file - Executing task :entry:default@ProcessProfile
[2026-06-20T02:55:30.610] [DEBUG] debug-file - Task 'entry:default@ProcessProfile' cost while wrapping incremental declarations: 1 ms 
[2026-06-20T02:55:30.611] [DEBUG] debug-file - Incremental task entry:default@ProcessProfile pre-execution cost: 1 ms .
[2026-06-20T02:55:30.611] [DEBUG] debug-file - entry : default@ProcessProfile cost memory 0.13622283935546875
[2026-06-20T02:55:30.612] [INFO] debug-file - UP-TO-DATE :entry:default@ProcessProfile...  
[2026-06-20T02:55:30.613] [DEBUG] debug-file - Executing task :entry:default@ProcessRouterMap
[2026-06-20T02:55:30.616] [DEBUG] debug-file - Incremental task entry:default@ProcessRouterMap pre-execution cost: 3 ms .
[2026-06-20T02:55:30.616] [DEBUG] debug-file - entry : default@ProcessRouterMap cost memory -1.6533737182617188
[2026-06-20T02:55:30.617] [INFO] debug-file - UP-TO-DATE :entry:default@ProcessRouterMap...  
[2026-06-20T02:55:30.618] [DEBUG] debug-file - Executing task :entry:default@ProcessShareConfig
[2026-06-20T02:55:30.621] [DEBUG] debug-file - Incremental task entry:default@ProcessShareConfig pre-execution cost: 2 ms .
[2026-06-20T02:55:30.621] [DEBUG] debug-file - entry : default@ProcessShareConfig cost memory 0.1504058837890625
[2026-06-20T02:55:30.622] [INFO] debug-file - UP-TO-DATE :entry:default@ProcessShareConfig...  
[2026-06-20T02:55:30.624] [DEBUG] debug-file - Executing task :entry:default@ProcessStartupConfig
[2026-06-20T02:55:30.624] [DEBUG] debug-file - Task 'entry:default@ProcessStartupConfig' cost while wrapping incremental declarations: 1 ms 
[2026-06-20T02:55:30.625] [DEBUG] debug-file - entry:default@ProcessStartupConfig is not up-to-date, since the output file 'D:\USTC\CG\Final\BubbleRender\refraction\entry\build\default\intermediates\startup\default\startup_config.json' does not exist.
[2026-06-20T02:55:30.625] [DEBUG] debug-file - Incremental task entry:default@ProcessStartupConfig pre-execution cost: 1 ms .
[2026-06-20T02:55:30.627] [DEBUG] debug-file - entry : default@ProcessStartupConfig cost memory 0.15076446533203125
[2026-06-20T02:55:30.627] [DEBUG] debug-file - runTaskFromQueue task cost before running: 596 ms 
[2026-06-20T02:55:30.628] [INFO] debug-file - Finished :entry:default@ProcessStartupConfig... after 4 ms 
[2026-06-20T02:55:30.629] [DEBUG] debug-file - restool module names: entry; moduleName=entry, taskName=default@ProcessResource
[2026-06-20T02:55:30.632] [DEBUG] debug-file - Executing task :entry:default@ProcessResource
[2026-06-20T02:55:30.632] [DEBUG] debug-file - Task 'entry:default@ProcessResource' cost while wrapping incremental declarations: 1 ms 
[2026-06-20T02:55:30.634] [DEBUG] debug-file - Incremental task entry:default@ProcessResource pre-execution cost: 2 ms .
[2026-06-20T02:55:30.634] [DEBUG] debug-file - entry : default@ProcessResource cost memory 0.14322662353515625
[2026-06-20T02:55:30.635] [INFO] debug-file - UP-TO-DATE :entry:default@ProcessResource...  
[2026-06-20T02:55:30.639] [DEBUG] debug-file - Executing task :entry:default@GenerateLoaderJson
[2026-06-20T02:55:30.640] [DEBUG] debug-file - Task 'entry:default@GenerateLoaderJson' cost while wrapping incremental declarations: 1 ms 
[2026-06-20T02:55:30.646] [DEBUG] debug-file - Incremental task entry:default@GenerateLoaderJson pre-execution cost: 3 ms .
[2026-06-20T02:55:30.646] [DEBUG] debug-file - entry : default@GenerateLoaderJson cost memory 0.561431884765625
[2026-06-20T02:55:30.649] [INFO] debug-file - UP-TO-DATE :entry:default@GenerateLoaderJson...  
[2026-06-20T02:55:30.650] [DEBUG] debug-file - restool module names: entry; moduleName=entry, taskName=default@CompileResource
[2026-06-20T02:55:30.650] [DEBUG] debug-file - Executing task :entry:default@CompileResource
[2026-06-20T02:55:30.660] [DEBUG] debug-file - ninja: Entering directory `D:\USTC\CG\Final\BubbleRender\refraction\entry\.cxx\default\default\debug\x86_64'
ninja: no work to do.

[2026-06-20T02:55:30.666] [DEBUG] debug-file - ninja: Entering directory `D:\USTC\CG\Final\BubbleRender\refraction\entry\.cxx\default\default\debug\arm64-v8a'
ninja: no work to do.

[2026-06-20T02:55:30.669] [DEBUG] debug-file - Incremental task entry:default@CompileResource pre-execution cost: 17 ms .
[2026-06-20T02:55:30.669] [DEBUG] debug-file - entry : default@CompileResource cost memory 0.880615234375
[2026-06-20T02:55:30.671] [INFO] debug-file - UP-TO-DATE :entry:default@CompileResource...  
[2026-06-20T02:55:30.674] [DEBUG] debug-file - Executing task :entry:default@CompileArkTS
[2026-06-20T02:55:30.674] [DEBUG] debug-file - obfuscationOptions: undefined
[2026-06-20T02:55:30.678] [DEBUG] debug-file - Task 'entry:default@CompileArkTS' cost while wrapping incremental declarations: 1 ms 
[2026-06-20T02:55:30.695] [DEBUG] debug-file - build config:
[2026-06-20T02:55:30.696] [DEBUG] debug-file - {
  moduleType: 'entry',
  perf: 0,
  targetName: '.default',
  packageManagerType: 'ohpm',
  localPropertiesPath: 'D:\\USTC\\CG\\Final\\BubbleRender\\refraction\\local.properties',
  isPreview: false,
  isOhosTest: false,
  isLocalTest: false,
  buildMode: 'Debug',
  hotReloadBuild: undefined,
  watchMode: 'false',
  aceProfilePath: 'D:\\USTC\\CG\\Final\\BubbleRender\\refraction\\entry\\build\\default\\intermediates\\res\\default\\resources\\base\\profile',
  etsLoaderPath: 'D:\\DevEco Studio\\sdk\\default\\openharmony\\ets\\build-tools\\ets-loader',
  modulePath: 'D:\\USTC\\CG\\Final\\BubbleRender\\refraction\\entry',
  testFrameworkPar: {
    testMode: undefined,
    coveragePathFilter: undefined,
    coverageMode: undefined
  },
  needCoverageInsert: false,
  debugLine: false,
  projectTopDir: 'D:\\USTC\\CG\\Final\\BubbleRender\\refraction',
  compileSdkVersion: 22,
  compatibleSdkVersion: 22,
  originCompatibleSdkVersion: '6.0.2(22)',
  compatibleSdkVersionStage: undefined,
  bundleName: 'c***l',
  etsLoaderVersion: '6.0.2.130',
  etsLoaderReleaseType: 'Release',
  aotCompileMode: 'type',
  apPath: 'D:\\USTC\\CG\\Final\\BubbleRender\\refraction\\entry\\modules.ap',
  entryModuleName: 'entry',
  entryModuleVersion: '1.0.0',
  entryPackageName: 'entry',
  allModuleNameHash: '085e2c581c30401124b8ec979c71fc722b61ca421fa44c4ee48b365edd09ea84',
  externalApiPaths: [ 'D:\\DevEco Studio\\sdk\\default\\hms\\ets' ],
  compilerTypes: [],
  isCrossplatform: false,
  hvigorPluginFile: undefined,
  compilePluginPath: undefined,
  buildGeneratedProfilePath: 'D:\\USTC\\CG\\Final\\BubbleRender\\refraction\\entry\\build\\default\\generated\\profile\\default',
  bundleType: 'app',
  arkTSVersion: undefined,
  apiVersion: 22,
  needCompleteSourcesMap: false,
  isFaMode: false,
  buildDir: 'D:\\USTC\\CG\\Final\\BubbleRender\\refraction\\entry\\build',
  deviceTypes: [ 'phone' ],
  pkgContextInfo: {
    'libentry.so': {
      packageName: 'libentry.so',
      bundleName: '*****',
      moduleName: '',
      version: '',
      entryPath: 'Index',
      isSO: true,
      dependencyAlias: ''
    },
    '@ohos/hypium': {
      packageName: '@ohos/hypium',
      bundleName: '*****',
      moduleName: '',
      version: '1.0.25',
      entryPath: 'index.js',
      isSO: false,
      dependencyAlias: ''
    },
    '@ohos/hamock': {
      packageName: '@ohos/hamock',
      bundleName: '*****',
      moduleName: '',
      version: '1.0.0',
      entryPath: 'index.ets',
      isSO: false,
      dependencyAlias: ''
    },
    entry: {
      packageName: 'entry',
      bundleName: '*****',
      moduleName: '',
      version: '',
      entryPath: 'src/main/',
      isSO: false,
      dependencyAlias: ''
    }
  },
  ohPackagePathMap: {},
  dependencyAliasMap: {},
  permission: { requestPermissions: undefined, definePermissions: undefined },
  useGetCurrentBundleName: false,
  projectArkOption: undefined,
  sourceMapDir: undefined,
  branchElimination: false,
  transformLib: undefined,
  tsImportSendable: false,
  resolveConflictMode: true,
  depName2RootPath: {},
  depName2DepInfo: {},
  rootPathSet: [ 'D:\\USTC\\CG\\Final\\BubbleRender\\refraction' ],
  useNativeResolver: true,
  shouldEmitJs: true,
  useTscResolve: false,
  singleFileEmit: false,
  userProjectConfig: {
    autoLazyImport: false,
    allowEmptyBundleName: false,
    reExportCheckMode: 'noCheck',
    executionMode: 'memory',
    usePathPlaceholder: false,
    writeRollupCache: true,
    isExpandImportEnabled: false,
    expandImportExclude: '',
    lazyImportExclude: '',
    lazyImportInclude: '',
    ignoreCrossplatformCheck: false,
    isHarDeduplicateEnabled: false,
    skipOhModulesLint: false,
    enableStrictCheckOHModule: false,
    disableSendableCheckRules: [],
    useDeclarationFileSignature: false,
    customizedOptions: undefined,
    integratedHsp: false,
    isPreloadSoEnabled: false
  },
  executionMode: 'memory',
  arkCompileCachePath: 'D:\\USTC\\CG\\Final\\BubbleRender\\refraction\\entry\\build\\default\\cache\\default\\default@CompileArkTS\\esmodule',
  autoLazyFilter: undefined,
  isHarDeduplicateEnabled: false,
  intermediateHarDuplicateDirPath: 'D:\\USTC\\CG\\Final\\BubbleRender\\refraction\\entry\\build\\default\\intermediates\\har_duplicate\\default',
  autoLazyImport: false,
  allowEmptyBundleName: false,
  reExportCheckMode: 'noCheck',
  usePathPlaceholder: false,
  writeRollupCache: true,
  isExpandImportEnabled: false,
  expandImportExclude: '',
  lazyImportExclude: '',
  lazyImportInclude: '',
  ignoreCrossplatformCheck: false,
  skipOhModulesLint: false,
  enableStrictCheckOHModule: false,
  disableSendableCheckRules: [],
  useDeclarationFileSignature: false,
  customizedOptions: undefined,
  integratedHsp: false,
  isPreloadSoEnabled: false,
  strictMode: {
    caseSensitiveCheck: true,
    useNormalizedOHMUrl: true,
    noExternalImportByPath: true
  },
  useNormalizedOHMUrl: true,
  caseSensitiveCheck: true,
  aceModuleJsonPath: 'D:\\USTC\\CG\\Final\\BubbleRender\\refraction\\entry\\build\\default\\intermediates\\res\\default\\ark_module.json',
  appResource: 'D:\\USTC\\CG\\Final\\BubbleRender\\refraction\\entry\\build\\default\\intermediates\\res\\default\\ResourceTable.txt',
  rawFileResource: 'D:\\USTC\\CG\\Final\\BubbleRender\\refraction\\entry\\build\\default\\intermediates\\res\\default\\resources\\rawfile',
  resourceTableHash: 'd81a83941c07883d4327563ba2cfe0ac7f68042912820a1577b99d29cbd144cc',
  runtimeOS: 'HarmonyOS',
  sdkInfo: 'false:22:6.0.2.130:Release',
  aceModuleRoot: 'D:\\USTC\\CG\\Final\\BubbleRender\\refraction\\entry\\src\\main\\ets',
  compileMode: 'esmodule',
  aceSuperVisualPath: 'D:\\USTC\\CG\\Final\\BubbleRender\\refraction\\entry\\src\\main\\supervisual',
  aceBuildJson: 'D:\\USTC\\CG\\Final\\BubbleRender\\refraction\\entry\\build\\default\\intermediates\\loader\\default\\loader.json',
  cachePath: 'D:\\USTC\\CG\\Final\\BubbleRender\\refraction\\entry\\build\\default\\cache\\default\\default@CompileArkTS\\esmodule\\debug',
  aceModuleBuild: 'D:\\USTC\\CG\\Final\\BubbleRender\\refraction\\entry\\build\\default\\intermediates\\loader_out\\default\\ets',
  supportChunks: true,
  declaredFilesPath: undefined,
  shouldCollectDirectImportees: false,
  isByteCodeHarOptimize: false,
  expandImportPath: undefined,
  pkgNameToPkgBriefInfo: {
    entry: {
      pkgRoot: 'D:\\USTC\\CG\\Final\\BubbleRender\\refraction\\entry',
      originalSourceRoots: undefined,
      sourceRoots: [Array],
      pkgName: 'entry'
    }
  },
  projectModel: {
    'D:\\USTC\\CG\\Final\\BubbleRender\\refraction\\entry\\src\\main': {
      moduleName: 'entry',
      modulePkgPath: 'D:\\USTC\\CG\\Final\\BubbleRender\\refraction\\entry',
      belongProjectPath: 'D:\\USTC\\CG\\Final\\BubbleRender\\refraction'
    },
    'D:\\USTC\\CG\\Final\\BubbleRender\\refraction\\entry\\.test\\default\\intermediates\\src\\ohosTest\\ets': {
      moduleName: 'entry',
      modulePkgPath: 'D:\\USTC\\CG\\Final\\BubbleRender\\refraction\\entry',
      belongProjectPath: 'D:\\USTC\\CG\\Final\\BubbleRender\\refraction'
    },
    'D:\\USTC\\CG\\Final\\BubbleRender\\refraction\\entry\\src\\ohosTest': {
      moduleName: 'entry',
      modulePkgPath: 'D:\\USTC\\CG\\Final\\BubbleRender\\refraction\\entry',
      belongProjectPath: 'D:\\USTC\\CG\\Final\\BubbleRender\\refraction'
    },
    'D:\\USTC\\CG\\Final\\BubbleRender\\refraction\\entry': {
      moduleName: 'entry',
      modulePkgPath: 'D:\\USTC\\CG\\Final\\BubbleRender\\refraction\\entry',
      belongProjectPath: 'D:\\USTC\\CG\\Final\\BubbleRender\\refraction'
    },
    'D:\\USTC\\CG\\Final\\BubbleRender\\refraction': {
      moduleName: 'refraction',
      modulePkgPath: 'D:\\USTC\\CG\\Final\\BubbleRender\\refraction',
      belongProjectPath: 'D:\\USTC\\CG\\Final\\BubbleRender\\refraction'
    }
  },
  pkgJsonFileHash: 'fab53bed9f061f61907f8933cca57fd06f2fb5ac59222be8ab0e359412dd9872',
  allModulePaths: [ 'D:\\USTC\\CG\\Final\\BubbleRender\\refraction\\entry' ],
  routerMap: {},
  obfuscationOptions: undefined,
  byteCodeHarToDependencyKeys: undefined,
  compileBlockPkg: [],
  mockParams: {
    decorator: '@MockSetup',
    packageName: '@ohos/hamock',
    etsSourceRootPath: 'src/main/ets',
    mockConfigPath: undefined,
    mockConfigKey2ModuleInfo: {},
    source2ModuleIdMap: {}
  },
  copyCodeResourceEnable: false,
  copyCodeResourceExcludes: [],
  copyCodeResourceIncludes: undefined,
  uiTransformOptimization: false,
  sdkPath: 'D:/DevEco Studio/sdk',
  needPreloadSoFileSet: {},
  preloadSoFilePath: 'D:\\USTC\\CG\\Final\\BubbleRender\\refraction\\entry\\build\\default\\intermediates\\preload\\default\\preload.json',
  useSourceHash: false,
  localModuleParamMap: {},
  otherPaths: {
    'entry/*': [
      '..\\*',
      '..\\..\\..\\build\\default\\generated\\profile\\default\\*'
    ]
  },
  collectImportersConfig: undefined
}
[2026-06-20T02:55:30.696] [DEBUG] debug-file - Compile arkts with external api path: D:\DevEco Studio\sdk\default\hms\ets
[2026-06-20T02:55:30.697] [DEBUG] debug-file - default@CompileArkTS work[9] is submitted.
[2026-06-20T02:55:30.698] [DEBUG] debug-file - default@CompileArkTS work[9] is pushed to ready queue.
[2026-06-20T02:55:30.698] [DEBUG] debug-file - A work dispatched to worker[17] failed because unable to get work from ready queue.
[2026-06-20T02:55:30.698] [DEBUG] debug-file - A work dispatched to worker[16] failed because of worker busy.
[2026-06-20T02:55:30.698] [DEBUG] debug-file - A work dispatched to worker[15] failed because of worker busy.
[2026-06-20T02:55:30.698] [DEBUG] debug-file - A work dispatched to worker[14] failed because unable to get work from ready queue.
[2026-06-20T02:55:30.698] [DEBUG] debug-file - A work dispatched to worker[13] failed because unable to get work from ready queue.
[2026-06-20T02:55:30.698] [DEBUG] debug-file - A work dispatched to worker[12] failed because unable to get work from ready queue.
[2026-06-20T02:55:30.698] [DEBUG] debug-file - A work dispatched to worker[11] failed because unable to get work from ready queue.
[2026-06-20T02:55:30.698] [DEBUG] debug-file - A work dispatched to worker[10] failed because unable to get work from ready queue.
[2026-06-20T02:55:30.698] [DEBUG] debug-file - A work dispatched to worker[9] failed because unable to get work from ready queue.
[2026-06-20T02:55:30.698] [DEBUG] debug-file - A work dispatched to worker[8] failed because unable to get work from ready queue.
[2026-06-20T02:55:30.698] [DEBUG] debug-file - A work dispatched to worker[7] failed because unable to get work from ready queue.
[2026-06-20T02:55:30.698] [DEBUG] debug-file - A work dispatched to worker[6] failed because unable to get work from ready queue.
[2026-06-20T02:55:30.698] [DEBUG] debug-file - A work dispatched to worker[5] failed because unable to get work from ready queue.
[2026-06-20T02:55:30.698] [DEBUG] debug-file - default@CompileArkTS work[9] has been dispatched to worker[4].
[2026-06-20T02:55:30.698] [DEBUG] debug-file - default@CompileArkTS work[9] is dispatched.
[2026-06-20T02:55:30.698] [DEBUG] debug-file - entry : default@CompileArkTS cost memory -0.34851837158203125
[2026-06-20T02:55:30.700] [DEBUG] debug-file - Executing task :entry:default@BuildJS
[2026-06-20T02:55:30.700] [DEBUG] debug-file - Task 'entry:default@BuildJS' cost while wrapping incremental declarations: 1 ms 
[2026-06-20T02:55:30.704] [DEBUG] debug-file - entry : default@BuildJS cost memory 0.17220306396484375
[2026-06-20T02:55:30.705] [DEBUG] debug-file - runTaskFromQueue task cost before running: 674 ms 
[2026-06-20T02:55:30.705] [INFO] debug-file - Finished :entry:default@BuildJS... after 5 ms 
[2026-06-20T02:55:30.707] [DEBUG] debug-file - worker[15] has one work done.
[2026-06-20T02:55:30.711] [DEBUG] debug-file - Sync native runtime file D:\USTC\CG\Final\BubbleRender\refraction\entry\src\main\cpp\libs\x86_64\libassimp.so.5.
[2026-06-20T02:55:30.712] [DEBUG] debug-file - default@BuildNativeWithNinja work[8] done.
[2026-06-20T02:55:30.712] [DEBUG] debug-file - A work dispatched to worker[15] failed because unable to get work from ready queue.
[2026-06-20T02:55:30.712] [DEBUG] debug-file - worker[16] has one work done.
[2026-06-20T02:55:30.716] [DEBUG] debug-file - Sync native runtime file D:\USTC\CG\Final\BubbleRender\refraction\entry\src\main\cpp\libs\arm64-v8a\libassimp.so.5.
[2026-06-20T02:55:30.717] [DEBUG] debug-file - default@BuildNativeWithNinja work[7] done.
[2026-06-20T02:55:30.717] [DEBUG] debug-file - A work dispatched to worker[16] failed because unable to get work from ready queue.
[2026-06-20T02:55:30.717] [INFO] debug-file - Finished :entry:default@BuildNativeWithNinja... after 102 ms 
[2026-06-20T02:55:30.719] [DEBUG] debug-file - Executing task :entry:default@ProcessLibs
[2026-06-20T02:55:30.728] [DEBUG] debug-file - Check content hash for D:\USTC\CG\Final\BubbleRender\refraction\entry\build\default\intermediates\cmake\default\obj\x86_64\libentry.so
[2026-06-20T02:55:30.752] [DEBUG] debug-file - Check content hash for D:\USTC\CG\Final\BubbleRender\refraction\entry\build\default\intermediates\cmake\default\obj\x86_64\libc++_shared.so
[2026-06-20T02:55:30.763] [DEBUG] debug-file - Check content hash for D:\USTC\CG\Final\BubbleRender\refraction\entry\build\default\intermediates\cmake\default\obj\x86_64\libassimp.so.5
[2026-06-20T02:55:30.895] [DEBUG] debug-file - Check content hash for D:\USTC\CG\Final\BubbleRender\refraction\entry\build\default\intermediates\cmake\default\obj\arm64-v8a\libentry.so
[2026-06-20T02:55:30.904] [DEBUG] debug-file - Check content hash for D:\USTC\CG\Final\BubbleRender\refraction\entry\build\default\intermediates\cmake\default\obj\arm64-v8a\libc++_shared.so
[2026-06-20T02:55:30.915] [DEBUG] debug-file - Check content hash for D:\USTC\CG\Final\BubbleRender\refraction\entry\build\default\intermediates\cmake\default\obj\arm64-v8a\libassimp.so.5
[2026-06-20T02:55:31.007] [DEBUG] debug-file - Incremental task entry:default@ProcessLibs pre-execution cost: 4 ms .
[2026-06-20T02:55:31.007] [DEBUG] debug-file - entry : default@ProcessLibs cost memory -3.4235992431640625
[2026-06-20T02:55:31.008] [INFO] debug-file - UP-TO-DATE :entry:default@ProcessLibs...  
[2026-06-20T02:55:31.010] [DEBUG] debug-file - Executing task :entry:default@DoNativeStrip
[2026-06-20T02:55:31.010] [DEBUG] debug-file - Task 'entry:default@DoNativeStrip' cost while wrapping incremental declarations: 1 ms 
[2026-06-20T02:55:31.013] [DEBUG] debug-file - Incremental task entry:default@DoNativeStrip pre-execution cost: 3 ms .
[2026-06-20T02:55:31.013] [DEBUG] debug-file - entry : default@DoNativeStrip cost memory 0.257965087890625
[2026-06-20T02:55:31.013] [INFO] debug-file - UP-TO-DATE :entry:default@DoNativeStrip...  
[2026-06-20T02:55:31.014] [DEBUG] debug-file - Executing task :entry:default@CacheNativeLibs
[2026-06-20T02:55:31.015] [DEBUG] debug-file - Task 'entry:default@CacheNativeLibs' cost while wrapping incremental declarations: 1 ms 
[2026-06-20T02:55:31.017] [DEBUG] debug-file - Incremental task entry:default@CacheNativeLibs pre-execution cost: 2 ms .
[2026-06-20T02:55:31.017] [DEBUG] debug-file - entry : default@CacheNativeLibs cost memory 0.27266693115234375
[2026-06-20T02:55:31.017] [INFO] debug-file - UP-TO-DATE :entry:default@CacheNativeLibs...  
[2026-06-20T02:55:33.223] [WARN] debug-file - [33mWARN: [33m[33mArkTS:WARN File: D:/USTC/CG/Final/BubbleRender/refraction/entry/src/main/ets/pages/Index.ets:105:37
 'getContext' has been deprecated.
[39m[39m

[2026-06-20T02:55:33.224] [DEBUG] debug-file - Ark compile task finished.finished time is 289572210320400
[2026-06-20T02:55:33.228] [DEBUG] debug-file - worker[4] has one work done.
[2026-06-20T02:55:33.231] [DEBUG] debug-file - default@CompileArkTS work[9] done.
[2026-06-20T02:55:33.232] [DEBUG] debug-file - A work dispatched to worker[4] failed because unable to get work from ready queue.
[2026-06-20T02:55:33.235] [INFO] debug-file - Finished :entry:default@CompileArkTS... after 2 s 546 ms 
[2026-06-20T02:55:33.244] [DEBUG] debug-file - Executing task :entry:default@GeneratePkgModuleJson
[2026-06-20T02:55:33.244] [DEBUG] debug-file - File: 'D:\USTC\CG\Final\BubbleRender\refraction\entry\build\default\intermediates\preload\default\preload.json' from 'preloadSoJsonPath' is not exists, just ignore.
[2026-06-20T02:55:33.246] [DEBUG] debug-file - Error occurs while handling @Input 'shouldDeduplicateHar': The "data" argument must be of type string or an instance of Buffer, TypedArray, or DataView. Received undefined
[2026-06-20T02:55:33.246] [DEBUG] debug-file - Task 'entry:default@GeneratePkgModuleJson' cost while wrapping incremental declarations: 3 ms 
[2026-06-20T02:55:33.253] [DEBUG] debug-file - entry : default@GeneratePkgModuleJson cost memory 0.170928955078125
[2026-06-20T02:55:33.253] [DEBUG] debug-file - runTaskFromQueue task cost before running: 3 s 222 ms 
[2026-06-20T02:55:33.254] [INFO] debug-file - Finished :entry:default@GeneratePkgModuleJson... after 10 ms 
[2026-06-20T02:55:33.256] [DEBUG] debug-file - Executing task :entry:default@ProcessCompiledResources
[2026-06-20T02:55:33.256] [DEBUG] debug-file - File: 'D:\USTC\CG\Final\BubbleRender\refraction\entry\build\default\intermediates\preload\default\preload.json' from 'preloadSoJsonPath' is not exists, just ignore.
[2026-06-20T02:55:33.256] [DEBUG] debug-file - Task 'entry:default@ProcessCompiledResources' cost while wrapping incremental declarations: 1 ms 
[2026-06-20T02:55:33.257] [DEBUG] debug-file - entry : default@ProcessCompiledResources cost memory 0.06053924560546875
[2026-06-20T02:55:33.257] [DEBUG] debug-file - runTaskFromQueue task cost before running: 3 s 226 ms 
[2026-06-20T02:55:33.257] [INFO] debug-file - Finished :entry:default@ProcessCompiledResources... after 2 ms 
[2026-06-20T02:55:33.263] [DEBUG] debug-file - Executing task :entry:default@PackageHap
[2026-06-20T02:55:33.269] [DEBUG] debug-file - Use tool [D:\DevEco Studio\sdk\default\openharmony\toolchains\lib\app_packing_tool.jar]
 [
  'java',
  '-Dfile.encoding=GBK',
  '-jar',
  'D:\\DevEco Studio\\sdk\\default\\openharmony\\toolchains\\lib\\app_packing_tool.jar',
  '--mode',
  'hap',
  '--force',
  'true',
  '--lib-path',
  'D:\\USTC\\CG\\Final\\BubbleRender\\refraction\\entry\\build\\default\\intermediates\\stripped_native_libs\\default',
  '--json-path',
  'D:\\USTC\\CG\\Final\\BubbleRender\\refraction\\entry\\build\\default\\intermediates\\package\\default\\module.json',
  '--resources-path',
  'D:\\USTC\\CG\\Final\\BubbleRender\\refraction\\entry\\build\\default\\intermediates\\res\\default\\resources',
  '--index-path',
  'D:\\USTC\\CG\\Final\\BubbleRender\\refraction\\entry\\build\\default\\intermediates\\res\\default\\resources.index',
  '--pack-info-path',
  'D:\\USTC\\CG\\Final\\BubbleRender\\refraction\\entry\\build\\default\\outputs\\default\\pack.info',
  '--out-path',
  'D:\\USTC\\CG\\Final\\BubbleRender\\refraction\\entry\\build\\default\\outputs\\default\\entry-default-unsigned.hap',
  '--ets-path',
  'D:\\USTC\\CG\\Final\\BubbleRender\\refraction\\entry\\build\\default\\intermediates\\loader_out\\default\\ets',
  '--pkg-context-path',
  'D:\\USTC\\CG\\Final\\BubbleRender\\refraction\\entry\\build\\default\\intermediates\\loader\\default\\pkgContextInfo.json'
]
[2026-06-20T02:55:34.086] [DEBUG] debug-file - java daemon socket received message:{"code":0,"message":"pack success"}
[2026-06-20T02:55:34.094] [DEBUG] debug-file - entry : default@PackageHap cost memory 0.5416641235351562
[2026-06-20T02:55:34.094] [DEBUG] debug-file - runTaskFromQueue task cost before running: 4 s 63 ms 
[2026-06-20T02:55:34.096] [INFO] debug-file - Finished :entry:default@PackageHap... after 832 ms 
[2026-06-20T02:55:34.098] [DEBUG] debug-file - Executing task :entry:default@PackingCheck
[2026-06-20T02:55:34.110] [DEBUG] debug-file - entry : default@PackingCheck cost memory 0.5496978759765625
[2026-06-20T02:55:34.110] [DEBUG] debug-file - runTaskFromQueue task cost before running: 4 s 79 ms 
[2026-06-20T02:55:34.110] [INFO] debug-file - Finished :entry:default@PackingCheck... after 13 ms 
[2026-06-20T02:55:34.112] [DEBUG] debug-file - Executing task :entry:default@SignHap
[2026-06-20T02:55:34.113] [WARN] debug-file - Will skip sign 'hos_hap'. No signingConfigs profile is configured in current project.
             If needed, configure the signingConfigs in D:\USTC\CG\Final\BubbleRender\refraction\build-profile.json5.
[2026-06-20T02:55:34.114] [DEBUG] debug-file - entry : default@SignHap cost memory 0.0655975341796875
[2026-06-20T02:55:34.114] [DEBUG] debug-file - runTaskFromQueue task cost before running: 4 s 84 ms 
[2026-06-20T02:55:34.115] [INFO] debug-file - Finished :entry:default@SignHap... after 3 ms 
[2026-06-20T02:55:34.117] [DEBUG] debug-file - Executing task :entry:default@CollectDebugSymbol
[2026-06-20T02:55:34.118] [DEBUG] debug-file - entry : default@CollectDebugSymbol cost memory 0.10062408447265625
[2026-06-20T02:55:34.118] [DEBUG] debug-file - runTaskFromQueue task cost before running: 4 s 88 ms 
[2026-06-20T02:55:34.119] [INFO] debug-file - Finished :entry:default@CollectDebugSymbol... after 2 ms 
[2026-06-20T02:55:34.119] [DEBUG] debug-file - Executing task :entry:assembleHap
[2026-06-20T02:55:34.120] [DEBUG] debug-file - entry : assembleHap cost memory 0.012725830078125
[2026-06-20T02:55:34.120] [DEBUG] debug-file - runTaskFromQueue task cost before running: 4 s 89 ms 
[2026-06-20T02:55:34.120] [INFO] debug-file - Finished :entry:assembleHap... after 1 ms 
[2026-06-20T02:55:34.141] [INFO] debug-file - BUILD SUCCESSFUL in 4 s 110 ms 
[2026-06-20T02:55:34.142] [DEBUG] debug-file - There is no need to refresh cache, since the incremental task entry:default@PreBuild is up-to-date.
[2026-06-20T02:55:34.142] [DEBUG] debug-file - Update task entry:default@CreateModuleInfo output file:D:\USTC\CG\Final\BubbleRender\refraction\entry\build\default\generated\profile\default\ModuleInfo.ts cache.
[2026-06-20T02:55:34.142] [DEBUG] debug-file - Incremental task entry:default@CreateModuleInfo post-execution cost:1 ms .
[2026-06-20T02:55:34.143] [DEBUG] debug-file - There is no need to refresh cache, since the incremental task entry:default@GenerateMetadata is up-to-date.
[2026-06-20T02:55:34.143] [DEBUG] debug-file - There is no need to refresh cache, since the incremental task entry:default@MergeProfile is up-to-date.
[2026-06-20T02:55:34.143] [DEBUG] debug-file - There is no need to refresh cache, since the incremental task entry:default@CreateBuildProfile is up-to-date.
[2026-06-20T02:55:34.143] [DEBUG] debug-file - Update task entry:default@ProcessIntegratedHsp output file:D:\USTC\CG\Final\BubbleRender\refraction\build\cache\default\integrated_hsp\integratedHspCache.json cache.
[2026-06-20T02:55:34.144] [DEBUG] debug-file - Incremental task entry:default@ProcessIntegratedHsp post-execution cost:1 ms .
[2026-06-20T02:55:34.144] [DEBUG] debug-file - There is no need to refresh cache, since the incremental task entry:default@MakePackInfo is up-to-date.
[2026-06-20T02:55:34.144] [DEBUG] debug-file - Update task entry:default@SyscapTransform input file:D:\DevEco Studio\sdk\default\openharmony\toolchains\syscap_tool.exe cache by regenerate.
[2026-06-20T02:55:34.145] [DEBUG] debug-file - Update task entry:default@SyscapTransform input file:D:\DevEco Studio\sdk\default\openharmony\ets\api\device-define cache by regenerate.
[2026-06-20T02:55:34.146] [DEBUG] debug-file - Update task entry:default@SyscapTransform output file:D:\USTC\CG\Final\BubbleRender\refraction\entry\build\default\intermediates\syscap\default\rpcid.sc cache.
[2026-06-20T02:55:34.147] [DEBUG] debug-file - Incremental task entry:default@SyscapTransform post-execution cost:3 ms .
[2026-06-20T02:55:34.147] [DEBUG] debug-file - There is no need to refresh cache, since the incremental task entry:default@GeneratePkgContextInfo is up-to-date.
[2026-06-20T02:55:34.147] [DEBUG] debug-file - There is no need to refresh cache, since the incremental task entry:default@ProcessProfile is up-to-date.
[2026-06-20T02:55:34.147] [DEBUG] debug-file - There is no need to refresh cache, since the incremental task entry:default@ProcessRouterMap is up-to-date.
[2026-06-20T02:55:34.147] [DEBUG] debug-file - There is no need to refresh cache, since the incremental task entry:default@ProcessShareConfig is up-to-date.
[2026-06-20T02:55:34.148] [DEBUG] debug-file - Update task entry:default@ProcessStartupConfig input file:D:\USTC\CG\Final\BubbleRender\refraction\entry\build\default\intermediates\loader\default\pkgContextInfo.json cache by regenerate.
[2026-06-20T02:55:34.148] [DEBUG] debug-file - Update task entry:default@ProcessStartupConfig output file:D:\USTC\CG\Final\BubbleRender\refraction\entry\build\default\intermediates\startup\default\startup_config.json cache.
[2026-06-20T02:55:34.148] [DEBUG] debug-file - Incremental task entry:default@ProcessStartupConfig post-execution cost:2 ms .
[2026-06-20T02:55:34.149] [DEBUG] debug-file - There is no need to refresh cache, since the incremental task entry:default@ProcessResource is up-to-date.
[2026-06-20T02:55:34.149] [DEBUG] debug-file - There is no need to refresh cache, since the incremental task entry:default@GenerateLoaderJson is up-to-date.
[2026-06-20T02:55:34.149] [DEBUG] debug-file - There is no need to refresh cache, since the incremental task entry:default@CompileResource is up-to-date.
[2026-06-20T02:55:34.150] [DEBUG] debug-file - Update task entry:default@CompileArkTS input file:D:\USTC\CG\Final\BubbleRender\refraction\entry\build\default\intermediates\loader\default cache by regenerate.
[2026-06-20T02:55:34.151] [DEBUG] debug-file - Update task entry:default@CompileArkTS input file:D:\USTC\CG\Final\BubbleRender\refraction\entry\build\default\intermediates\res\default\resources\rawfile cache by regenerate.
[2026-06-20T02:55:34.154] [DEBUG] debug-file - Update task entry:default@CompileArkTS input file:D:\USTC\CG\Final\BubbleRender\refraction\entry\build\default\intermediates\res\default\ResourceTable.txt cache by regenerate.
[2026-06-20T02:55:34.154] [DEBUG] debug-file - Update task entry:default@CompileArkTS input file:D:\USTC\CG\Final\BubbleRender\refraction\entry\build\default\intermediates\res\default\ark_module.json cache by regenerate.
[2026-06-20T02:55:34.154] [DEBUG] debug-file - Update task entry:default@CompileArkTS input file:D:\USTC\CG\Final\BubbleRender\refraction\entry\build\default\intermediates\res\default\resources\base\profile cache by regenerate.
[2026-06-20T02:55:34.155] [DEBUG] debug-file - Update task entry:default@CompileArkTS input file:D:\USTC\CG\Final\BubbleRender\refraction\entry\src\main\ets cache by regenerate.
[2026-06-20T02:55:34.156] [DEBUG] debug-file - Update task entry:default@CompileArkTS input file:D:\USTC\CG\Final\BubbleRender\refraction\entry\build\default\intermediates\loader\default\pkgContextInfo.json cache by regenerate.
[2026-06-20T02:55:34.156] [DEBUG] debug-file - Update task entry:default@CompileArkTS input file:D:\USTC\CG\Final\BubbleRender\refraction\entry\build\default\generated\profile\default\BuildProfile.ets cache by regenerate.
[2026-06-20T02:55:34.156] [DEBUG] debug-file - Update task entry:default@CompileArkTS input file:D:\USTC\CG\Final\BubbleRender\refraction\entry\src\main\cpp\types cache by regenerate.
[2026-06-20T02:55:34.157] [DEBUG] debug-file - Update task entry:default@CompileArkTS output file:D:\USTC\CG\Final\BubbleRender\refraction\entry\build\default\intermediates\loader_out\default\ets cache.
[2026-06-20T02:55:34.158] [DEBUG] debug-file - Incremental task entry:default@CompileArkTS post-execution cost:9 ms .
[2026-06-20T02:55:34.159] [DEBUG] debug-file - Update task entry:default@BuildJS input file:D:\USTC\CG\Final\BubbleRender\refraction\entry\build\default\intermediates\loader\default cache by regenerate.
[2026-06-20T02:55:34.159] [DEBUG] debug-file - Update task entry:default@BuildJS input file:D:\USTC\CG\Final\BubbleRender\refraction\entry\build\default\intermediates\res\default\resources\rawfile cache by regenerate.
[2026-06-20T02:55:34.160] [DEBUG] debug-file - Update task entry:default@BuildJS input file:D:\USTC\CG\Final\BubbleRender\refraction\entry\build\default\intermediates\res\default\ResourceTable.txt cache by regenerate.
[2026-06-20T02:55:34.160] [DEBUG] debug-file - Update task entry:default@BuildJS input file:D:\USTC\CG\Final\BubbleRender\refraction\entry\build\default\intermediates\res\default\ark_module.json cache by regenerate.
[2026-06-20T02:55:34.161] [DEBUG] debug-file - Update task entry:default@BuildJS input file:D:\USTC\CG\Final\BubbleRender\refraction\entry\build\default\intermediates\res\default\resources\base\profile cache by regenerate.
[2026-06-20T02:55:34.161] [DEBUG] debug-file - Update task entry:default@BuildJS input file:D:\USTC\CG\Final\BubbleRender\refraction\entry\build\default\intermediates\loader\default\pkgContextInfo.json cache by regenerate.
[2026-06-20T02:55:34.161] [DEBUG] debug-file - Update task entry:default@BuildJS output file:D:\USTC\CG\Final\BubbleRender\refraction\entry\build\default\intermediates\loader_out\default\js cache.
[2026-06-20T02:55:34.162] [DEBUG] debug-file - Incremental task entry:default@BuildJS post-execution cost:4 ms .
[2026-06-20T02:55:34.162] [DEBUG] debug-file - There is no need to refresh cache, since the incremental task entry:default@ProcessLibs is up-to-date.
[2026-06-20T02:55:34.162] [DEBUG] debug-file - There is no need to refresh cache, since the incremental task entry:default@DoNativeStrip is up-to-date.
[2026-06-20T02:55:34.162] [DEBUG] debug-file - There is no need to refresh cache, since the incremental task entry:default@CacheNativeLibs is up-to-date.
[2026-06-20T02:55:34.162] [DEBUG] debug-file - Update task entry:default@GeneratePkgModuleJson input file:D:\USTC\CG\Final\BubbleRender\refraction\entry\build\default\intermediates\res\default\module.json cache by regenerate.
[2026-06-20T02:55:34.162] [DEBUG] debug-file - Update task entry:default@GeneratePkgModuleJson output file:D:\USTC\CG\Final\BubbleRender\refraction\entry\build\default\intermediates\package\default\module.json cache.
[2026-06-20T02:55:34.162] [DEBUG] debug-file - Incremental task entry:default@GeneratePkgModuleJson post-execution cost:1 ms .
[2026-06-20T02:55:34.162] [DEBUG] debug-file - Incremental task entry:default@ProcessCompiledResources post-execution cost:1 ms .
[2026-06-20T02:55:34.163] [DEBUG] debug-file - Update task entry:default@PackageHap input file:D:\USTC\CG\Final\BubbleRender\refraction\entry\build\default\intermediates\stripped_native_libs\default cache by regenerate.
[2026-06-20T02:55:34.166] [DEBUG] debug-file - Update task entry:default@PackageHap input file:D:\USTC\CG\Final\BubbleRender\refraction\entry\build\default\intermediates\res\default\module.json cache by regenerate.
[2026-06-20T02:55:34.166] [DEBUG] debug-file - Update task entry:default@PackageHap input file:D:\USTC\CG\Final\BubbleRender\refraction\entry\build\default\intermediates\res\default\resources cache by regenerate.
[2026-06-20T02:55:34.169] [DEBUG] debug-file - Update task entry:default@PackageHap input file:D:\USTC\CG\Final\BubbleRender\refraction\entry\build\default\intermediates\res\default\resources.index cache by regenerate.
[2026-06-20T02:55:34.169] [DEBUG] debug-file - Update task entry:default@PackageHap input file:D:\USTC\CG\Final\BubbleRender\refraction\entry\build\default\outputs\default\pack.info cache by regenerate.
[2026-06-20T02:55:34.170] [DEBUG] debug-file - Update task entry:default@PackageHap input file:D:\USTC\CG\Final\BubbleRender\refraction\entry\build\default\intermediates\loader_out\default\ets cache by regenerate.
[2026-06-20T02:55:34.172] [DEBUG] debug-file - Update task entry:default@PackageHap input file:D:\USTC\CG\Final\BubbleRender\refraction\entry\build\default\intermediates\loader\default\pkgContextInfo.json cache by regenerate.
[2026-06-20T02:55:34.173] [DEBUG] debug-file - Update task entry:default@PackageHap input file:D:\USTC\CG\Final\BubbleRender\refraction\entry\build\default\intermediates\loader_out\default\ets\sourceMaps.map cache by regenerate.
[2026-06-20T02:55:34.173] [DEBUG] debug-file - Update task entry:default@PackageHap input file:D:\USTC\CG\Final\BubbleRender\refraction\entry\build\default\generated\profile\default\BuildProfile.ets cache by regenerate.
[2026-06-20T02:55:34.174] [DEBUG] debug-file - Update task entry:default@PackageHap output file:D:\USTC\CG\Final\BubbleRender\refraction\entry\build\default\outputs\default\entry-default-unsigned.hap cache.
[2026-06-20T02:55:34.174] [DEBUG] debug-file - Update task entry:default@PackageHap output file:D:\USTC\CG\Final\BubbleRender\refraction\entry\build\default\intermediates\source_map\default\sourceMaps.map cache.
[2026-06-20T02:55:34.175] [DEBUG] debug-file - Update task entry:default@PackageHap output file:D:\USTC\CG\Final\BubbleRender\refraction\entry\build\default\outputs\default\mapping\sourceMaps.map cache.
[2026-06-20T02:55:34.176] [DEBUG] debug-file - Incremental task entry:default@PackageHap post-execution cost:14 ms .
[2026-06-20T02:55:34.176] [DEBUG] debug-file - Update task entry:default@SignHap input file:D:\USTC\CG\Final\BubbleRender\refraction\entry\build\default\outputs\default\entry-default-unsigned.hap cache by regenerate.
[2026-06-20T02:55:34.176] [DEBUG] debug-file - Update task entry:default@SignHap output file:D:\USTC\CG\Final\BubbleRender\refraction\entry\build\default\outputs\default\entry-default-signed.hap cache.
[2026-06-20T02:55:34.177] [DEBUG] debug-file - Incremental task entry:default@SignHap post-execution cost:2 ms .
[2026-06-20T02:55:34.178] [DEBUG] debug-file - Update task entry:default@CollectDebugSymbol input file:D:\USTC\CG\Final\BubbleRender\refraction\entry\build\default\intermediates\loader_out\default\ets\sourceMaps.map cache by regenerate.
[2026-06-20T02:55:34.178] [DEBUG] debug-file - Update task entry:default@CollectDebugSymbol input file:D:\USTC\CG\Final\BubbleRender\refraction\entry\build\default\intermediates\libs\default cache by regenerate.
[2026-06-20T02:55:34.180] [DEBUG] debug-file - Update task entry:default@CollectDebugSymbol output file:D:\USTC\CG\Final\BubbleRender\refraction\entry\build\default\outputs\default\symbol cache.
[2026-06-20T02:55:34.181] [DEBUG] debug-file - Incremental task entry:default@CollectDebugSymbol post-execution cost:4 ms .
[2026-06-20T02:55:34.226] [DEBUG] debug-file - hvigor build process will be closed.
[2026-06-20T02:55:34.228] [DEBUG] debug-file - java daemon socket close code:1000 reason:close by user
[2026-06-20T02:55:34.239] [DEBUG] debug-file - session manager: send message to worker process.
[2026-06-20T02:55:34.240] [DEBUG] debug-file - session manager: send message to worker process.
[2026-06-20T02:55:34.240] [DEBUG] debug-file - watch worker: worker id should be larger than 0. Nothing will be sent to any worker thread.
[2026-06-20T02:55:34.240] [DEBUG] debug-file - watch worker: worker id should be larger than 0. Nothing will be sent to any worker thread.
[2026-06-20T03:09:05.675] [DEBUG] debug-file - session manager: set active socket. socketId=MzL8cYwCssIDVa1LAAAF
[2026-06-20T03:09:05.774] [DEBUG] debug-file - watch worker: worker id should be larger than 0. Nothing will be sent to any worker thread.
[2026-06-20T03:09:05.856] [DEBUG] debug-file - Workers' log level updated to INFO
[2026-06-20T03:09:05.893] [DEBUG] debug-file - Hvigor init with startParameters:{
  hvigorfileTypeCheck: false,
  parallelExecution: true,
  incrementalExecution: true,
  printStackTrace: false,
  daemon: true,
  analyze: 0,
  logLevel: Level { level: 20000, levelStr: 'INFO', colour: 'green' },
  optimizationStrategy: 'memory',
  hotCompile: undefined,
  hotReloadBuild: undefined,
  customizedParam: undefined
}
[2026-06-20T03:09:05.920] [DEBUG] debug-file - Cache service initialization finished in 25 ms 
[2026-06-20T03:09:05.929] [DEBUG] debug-file - hvigorfile, resolving D:\USTC\CG\Final\BubbleRender\refraction\hvigorfile.ts
[2026-06-20T03:09:06.023] [DEBUG] debug-file - hvigorfile, require result:  { default: { plugins: [] } }
[2026-06-20T03:09:06.023] [DEBUG] debug-file - hvigorfile, binding system plugins null
[2026-06-20T03:09:06.026] [DEBUG] debug-file - Starting plugin build process
[2026-06-20T03:09:06.026] [DEBUG] debug-file - App plugin prepare start...
[2026-06-20T03:09:06.030] [DEBUG] debug-file - App plugin prepare end...
[2026-06-20T03:09:06.031] [DEBUG] debug-file - App plugin creating...
[2026-06-20T03:09:06.059] [DEBUG] debug-file - App plugin register hook start...
[2026-06-20T03:09:06.059] [DEBUG] debug-file - App plugin register hook end...
[2026-06-20T03:09:06.059] [DEBUG] debug-file - Plugin build process completed
[2026-06-20T03:09:06.064] [DEBUG] debug-file - Start initialize project's product build option map with build mode debug.
[2026-06-20T03:09:06.064] [DEBUG] debug-file - Picking option from product 'default' with build mode 'debug'.
[2026-06-20T03:09:06.065] [DEBUG] debug-file - Product 'default' build option initialized
[2026-06-20T03:09:06.066] [DEBUG] debug-file - End initialize project's product build option map with build mode 'debug'.
[2026-06-20T03:09:06.067] [DEBUG] debug-file - Obtain build option for product 'default'in this build.
[2026-06-20T03:09:06.069] [DEBUG] debug-file - not found resModel json file in : D:\USTC\CG\Final\BubbleRender\refraction\entry\src\ohosTest\module.json5
[2026-06-20T03:09:06.082] [DEBUG] debug-file - No signingConfig found, initRemoteHspCache failed.
[2026-06-20T03:09:06.092] [DEBUG] debug-file - Start recording SDK configuration permission data.
[2026-06-20T03:09:06.130] [DEBUG] debug-file - Sdk init in 46 ms 
[2026-06-20T03:09:06.138] [DEBUG] debug-file - Project task initialization takes 6 ms 
[2026-06-20T03:09:06.138] [DEBUG] debug-file - hvigorfile, binding custom plugins []
[2026-06-20T03:09:06.138] [DEBUG] debug-file - hvigorfile, no custom plugins were found in D:\USTC\CG\Final\BubbleRender\refraction\hvigorfile.ts
[2026-06-20T03:09:06.138] [DEBUG] debug-file - hvigorfile, resolve finished D:\USTC\CG\Final\BubbleRender\refraction\hvigorfile.ts
[2026-06-20T03:09:06.139] [DEBUG] debug-file - hvigorfile, resolving D:\USTC\CG\Final\BubbleRender\refraction\entry\hvigorfile.ts
[2026-06-20T03:09:06.148] [DEBUG] debug-file - hvigorfile, require result:  { default: { plugins: [] } }
[2026-06-20T03:09:06.149] [DEBUG] debug-file - hvigorfile, binding system plugins null
[2026-06-20T03:09:06.149] [DEBUG] debug-file - Starting plugin build process
[2026-06-20T03:09:06.149] [DEBUG] debug-file - Hap plugin creating...
[2026-06-20T03:09:06.155] [DEBUG] debug-file - failed to load cangjie to dynamically generate schemas: Error: Cannot find module '@ohos/cangjie-build-support/index'
Require stack:
- D:\DevEco Studio\tools\hvigor\hvigor-ohos-plugin\src\plugin\hooks\cangjie-register.js
- D:\DevEco Studio\tools\hvigor\hvigor-ohos-plugin\src\plugin\strategy\stage-init-strategy.js
- D:\DevEco Studio\tools\hvigor\hvigor-ohos-plugin\src\plugin\builder\abstract-plugin-builder.js
- D:\DevEco Studio\tools\hvigor\hvigor-ohos-plugin\src\plugin\builder\app-plugin-builder.js
- D:\DevEco Studio\tools\hvigor\hvigor-ohos-plugin\src\plugin\factory\plugin-factory.js
- D:\DevEco Studio\tools\hvigor\hvigor-ohos-plugin\index.js
- D:\USTC\CG\Final\BubbleRender\refraction\hvigorfile.ts
- D:\DevEco Studio\tools\hvigor\hvigor\src\base\internal\lifecycle\configuration.js
- D:\DevEco Studio\tools\hvigor\hvigor\src\base\boot\index.js
- D:\DevEco Studio\tools\hvigor\hvigor\src\base\daemon\cluster\worker-process-lifecycle.js
- D:\DevEco Studio\tools\hvigor\hvigor\src\base\daemon\process\daemon-process-boot-script.js
[2026-06-20T03:09:06.160] [DEBUG] debug-file - Start initialize module-target build option map, moduleName=entry, buildMode=debug
[2026-06-20T03:09:06.160] [DEBUG] debug-file - Target 'default' config initialized
[2026-06-20T03:09:06.163] [DEBUG] debug-file - Target 'ohosTest' config initialized
[2026-06-20T03:09:06.163] [DEBUG] debug-file - Module 'entry' target 'default' build option initialized
[2026-06-20T03:09:06.163] [DEBUG] debug-file - Module 'entry' target 'ohosTest' build option initialized
[2026-06-20T03:09:06.163] [DEBUG] debug-file - End initialize module-target build option map, moduleName=entry
[2026-06-20T03:09:06.164] [DEBUG] debug-file - Start initialize module-target build option map, moduleName=entry, buildMode=release
[2026-06-20T03:09:06.164] [DEBUG] debug-file - Target 'default' config initialized
[2026-06-20T03:09:06.166] [DEBUG] debug-file - Target 'ohosTest' config initialized
[2026-06-20T03:09:06.166] [DEBUG] debug-file - Module 'entry' target 'default' build option initialized
[2026-06-20T03:09:06.166] [DEBUG] debug-file - Module 'entry' target 'ohosTest' build option initialized
[2026-06-20T03:09:06.166] [DEBUG] debug-file - End initialize module-target build option map, moduleName=entry
[2026-06-20T03:09:06.166] [DEBUG] debug-file - Start initialize module-target build option map, moduleName=entry, buildMode=debug
[2026-06-20T03:09:06.166] [DEBUG] debug-file - Target 'default' config initialized
[2026-06-20T03:09:06.167] [DEBUG] debug-file - Target 'ohosTest' config initialized
[2026-06-20T03:09:06.167] [DEBUG] debug-file - Module 'entry' target 'default' build option initialized
[2026-06-20T03:09:06.167] [DEBUG] debug-file - Module 'entry' target 'ohosTest' build option initialized
[2026-06-20T03:09:06.167] [DEBUG] debug-file - End initialize module-target build option map, moduleName=entry
[2026-06-20T03:09:06.167] [DEBUG] debug-file - Obtain build option for module 'entry' target 'default'in this build.
[2026-06-20T03:09:06.169] [DEBUG] debug-file - Module entry task initialization takes 2 ms 
[2026-06-20T03:09:06.169] [DEBUG] debug-file - Hap plugin register hook start...
[2026-06-20T03:09:06.169] [DEBUG] debug-file - Hap plugin register hook end...
[2026-06-20T03:09:06.169] [DEBUG] debug-file - Plugin build process completed
[2026-06-20T03:09:06.169] [DEBUG] debug-file - hvigorfile, binding custom plugins []
[2026-06-20T03:09:06.170] [DEBUG] debug-file - hvigorfile, no custom plugins were found in D:\USTC\CG\Final\BubbleRender\refraction\entry\hvigorfile.ts
[2026-06-20T03:09:06.171] [DEBUG] debug-file - hvigorfile, resolve finished D:\USTC\CG\Final\BubbleRender\refraction\entry\hvigorfile.ts
[2026-06-20T03:09:06.212] [DEBUG] debug-file - hvigorfile, resolve hvigorfile dependencies in 41 ms 
[2026-06-20T03:09:06.212] [DEBUG] debug-file - project has submodules:entry
[2026-06-20T03:09:06.215] [DEBUG] debug-file - start to load updatedOhPackageInfo to the disk
[2026-06-20T03:09:06.218] [DEBUG] debug-file - load to the disk finished
[2026-06-20T03:09:06.218] [DEBUG] debug-file - Start to initialize dependency information.
[2026-06-20T03:09:06.229] [DEBUG] debug-file - Module refraction Collected Dependency: 
[2026-06-20T03:09:06.229] [DEBUG] debug-file - Module refraction's total dependency: 0
[2026-06-20T03:09:06.231] [DEBUG] debug-file - Start to initialize dependency information.
[2026-06-20T03:09:06.235] [DEBUG] debug-file - Module entry Collected Dependency: D:\USTC\CG\Final\BubbleRender\refraction\entry\src\main\cpp\types\libentry
[2026-06-20T03:09:06.236] [DEBUG] debug-file - Module entry's total dependency: 1
[2026-06-20T03:09:06.241] [DEBUG] debug-file - Configuration phase cost:320 ms 
[2026-06-20T03:09:06.243] [DEBUG] debug-file - Configuration task cost before running: 382 ms 
[2026-06-20T03:09:06.254] [DEBUG] debug-file - Executing task :entry:default@PreBuild
[2026-06-20T03:09:06.255] [DEBUG] debug-file - Task 'entry:default@PreBuild' cost while wrapping incremental declarations: 1 ms 
[2026-06-20T03:09:06.264] [DEBUG] debug-file - Incremental task entry:default@PreBuild pre-execution cost: 7 ms .
[2026-06-20T03:09:06.265] [DEBUG] debug-file - entry : default@PreBuild cost memory 0.331268310546875
[2026-06-20T03:09:06.267] [INFO] debug-file - UP-TO-DATE :entry:default@PreBuild...  
[2026-06-20T03:09:06.269] [DEBUG] debug-file - Executing task :entry:default@CreateModuleInfo
[2026-06-20T03:09:06.270] [DEBUG] debug-file - Task 'entry:default@CreateModuleInfo' cost while wrapping incremental declarations: 1 ms 
[2026-06-20T03:09:06.270] [DEBUG] debug-file - entry : default@CreateModuleInfo cost memory 0.04193115234375
[2026-06-20T03:09:06.271] [DEBUG] debug-file - runTaskFromQueue task cost before running: 411 ms 
[2026-06-20T03:09:06.271] [INFO] debug-file - Finished :entry:default@CreateModuleInfo... after 2 ms 
[2026-06-20T03:09:06.273] [DEBUG] debug-file - Executing task :entry:default@GenerateMetadata
[2026-06-20T03:09:06.273] [DEBUG] debug-file - Task 'entry:default@GenerateMetadata' cost while wrapping incremental declarations: 1 ms 
[2026-06-20T03:09:06.275] [DEBUG] debug-file - Incremental task entry:default@GenerateMetadata pre-execution cost: 1 ms .
[2026-06-20T03:09:06.275] [DEBUG] debug-file - entry : default@GenerateMetadata cost memory 0.08641815185546875
[2026-06-20T03:09:06.275] [INFO] debug-file - UP-TO-DATE :entry:default@GenerateMetadata...  
[2026-06-20T03:09:06.276] [DEBUG] debug-file - Executing task :entry:default@ConfigureCmake
[2026-06-20T03:09:06.280] [DEBUG] debug-file - entry : default@ConfigureCmake cost memory 0.036651611328125
[2026-06-20T03:09:06.280] [DEBUG] debug-file - runTaskFromQueue task cost before running: 420 ms 
[2026-06-20T03:09:06.280] [INFO] debug-file - Finished :entry:default@ConfigureCmake... after 4 ms 
[2026-06-20T03:09:06.283] [DEBUG] debug-file - Executing task :entry:default@MergeProfile
[2026-06-20T03:09:06.283] [DEBUG] debug-file - Task 'entry:default@MergeProfile' cost while wrapping incremental declarations: 1 ms 
[2026-06-20T03:09:06.286] [DEBUG] debug-file - Incremental task entry:default@MergeProfile pre-execution cost: 2 ms .
[2026-06-20T03:09:06.286] [DEBUG] debug-file - entry : default@MergeProfile cost memory 0.125274658203125
[2026-06-20T03:09:06.287] [INFO] debug-file - UP-TO-DATE :entry:default@MergeProfile...  
[2026-06-20T03:09:06.289] [DEBUG] debug-file - Executing task :entry:default@CreateBuildProfile
[2026-06-20T03:09:06.290] [DEBUG] debug-file - Task 'entry:default@CreateBuildProfile' cost while wrapping incremental declarations: 1 ms 
[2026-06-20T03:09:06.292] [DEBUG] debug-file - Incremental task entry:default@CreateBuildProfile pre-execution cost: 2 ms .
[2026-06-20T03:09:06.292] [DEBUG] debug-file - entry : default@CreateBuildProfile cost memory 0.10628509521484375
[2026-06-20T03:09:06.293] [INFO] debug-file - UP-TO-DATE :entry:default@CreateBuildProfile...  
[2026-06-20T03:09:06.297] [DEBUG] debug-file - Executing task :entry:default@PreCheckSyscap
[2026-06-20T03:09:06.298] [DEBUG] debug-file - entry : default@PreCheckSyscap cost memory 0.018280029296875
[2026-06-20T03:09:06.298] [DEBUG] debug-file - runTaskFromQueue task cost before running: 438 ms 
[2026-06-20T03:09:06.298] [INFO] debug-file - Finished :entry:default@PreCheckSyscap... after 1 ms 
[2026-06-20T03:09:06.302] [DEBUG] debug-file - Executing task :entry:default@ProcessIntegratedHsp
[2026-06-20T03:09:06.303] [DEBUG] debug-file - entry:default@ProcessIntegratedHsp is not up-to-date, since the output file 'D:\USTC\CG\Final\BubbleRender\refraction\build\cache\default\integrated_hsp\integratedHspCache.json' does not exist.
[2026-06-20T03:09:06.304] [DEBUG] debug-file - Incremental task entry:default@ProcessIntegratedHsp pre-execution cost: 1 ms .
[2026-06-20T03:09:06.304] [DEBUG] debug-file - entry : default@ProcessIntegratedHsp cost memory 0.06656646728515625
[2026-06-20T03:09:06.304] [DEBUG] debug-file - runTaskFromQueue task cost before running: 444 ms 
[2026-06-20T03:09:06.304] [INFO] debug-file - Finished :entry:default@ProcessIntegratedHsp... after 2 ms 
[2026-06-20T03:09:06.306] [DEBUG] debug-file - Executing task :entry:default@BuildNativeWithCmake
[2026-06-20T03:09:06.309] [DEBUG] debug-file - Use tool [Cmake]
 [
  'D:\\DevEco Studio\\sdk\\default\\openharmony\\native\\build-tools\\cmake\\bin\\cmake.exe',
  '-HD:\\USTC\\CG\\Final\\BubbleRender\\refraction\\entry\\src\\main\\cpp',
  '-BD:\\USTC\\CG\\Final\\BubbleRender\\refraction\\entry\\.cxx\\default\\default\\debug\\arm64-v8a',
  '-DOHOS_ARCH=arm64-v8a',
  '-DCMAKE_LIBRARY_OUTPUT_DIRECTORY=D:\\USTC\\CG\\Final\\BubbleRender\\refraction\\entry\\build\\default\\intermediates\\cmake\\default\\obj\\arm64-v8a',
  '-DCMAKE_BUILD_TYPE=Debug',
  '-DOHOS_SDK_NATIVE=D:\\DevEco Studio\\sdk\\default\\openharmony\\native',
  '-DCMAKE_SYSTEM_NAME=OHOS',
  '-DCMAKE_OHOS_ARCH_ABI=arm64-v8a',
  '-DCMAKE_EXPORT_COMPILE_COMMANDS=ON',
  '-DCMAKE_TOOLCHAIN_FILE=D:\\DevEco Studio\\sdk\\default\\hms\\native\\build\\cmake\\hmos.toolchain.bisheng.cmake',
  '-GNinja',
  '-DCMAKE_MAKE_PROGRAM=D:\\DevEco Studio\\sdk\\default\\openharmony\\native\\build-tools\\cmake\\bin\\ninja.exe',
  '-DCMAKE_FIND_ROOT_PATH=D:\\USTC\\CG\\Final\\BubbleRender\\refraction\\entry\\.cxx\\default\\default\\debug\\hvigor\\arm64-v8a',
  '-DPACKAGE_FIND_FILE=D:\\USTC\\CG\\Final\\BubbleRender\\refraction\\entry\\.cxx\\default\\default\\debug\\hvigor\\arm64-v8a\\summary.cmake',
  '--no-warn-unused-cli',
  '-DHMOS_SDK_NATIVE=D:\\DevEco Studio\\sdk\\default\\hms\\native'
]
[2026-06-20T03:09:06.325] [DEBUG] debug-file - CMake configuration was up-to-date
[2026-06-20T03:09:06.335] [DEBUG] debug-file - Use tool [Cmake]
 [
  'D:\\DevEco Studio\\sdk\\default\\openharmony\\native\\build-tools\\cmake\\bin\\cmake.exe',
  '-HD:\\USTC\\CG\\Final\\BubbleRender\\refraction\\entry\\src\\main\\cpp',
  '-BD:\\USTC\\CG\\Final\\BubbleRender\\refraction\\entry\\.cxx\\default\\default\\debug\\x86_64',
  '-DOHOS_ARCH=x86_64',
  '-DCMAKE_LIBRARY_OUTPUT_DIRECTORY=D:\\USTC\\CG\\Final\\BubbleRender\\refraction\\entry\\build\\default\\intermediates\\cmake\\default\\obj\\x86_64',
  '-DCMAKE_BUILD_TYPE=Debug',
  '-DOHOS_SDK_NATIVE=D:\\DevEco Studio\\sdk\\default\\openharmony\\native',
  '-DCMAKE_SYSTEM_NAME=OHOS',
  '-DCMAKE_OHOS_ARCH_ABI=x86_64',
  '-DCMAKE_EXPORT_COMPILE_COMMANDS=ON',
  '-DCMAKE_TOOLCHAIN_FILE=D:\\DevEco Studio\\sdk\\default\\hms\\native\\build\\cmake\\hmos.toolchain.bisheng.cmake',
  '-GNinja',
  '-DCMAKE_MAKE_PROGRAM=D:\\DevEco Studio\\sdk\\default\\openharmony\\native\\build-tools\\cmake\\bin\\ninja.exe',
  '-DCMAKE_FIND_ROOT_PATH=D:\\USTC\\CG\\Final\\BubbleRender\\refraction\\entry\\.cxx\\default\\default\\debug\\hvigor\\x86_64',
  '-DPACKAGE_FIND_FILE=D:\\USTC\\CG\\Final\\BubbleRender\\refraction\\entry\\.cxx\\default\\default\\debug\\hvigor\\x86_64\\summary.cmake',
  '--no-warn-unused-cli',
  '-DHMOS_SDK_NATIVE=D:\\DevEco Studio\\sdk\\default\\hms\\native'
]
[2026-06-20T03:09:06.347] [DEBUG] debug-file - CMake configuration was up-to-date
[2026-06-20T03:09:06.352] [DEBUG] debug-file - entry : default@BuildNativeWithCmake cost memory 0.9329376220703125
[2026-06-20T03:09:06.352] [DEBUG] debug-file - runTaskFromQueue task cost before running: 492 ms 
[2026-06-20T03:09:06.352] [INFO] debug-file - Finished :entry:default@BuildNativeWithCmake... after 46 ms 
[2026-06-20T03:09:06.353] [DEBUG] debug-file - Executing task :entry:default@MakePackInfo
[2026-06-20T03:09:06.357] [DEBUG] debug-file - Incremental task entry:default@MakePackInfo pre-execution cost: 3 ms .
[2026-06-20T03:09:06.357] [DEBUG] debug-file - entry : default@MakePackInfo cost memory 0.1307525634765625
[2026-06-20T03:09:06.361] [INFO] debug-file - UP-TO-DATE :entry:default@MakePackInfo...  
[2026-06-20T03:09:06.363] [DEBUG] debug-file - Executing task :entry:default@SyscapTransform
[2026-06-20T03:09:06.364] [DEBUG] debug-file - File: 'D:\USTC\CG\Final\BubbleRender\refraction\entry\src\main\syscap.json' from 'sysCapJsonPath' is not exists, just ignore.
[2026-06-20T03:09:06.365] [DEBUG] debug-file - Task 'entry:default@SyscapTransform' cost while wrapping incremental declarations: 2 ms 
[2026-06-20T03:09:06.371] [DEBUG] debug-file - entry:default@SyscapTransform is not up-to-date, since the output file 'D:\USTC\CG\Final\BubbleRender\refraction\entry\build\default\intermediates\syscap\default\rpcid.sc' does not exist.
[2026-06-20T03:09:06.371] [DEBUG] debug-file - Incremental task entry:default@SyscapTransform pre-execution cost: 7 ms .
[2026-06-20T03:09:06.372] [DEBUG] debug-file - entry : default@SyscapTransform cost memory 0.143157958984375
[2026-06-20T03:09:06.372] [DEBUG] debug-file - runTaskFromQueue task cost before running: 512 ms 
[2026-06-20T03:09:06.372] [INFO] debug-file - Finished :entry:default@SyscapTransform... after 9 ms 
[2026-06-20T03:09:06.373] [DEBUG] debug-file - Executing task :entry:default@BuildNativeWithNinja
[2026-06-20T03:09:06.375] [DEBUG] debug-file - Use tool [Ninja]
 [
  'D:\\DevEco Studio\\sdk\\default\\openharmony\\native\\build-tools\\cmake\\bin\\ninja.exe',
  '-C',
  'D:\\USTC\\CG\\Final\\BubbleRender\\refraction\\entry\\.cxx\\default\\default\\debug\\arm64-v8a'
]
[2026-06-20T03:09:06.375] [DEBUG] debug-file - default@BuildNativeWithNinja work[10] is submitted.
[2026-06-20T03:09:06.375] [DEBUG] debug-file - default@BuildNativeWithNinja work[10] is pushed to ready queue.
[2026-06-20T03:09:06.376] [DEBUG] debug-file - A work dispatched to worker[17] failed because unable to get work from ready queue.
[2026-06-20T03:09:06.376] [DEBUG] debug-file - default@BuildNativeWithNinja work[10] has been dispatched to worker[16].
[2026-06-20T03:09:06.376] [DEBUG] debug-file - default@BuildNativeWithNinja work[10] is dispatched.
[2026-06-20T03:09:06.391] [DEBUG] debug-file - OHOS_STL is c++_shared
[2026-06-20T03:09:06.391] [DEBUG] debug-file - Copy STL libc++_shared.so to D:\USTC\CG\Final\BubbleRender\refraction\entry\build\default\intermediates\cmake\default\obj\arm64-v8a due to OHOS_STL is 'c++_shared'
[2026-06-20T03:09:06.393] [DEBUG] debug-file - Use tool [Ninja]
 [
  'D:\\DevEco Studio\\sdk\\default\\openharmony\\native\\build-tools\\cmake\\bin\\ninja.exe',
  '-C',
  'D:\\USTC\\CG\\Final\\BubbleRender\\refraction\\entry\\.cxx\\default\\default\\debug\\x86_64'
]
[2026-06-20T03:09:06.393] [DEBUG] debug-file - default@BuildNativeWithNinja work[11] is submitted.
[2026-06-20T03:09:06.393] [DEBUG] debug-file - default@BuildNativeWithNinja work[11] is pushed to ready queue.
[2026-06-20T03:09:06.393] [DEBUG] debug-file - A work dispatched to worker[17] failed because unable to get work from ready queue.
[2026-06-20T03:09:06.393] [DEBUG] debug-file - A work dispatched to worker[16] failed because of worker busy.
[2026-06-20T03:09:06.394] [DEBUG] debug-file - default@BuildNativeWithNinja work[11] has been dispatched to worker[15].
[2026-06-20T03:09:06.394] [DEBUG] debug-file - default@BuildNativeWithNinja work[11] is dispatched.
[2026-06-20T03:09:06.408] [DEBUG] debug-file - OHOS_STL is c++_shared
[2026-06-20T03:09:06.408] [DEBUG] debug-file - Copy STL libc++_shared.so to D:\USTC\CG\Final\BubbleRender\refraction\entry\build\default\intermediates\cmake\default\obj\x86_64 due to OHOS_STL is 'c++_shared'
[2026-06-20T03:09:06.411] [DEBUG] debug-file - entry : default@BuildNativeWithNinja cost memory 0.4595184326171875
[2026-06-20T03:09:06.414] [DEBUG] debug-file - Executing task :entry:default@GeneratePkgContextInfo
[2026-06-20T03:09:06.435] [DEBUG] debug-file - Task 'entry:default@GeneratePkgContextInfo' cost while wrapping incremental declarations: 1 ms 
[2026-06-20T03:09:06.437] [DEBUG] debug-file - Incremental task entry:default@GeneratePkgContextInfo pre-execution cost: 2 ms .
[2026-06-20T03:09:06.438] [DEBUG] debug-file - entry : default@GeneratePkgContextInfo cost memory -0.6172332763671875
[2026-06-20T03:09:06.438] [INFO] debug-file - UP-TO-DATE :entry:default@GeneratePkgContextInfo...  
[2026-06-20T03:09:06.439] [DEBUG] debug-file - Executing task :entry:default@ProcessProfile
[2026-06-20T03:09:06.441] [DEBUG] debug-file - Task 'entry:default@ProcessProfile' cost while wrapping incremental declarations: 1 ms 
[2026-06-20T03:09:06.442] [DEBUG] debug-file - Incremental task entry:default@ProcessProfile pre-execution cost: 2 ms .
[2026-06-20T03:09:06.443] [DEBUG] debug-file - entry : default@ProcessProfile cost memory 0.13329315185546875
[2026-06-20T03:09:06.443] [INFO] debug-file - UP-TO-DATE :entry:default@ProcessProfile...  
[2026-06-20T03:09:06.445] [DEBUG] debug-file - Executing task :entry:default@ProcessRouterMap
[2026-06-20T03:09:06.450] [DEBUG] debug-file - Incremental task entry:default@ProcessRouterMap pre-execution cost: 4 ms .
[2026-06-20T03:09:06.450] [DEBUG] debug-file - entry : default@ProcessRouterMap cost memory 0.169342041015625
[2026-06-20T03:09:06.451] [INFO] debug-file - UP-TO-DATE :entry:default@ProcessRouterMap...  
[2026-06-20T03:09:06.452] [DEBUG] debug-file - Executing task :entry:default@ProcessShareConfig
[2026-06-20T03:09:06.454] [DEBUG] debug-file - Incremental task entry:default@ProcessShareConfig pre-execution cost: 2 ms .
[2026-06-20T03:09:06.454] [DEBUG] debug-file - entry : default@ProcessShareConfig cost memory 0.14585113525390625
[2026-06-20T03:09:06.454] [INFO] debug-file - UP-TO-DATE :entry:default@ProcessShareConfig...  
[2026-06-20T03:09:06.456] [DEBUG] debug-file - Executing task :entry:default@ProcessStartupConfig
[2026-06-20T03:09:06.456] [DEBUG] debug-file - Task 'entry:default@ProcessStartupConfig' cost while wrapping incremental declarations: 1 ms 
[2026-06-20T03:09:06.457] [DEBUG] debug-file - entry:default@ProcessStartupConfig is not up-to-date, since the output file 'D:\USTC\CG\Final\BubbleRender\refraction\entry\build\default\intermediates\startup\default\startup_config.json' does not exist.
[2026-06-20T03:09:06.457] [DEBUG] debug-file - Incremental task entry:default@ProcessStartupConfig pre-execution cost: 1 ms .
[2026-06-20T03:09:06.458] [DEBUG] debug-file - entry : default@ProcessStartupConfig cost memory 0.1488494873046875
[2026-06-20T03:09:06.459] [DEBUG] debug-file - runTaskFromQueue task cost before running: 598 ms 
[2026-06-20T03:09:06.460] [INFO] debug-file - Finished :entry:default@ProcessStartupConfig... after 3 ms 
[2026-06-20T03:09:06.465] [DEBUG] debug-file - restool module names: entry; moduleName=entry, taskName=default@ProcessResource
[2026-06-20T03:09:06.469] [DEBUG] debug-file - Executing task :entry:default@ProcessResource
[2026-06-20T03:09:06.469] [DEBUG] debug-file - Task 'entry:default@ProcessResource' cost while wrapping incremental declarations: 1 ms 
[2026-06-20T03:09:06.471] [DEBUG] debug-file - Incremental task entry:default@ProcessResource pre-execution cost: 2 ms .
[2026-06-20T03:09:06.471] [DEBUG] debug-file - entry : default@ProcessResource cost memory 0.1377716064453125
[2026-06-20T03:09:06.475] [INFO] debug-file - UP-TO-DATE :entry:default@ProcessResource...  
[2026-06-20T03:09:06.480] [DEBUG] debug-file - Executing task :entry:default@GenerateLoaderJson
[2026-06-20T03:09:06.482] [DEBUG] debug-file - Task 'entry:default@GenerateLoaderJson' cost while wrapping incremental declarations: 1 ms 
[2026-06-20T03:09:06.493] [DEBUG] debug-file - Incremental task entry:default@GenerateLoaderJson pre-execution cost: 6 ms .
[2026-06-20T03:09:06.494] [DEBUG] debug-file - entry : default@GenerateLoaderJson cost memory -1.1996688842773438
[2026-06-20T03:09:06.500] [INFO] debug-file - UP-TO-DATE :entry:default@GenerateLoaderJson...  
[2026-06-20T03:09:06.501] [DEBUG] debug-file - restool module names: entry; moduleName=entry, taskName=default@CompileResource
[2026-06-20T03:09:06.503] [DEBUG] debug-file - Executing task :entry:default@CompileResource
[2026-06-20T03:09:06.533] [DEBUG] debug-file - Incremental task entry:default@CompileResource pre-execution cost: 28 ms .
[2026-06-20T03:09:06.533] [DEBUG] debug-file - entry : default@CompileResource cost memory 0.8144302368164062
[2026-06-20T03:09:06.535] [INFO] debug-file - UP-TO-DATE :entry:default@CompileResource...  
[2026-06-20T03:09:06.539] [DEBUG] debug-file - Executing task :entry:default@CompileArkTS
[2026-06-20T03:09:06.540] [DEBUG] debug-file - obfuscationOptions: undefined
[2026-06-20T03:09:06.543] [DEBUG] debug-file - Task 'entry:default@CompileArkTS' cost while wrapping incremental declarations: 1 ms 
[2026-06-20T03:09:06.554] [DEBUG] debug-file - entry:default@CompileArkTS is not up-to-date, since the input file 'D:\USTC\CG\Final\BubbleRender\refraction\entry\src\main\ets' has been changed.
[2026-06-20T03:09:06.554] [DEBUG] debug-file - Incremental task entry:default@CompileArkTS pre-execution cost: 7 ms .
[2026-06-20T03:09:06.601] [DEBUG] debug-file - build config:
[2026-06-20T03:09:06.602] [DEBUG] debug-file - {
  moduleType: 'entry',
  perf: 0,
  targetName: '.default',
  packageManagerType: 'ohpm',
  localPropertiesPath: 'D:\\USTC\\CG\\Final\\BubbleRender\\refraction\\local.properties',
  isPreview: false,
  isOhosTest: false,
  isLocalTest: false,
  buildMode: 'Debug',
  hotReloadBuild: undefined,
  watchMode: 'false',
  aceProfilePath: 'D:\\USTC\\CG\\Final\\BubbleRender\\refraction\\entry\\build\\default\\intermediates\\res\\default\\resources\\base\\profile',
  etsLoaderPath: 'D:\\DevEco Studio\\sdk\\default\\openharmony\\ets\\build-tools\\ets-loader',
  modulePath: 'D:\\USTC\\CG\\Final\\BubbleRender\\refraction\\entry',
  testFrameworkPar: {
    testMode: undefined,
    coveragePathFilter: undefined,
    coverageMode: undefined
  },
  needCoverageInsert: false,
  debugLine: false,
  projectTopDir: 'D:\\USTC\\CG\\Final\\BubbleRender\\refraction',
  compileSdkVersion: 22,
  compatibleSdkVersion: 22,
  originCompatibleSdkVersion: '6.0.2(22)',
  compatibleSdkVersionStage: undefined,
  bundleName: 'c***l',
  etsLoaderVersion: '6.0.2.130',
  etsLoaderReleaseType: 'Release',
  aotCompileMode: 'type',
  apPath: 'D:\\USTC\\CG\\Final\\BubbleRender\\refraction\\entry\\modules.ap',
  entryModuleName: 'entry',
  entryModuleVersion: '1.0.0',
  entryPackageName: 'entry',
  allModuleNameHash: '085e2c581c30401124b8ec979c71fc722b61ca421fa44c4ee48b365edd09ea84',
  externalApiPaths: [ 'D:\\DevEco Studio\\sdk\\default\\hms\\ets' ],
  compilerTypes: [],
  isCrossplatform: false,
  hvigorPluginFile: undefined,
  compilePluginPath: undefined,
  buildGeneratedProfilePath: 'D:\\USTC\\CG\\Final\\BubbleRender\\refraction\\entry\\build\\default\\generated\\profile\\default',
  bundleType: 'app',
  arkTSVersion: undefined,
  apiVersion: 22,
  needCompleteSourcesMap: false,
  isFaMode: false,
  buildDir: 'D:\\USTC\\CG\\Final\\BubbleRender\\refraction\\entry\\build',
  deviceTypes: [ 'phone' ],
  pkgContextInfo: {
    'libentry.so': {
      packageName: 'libentry.so',
      bundleName: '*****',
      moduleName: '',
      version: '',
      entryPath: 'Index',
      isSO: true,
      dependencyAlias: ''
    },
    '@ohos/hypium': {
      packageName: '@ohos/hypium',
      bundleName: '*****',
      moduleName: '',
      version: '1.0.25',
      entryPath: 'index.js',
      isSO: false,
      dependencyAlias: ''
    },
    '@ohos/hamock': {
      packageName: '@ohos/hamock',
      bundleName: '*****',
      moduleName: '',
      version: '1.0.0',
      entryPath: 'index.ets',
      isSO: false,
      dependencyAlias: ''
    },
    entry: {
      packageName: 'entry',
      bundleName: '*****',
      moduleName: '',
      version: '',
      entryPath: 'src/main/',
      isSO: false,
      dependencyAlias: ''
    }
  },
  ohPackagePathMap: {},
  dependencyAliasMap: {},
  permission: { requestPermissions: undefined, definePermissions: undefined },
  useGetCurrentBundleName: false,
  projectArkOption: undefined,
  sourceMapDir: undefined,
  branchElimination: false,
  transformLib: undefined,
  tsImportSendable: false,
  resolveConflictMode: true,
  depName2RootPath: {},
  depName2DepInfo: {},
  rootPathSet: [ 'D:\\USTC\\CG\\Final\\BubbleRender\\refraction' ],
  useNativeResolver: true,
  shouldEmitJs: true,
  useTscResolve: false,
  singleFileEmit: false,
  userProjectConfig: {
    autoLazyImport: false,
    allowEmptyBundleName: false,
    reExportCheckMode: 'noCheck',
    executionMode: 'memory',
    usePathPlaceholder: false,
    writeRollupCache: true,
    isExpandImportEnabled: false,
    expandImportExclude: '',
    lazyImportExclude: '',
    lazyImportInclude: '',
    ignoreCrossplatformCheck: false,
    isHarDeduplicateEnabled: false,
    skipOhModulesLint: false,
    enableStrictCheckOHModule: false,
    disableSendableCheckRules: [],
    useDeclarationFileSignature: false,
    customizedOptions: undefined,
    integratedHsp: false,
    isPreloadSoEnabled: false
  },
  executionMode: 'memory',
  arkCompileCachePath: 'D:\\USTC\\CG\\Final\\BubbleRender\\refraction\\entry\\build\\default\\cache\\default\\default@CompileArkTS\\esmodule',
  autoLazyFilter: undefined,
  isHarDeduplicateEnabled: false,
  intermediateHarDuplicateDirPath: 'D:\\USTC\\CG\\Final\\BubbleRender\\refraction\\entry\\build\\default\\intermediates\\har_duplicate\\default',
  autoLazyImport: false,
  allowEmptyBundleName: false,
  reExportCheckMode: 'noCheck',
  usePathPlaceholder: false,
  writeRollupCache: true,
  isExpandImportEnabled: false,
  expandImportExclude: '',
  lazyImportExclude: '',
  lazyImportInclude: '',
  ignoreCrossplatformCheck: false,
  skipOhModulesLint: false,
  enableStrictCheckOHModule: false,
  disableSendableCheckRules: [],
  useDeclarationFileSignature: false,
  customizedOptions: undefined,
  integratedHsp: false,
  isPreloadSoEnabled: false,
  strictMode: {
    caseSensitiveCheck: true,
    useNormalizedOHMUrl: true,
    noExternalImportByPath: true
  },
  useNormalizedOHMUrl: true,
  caseSensitiveCheck: true,
  aceModuleJsonPath: 'D:\\USTC\\CG\\Final\\BubbleRender\\refraction\\entry\\build\\default\\intermediates\\res\\default\\ark_module.json',
  appResource: 'D:\\USTC\\CG\\Final\\BubbleRender\\refraction\\entry\\build\\default\\intermediates\\res\\default\\ResourceTable.txt',
  rawFileResource: 'D:\\USTC\\CG\\Final\\BubbleRender\\refraction\\entry\\build\\default\\intermediates\\res\\default\\resources\\rawfile',
  resourceTableHash: 'd81a83941c07883d4327563ba2cfe0ac7f68042912820a1577b99d29cbd144cc',
  runtimeOS: 'HarmonyOS',
  sdkInfo: 'false:22:6.0.2.130:Release',
  aceModuleRoot: 'D:\\USTC\\CG\\Final\\BubbleRender\\refraction\\entry\\src\\main\\ets',
  compileMode: 'esmodule',
  aceSuperVisualPath: 'D:\\USTC\\CG\\Final\\BubbleRender\\refraction\\entry\\src\\main\\supervisual',
  aceBuildJson: 'D:\\USTC\\CG\\Final\\BubbleRender\\refraction\\entry\\build\\default\\intermediates\\loader\\default\\loader.json',
  cachePath: 'D:\\USTC\\CG\\Final\\BubbleRender\\refraction\\entry\\build\\default\\cache\\default\\default@CompileArkTS\\esmodule\\debug',
  aceModuleBuild: 'D:\\USTC\\CG\\Final\\BubbleRender\\refraction\\entry\\build\\default\\intermediates\\loader_out\\default\\ets',
  supportChunks: true,
  declaredFilesPath: undefined,
  shouldCollectDirectImportees: false,
  isByteCodeHarOptimize: false,
  expandImportPath: undefined,
  pkgNameToPkgBriefInfo: {
    entry: {
      pkgRoot: 'D:\\USTC\\CG\\Final\\BubbleRender\\refraction\\entry',
      originalSourceRoots: undefined,
      sourceRoots: [Array],
      pkgName: 'entry'
    }
  },
  projectModel: {
    'D:\\USTC\\CG\\Final\\BubbleRender\\refraction\\entry\\src\\main': {
      moduleName: 'entry',
      modulePkgPath: 'D:\\USTC\\CG\\Final\\BubbleRender\\refraction\\entry',
      belongProjectPath: 'D:\\USTC\\CG\\Final\\BubbleRender\\refraction'
    },
    'D:\\USTC\\CG\\Final\\BubbleRender\\refraction\\entry\\.test\\default\\intermediates\\src\\ohosTest\\ets': {
      moduleName: 'entry',
      modulePkgPath: 'D:\\USTC\\CG\\Final\\BubbleRender\\refraction\\entry',
      belongProjectPath: 'D:\\USTC\\CG\\Final\\BubbleRender\\refraction'
    },
    'D:\\USTC\\CG\\Final\\BubbleRender\\refraction\\entry\\src\\ohosTest': {
      moduleName: 'entry',
      modulePkgPath: 'D:\\USTC\\CG\\Final\\BubbleRender\\refraction\\entry',
      belongProjectPath: 'D:\\USTC\\CG\\Final\\BubbleRender\\refraction'
    },
    'D:\\USTC\\CG\\Final\\BubbleRender\\refraction\\entry': {
      moduleName: 'entry',
      modulePkgPath: 'D:\\USTC\\CG\\Final\\BubbleRender\\refraction\\entry',
      belongProjectPath: 'D:\\USTC\\CG\\Final\\BubbleRender\\refraction'
    },
    'D:\\USTC\\CG\\Final\\BubbleRender\\refraction': {
      moduleName: 'refraction',
      modulePkgPath: 'D:\\USTC\\CG\\Final\\BubbleRender\\refraction',
      belongProjectPath: 'D:\\USTC\\CG\\Final\\BubbleRender\\refraction'
    }
  },
  pkgJsonFileHash: 'fab53bed9f061f61907f8933cca57fd06f2fb5ac59222be8ab0e359412dd9872',
  allModulePaths: [ 'D:\\USTC\\CG\\Final\\BubbleRender\\refraction\\entry' ],
  routerMap: {},
  obfuscationOptions: undefined,
  byteCodeHarToDependencyKeys: undefined,
  compileBlockPkg: [],
  mockParams: {
    decorator: '@MockSetup',
    packageName: '@ohos/hamock',
    etsSourceRootPath: 'src/main/ets',
    mockConfigPath: undefined,
    mockConfigKey2ModuleInfo: {},
    source2ModuleIdMap: {}
  },
  copyCodeResourceEnable: false,
  copyCodeResourceExcludes: [],
  copyCodeResourceIncludes: undefined,
  uiTransformOptimization: false,
  sdkPath: 'D:/DevEco Studio/sdk',
  needPreloadSoFileSet: {},
  preloadSoFilePath: 'D:\\USTC\\CG\\Final\\BubbleRender\\refraction\\entry\\build\\default\\intermediates\\preload\\default\\preload.json',
  useSourceHash: false,
  localModuleParamMap: {},
  otherPaths: {
    'entry/*': [
      '..\\*',
      '..\\..\\..\\build\\default\\generated\\profile\\default\\*'
    ]
  },
  collectImportersConfig: undefined
}
[2026-06-20T03:09:06.602] [DEBUG] debug-file - Compile arkts with external api path: D:\DevEco Studio\sdk\default\hms\ets
[2026-06-20T03:09:06.603] [DEBUG] debug-file - default@CompileArkTS work[12] is submitted.
[2026-06-20T03:09:06.604] [DEBUG] debug-file - default@CompileArkTS work[12] is pushed to ready queue.
[2026-06-20T03:09:06.604] [DEBUG] debug-file - A work dispatched to worker[17] failed because unable to get work from ready queue.
[2026-06-20T03:09:06.604] [DEBUG] debug-file - A work dispatched to worker[16] failed because of worker busy.
[2026-06-20T03:09:06.604] [DEBUG] debug-file - A work dispatched to worker[15] failed because of worker busy.
[2026-06-20T03:09:06.604] [DEBUG] debug-file - A work dispatched to worker[14] failed because unable to get work from ready queue.
[2026-06-20T03:09:06.604] [DEBUG] debug-file - A work dispatched to worker[13] failed because unable to get work from ready queue.
[2026-06-20T03:09:06.604] [DEBUG] debug-file - A work dispatched to worker[12] failed because unable to get work from ready queue.
[2026-06-20T03:09:06.604] [DEBUG] debug-file - A work dispatched to worker[11] failed because unable to get work from ready queue.
[2026-06-20T03:09:06.604] [DEBUG] debug-file - A work dispatched to worker[10] failed because unable to get work from ready queue.
[2026-06-20T03:09:06.604] [DEBUG] debug-file - A work dispatched to worker[9] failed because unable to get work from ready queue.
[2026-06-20T03:09:06.604] [DEBUG] debug-file - A work dispatched to worker[8] failed because unable to get work from ready queue.
[2026-06-20T03:09:06.604] [DEBUG] debug-file - A work dispatched to worker[7] failed because unable to get work from ready queue.
[2026-06-20T03:09:06.604] [DEBUG] debug-file - A work dispatched to worker[6] failed because unable to get work from ready queue.
[2026-06-20T03:09:06.605] [DEBUG] debug-file - A work dispatched to worker[5] failed because unable to get work from ready queue.
[2026-06-20T03:09:06.605] [DEBUG] debug-file - default@CompileArkTS work[12] has been dispatched to worker[4].
[2026-06-20T03:09:06.605] [DEBUG] debug-file - default@CompileArkTS work[12] is dispatched.
[2026-06-20T03:09:06.605] [DEBUG] debug-file - entry : default@CompileArkTS cost memory 0.18129730224609375
[2026-06-20T03:09:06.607] [DEBUG] debug-file - Executing task :entry:default@BuildJS
[2026-06-20T03:09:06.607] [DEBUG] debug-file - Task 'entry:default@BuildJS' cost while wrapping incremental declarations: 1 ms 
[2026-06-20T03:09:06.612] [DEBUG] debug-file - entry : default@BuildJS cost memory -1.6498947143554688
[2026-06-20T03:09:06.612] [DEBUG] debug-file - runTaskFromQueue task cost before running: 752 ms 
[2026-06-20T03:09:06.612] [INFO] debug-file - Finished :entry:default@BuildJS... after 6 ms 
[2026-06-20T03:09:08.748] [WARN] debug-file - [33mWARN: [33m[33mArkTS:WARN File: D:/USTC/CG/Final/BubbleRender/refraction/entry/src/main/ets/pages/Index.ets:131:37
 'getContext' has been deprecated.
[39m[39m

[2026-06-20T03:09:08.748] [DEBUG] debug-file - Ark compile task finished.finished time is 290387733538400
[2026-06-20T03:09:08.764] [DEBUG] debug-file - worker[4] has one work done.
[2026-06-20T03:09:08.766] [DEBUG] debug-file - default@CompileArkTS work[12] done.
[2026-06-20T03:09:08.772] [INFO] debug-file - Finished :entry:default@CompileArkTS... after 2 s 206 ms 
[2026-06-20T03:09:09.094] [DEBUG] debug-file - A work dispatched to worker[4] failed because unable to get work from ready queue.
[2026-06-20T03:09:09.894] [DEBUG] debug-file - ninja: Entering directory `D:\USTC\CG\Final\BubbleRender\refraction\entry\.cxx\default\default\debug\x86_64'
[1/2] Building CXX object CMakeFiles/entry.dir/napi_init.cpp.o
clang++: warning: argument unused during compilation: '--gcc-toolchain=D:/DevEco Studio/sdk/default/hms/native/BiSheng' [-Wunused-command-line-argument]
D:/USTC/CG/Final/BubbleRender/refraction/entry/src/main/cpp/napi_init.cpp:784:28: warning: left operand of comma operator has no effect [-Wunused-value]
    delete g_RefractModel, g_DecorativeBubbleModel, g_SkyboxModel;
                           ^~~~~~~~~~~~~~~~~~~~~~~
D:/USTC/CG/Final/BubbleRender/refraction/entry/src/main/cpp/napi_init.cpp:784:53: warning: expression result unused [-Wunused-value]
    delete g_RefractModel, g_DecorativeBubbleModel, g_SkyboxModel;
                                                    ^~~~~~~~~~~~~
2 warnings generated.
[2/2] Linking CXX shared library D:\USTC\CG\Final\BubbleRender\refraction\entry\build\default\intermediates\cmake\default\obj\x86_64\libentry.so

[2026-06-20T03:09:09.897] [DEBUG] debug-file - worker[15] has one work done.
[2026-06-20T03:09:09.903] [DEBUG] debug-file - ninja: Entering directory `D:\USTC\CG\Final\BubbleRender\refraction\entry\.cxx\default\default\debug\arm64-v8a'
[1/2] Building CXX object CMakeFiles/entry.dir/napi_init.cpp.o
clang++: warning: argument unused during compilation: '--gcc-toolchain=D:/DevEco Studio/sdk/default/hms/native/BiSheng' [-Wunused-command-line-argument]
D:/USTC/CG/Final/BubbleRender/refraction/entry/src/main/cpp/napi_init.cpp:784:28: warning: left operand of comma operator has no effect [-Wunused-value]
    delete g_RefractModel, g_DecorativeBubbleModel, g_SkyboxModel;
                           ^~~~~~~~~~~~~~~~~~~~~~~
D:/USTC/CG/Final/BubbleRender/refraction/entry/src/main/cpp/napi_init.cpp:784:53: warning: expression result unused [-Wunused-value]
    delete g_RefractModel, g_DecorativeBubbleModel, g_SkyboxModel;
                                                    ^~~~~~~~~~~~~
2 warnings generated.
[2/2] Linking CXX shared library D:\USTC\CG\Final\BubbleRender\refraction\entry\build\default\intermediates\cmake\default\obj\arm64-v8a\libentry.so

[2026-06-20T03:09:09.903] [DEBUG] debug-file - Sync native runtime file D:\USTC\CG\Final\BubbleRender\refraction\entry\src\main\cpp\libs\x86_64\libassimp.so.5.
[2026-06-20T03:09:09.904] [DEBUG] debug-file - default@BuildNativeWithNinja work[11] done.
[2026-06-20T03:09:09.904] [DEBUG] debug-file - A work dispatched to worker[15] failed because unable to get work from ready queue.
[2026-06-20T03:09:09.906] [DEBUG] debug-file - worker[16] has one work done.
[2026-06-20T03:09:09.913] [DEBUG] debug-file - Sync native runtime file D:\USTC\CG\Final\BubbleRender\refraction\entry\src\main\cpp\libs\arm64-v8a\libassimp.so.5.
[2026-06-20T03:09:09.914] [DEBUG] debug-file - default@BuildNativeWithNinja work[10] done.
[2026-06-20T03:09:09.914] [DEBUG] debug-file - A work dispatched to worker[16] failed because unable to get work from ready queue.
[2026-06-20T03:09:09.915] [INFO] debug-file - Finished :entry:default@BuildNativeWithNinja... after 3 s 533 ms 
[2026-06-20T03:09:09.918] [DEBUG] debug-file - Executing task :entry:default@ProcessLibs
[2026-06-20T03:09:09.931] [DEBUG] debug-file - Check content hash for D:\USTC\CG\Final\BubbleRender\refraction\entry\build\default\intermediates\cmake\default\obj\x86_64\libentry.so
[2026-06-20T03:09:09.961] [DEBUG] debug-file - Check content hash for D:\USTC\CG\Final\BubbleRender\refraction\entry\build\default\intermediates\cmake\default\obj\x86_64\libc++_shared.so
[2026-06-20T03:09:09.967] [DEBUG] debug-file - Check content hash for D:\USTC\CG\Final\BubbleRender\refraction\entry\build\default\intermediates\cmake\default\obj\x86_64\libassimp.so.5
[2026-06-20T03:09:10.161] [DEBUG] debug-file - Check content hash for D:\USTC\CG\Final\BubbleRender\refraction\entry\build\default\intermediates\cmake\default\obj\arm64-v8a\libentry.so
[2026-06-20T03:09:10.189] [DEBUG] debug-file - Check content hash for D:\USTC\CG\Final\BubbleRender\refraction\entry\build\default\intermediates\cmake\default\obj\arm64-v8a\libc++_shared.so
[2026-06-20T03:09:10.195] [DEBUG] debug-file - Check content hash for D:\USTC\CG\Final\BubbleRender\refraction\entry\build\default\intermediates\cmake\default\obj\arm64-v8a\libassimp.so.5
[2026-06-20T03:09:10.300] [DEBUG] debug-file - entry:default@ProcessLibs is not up-to-date, since the task snapshots are different.
[2026-06-20T03:09:10.300] [DEBUG] debug-file - Incremental task entry:default@ProcessLibs pre-execution cost: 4 ms .
[2026-06-20T03:09:10.310] [DEBUG] debug-file - Worker dispatch failed, running processLibs on main thread.
[2026-06-20T03:09:10.319] [DEBUG] debug-file - Link D:\USTC\CG\Final\BubbleRender\refraction\entry\build\default\intermediates\cmake\default\obj\x86_64\libentry.so to D:\USTC\CG\Final\BubbleRender\refraction\entry\build\default\intermediates\libs\default\x86_64\libentry.so successfully.
[2026-06-20T03:09:10.320] [DEBUG] debug-file - Link D:\USTC\CG\Final\BubbleRender\refraction\entry\build\default\intermediates\cmake\default\obj\x86_64\libc++_shared.so to D:\USTC\CG\Final\BubbleRender\refraction\entry\build\default\intermediates\libs\default\x86_64\libc++_shared.so successfully.
[2026-06-20T03:09:10.321] [DEBUG] debug-file - Link D:\USTC\CG\Final\BubbleRender\refraction\entry\build\default\intermediates\cmake\default\obj\x86_64\libassimp.so.5 to D:\USTC\CG\Final\BubbleRender\refraction\entry\build\default\intermediates\libs\default\x86_64\libassimp.so.5 successfully.
[2026-06-20T03:09:10.322] [DEBUG] debug-file - Link D:\USTC\CG\Final\BubbleRender\refraction\entry\build\default\intermediates\cmake\default\obj\arm64-v8a\libentry.so to D:\USTC\CG\Final\BubbleRender\refraction\entry\build\default\intermediates\libs\default\arm64-v8a\libentry.so successfully.
[2026-06-20T03:09:10.323] [DEBUG] debug-file - Link D:\USTC\CG\Final\BubbleRender\refraction\entry\build\default\intermediates\cmake\default\obj\arm64-v8a\libc++_shared.so to D:\USTC\CG\Final\BubbleRender\refraction\entry\build\default\intermediates\libs\default\arm64-v8a\libc++_shared.so successfully.
[2026-06-20T03:09:10.324] [DEBUG] debug-file - Link D:\USTC\CG\Final\BubbleRender\refraction\entry\build\default\intermediates\cmake\default\obj\arm64-v8a\libassimp.so.5 to D:\USTC\CG\Final\BubbleRender\refraction\entry\build\default\intermediates\libs\default\arm64-v8a\libassimp.so.5 successfully.
[2026-06-20T03:09:10.324] [DEBUG] debug-file - entry : default@ProcessLibs cost memory -6.2333526611328125
[2026-06-20T03:09:10.325] [DEBUG] debug-file - runTaskFromQueue task cost before running: 4 s 464 ms 
[2026-06-20T03:09:10.326] [INFO] debug-file - Finished :entry:default@ProcessLibs... after 407 ms 
[2026-06-20T03:09:10.329] [DEBUG] debug-file - Executing task :entry:default@DoNativeStrip
[2026-06-20T03:09:10.329] [DEBUG] debug-file - Task 'entry:default@DoNativeStrip' cost while wrapping incremental declarations: 1 ms 
[2026-06-20T03:09:10.331] [DEBUG] debug-file - entry:default@DoNativeStrip is not up-to-date, since the input file 'D:\USTC\CG\Final\BubbleRender\refraction\entry\build\default\intermediates\libs\default' has been changed.
[2026-06-20T03:09:10.331] [DEBUG] debug-file - Incremental task entry:default@DoNativeStrip pre-execution cost: 2 ms .
[2026-06-20T03:09:10.337] [DEBUG] debug-file - default@DoNativeStrip work[13] is submitted.
[2026-06-20T03:09:10.338] [DEBUG] debug-file - default@DoNativeStrip work[13] is pushed to ready queue.
[2026-06-20T03:09:10.338] [DEBUG] debug-file - A work dispatched to worker[17] failed because unable to get work from ready queue.
[2026-06-20T03:09:10.339] [DEBUG] debug-file - default@DoNativeStrip work[13] has been dispatched to worker[16].
[2026-06-20T03:09:10.339] [DEBUG] debug-file - default@DoNativeStrip work[13] is dispatched.
[2026-06-20T03:09:10.339] [DEBUG] debug-file - entry : default@DoNativeStrip cost memory 0.490234375
[2026-06-20T03:09:10.418] [DEBUG] debug-file - current process  memoryUsage: {
  rss: 355360768,
  heapTotal: 56193024,
  heapUsed: 53478736,
  external: 4047366,
  arrayBuffers: 56245
} os memoryUsage :13.849472045898438
[2026-06-20T03:09:10.431] [DEBUG] debug-file - current process  memoryUsage: {
  rss: 355479552,
  heapTotal: 56193024,
  heapUsed: 53586264,
  external: 4047366,
  arrayBuffers: 56245
} os memoryUsage :13.850593566894531
[2026-06-20T03:09:10.530] [DEBUG] debug-file - worker[16] has one work done.
[2026-06-20T03:09:10.532] [DEBUG] debug-file - default@DoNativeStrip work[13] done.
[2026-06-20T03:09:10.532] [DEBUG] debug-file - A work dispatched to worker[16] failed because unable to get work from ready queue.
[2026-06-20T03:09:10.533] [INFO] debug-file - Finished :entry:default@DoNativeStrip... after 196 ms 
[2026-06-20T03:09:10.534] [DEBUG] debug-file - Executing task :entry:default@CacheNativeLibs
[2026-06-20T03:09:10.535] [DEBUG] debug-file - Task 'entry:default@CacheNativeLibs' cost while wrapping incremental declarations: 1 ms 
[2026-06-20T03:09:10.537] [DEBUG] debug-file - entry:default@CacheNativeLibs is not up-to-date, since the input file 'D:\USTC\CG\Final\BubbleRender\refraction\entry\build\default\intermediates\stripped_native_libs\default' has been changed.
[2026-06-20T03:09:10.537] [DEBUG] debug-file - Incremental task entry:default@CacheNativeLibs pre-execution cost: 2 ms .
[2026-06-20T03:09:10.537] [DEBUG] debug-file - default@CacheNativeLibs work[14] is submitted.
[2026-06-20T03:09:10.537] [DEBUG] debug-file - default@CacheNativeLibs work[14] is pushed to ready queue.
[2026-06-20T03:09:10.537] [DEBUG] debug-file - A work dispatched to worker[17] failed because unable to get work from ready queue.
[2026-06-20T03:09:10.537] [DEBUG] debug-file - default@CacheNativeLibs work[14] has been dispatched to worker[16].
[2026-06-20T03:09:10.537] [DEBUG] debug-file - default@CacheNativeLibs work[14] is dispatched.
[2026-06-20T03:09:10.538] [DEBUG] debug-file - entry : default@CacheNativeLibs cost memory 0.20611572265625
[2026-06-20T03:09:10.544] [DEBUG] debug-file - worker[16] has one work done.
[2026-06-20T03:09:10.544] [DEBUG] debug-file - default@CacheNativeLibs work[14] done.
[2026-06-20T03:09:10.544] [DEBUG] debug-file - A work dispatched to worker[16] failed because unable to get work from ready queue.
[2026-06-20T03:09:10.545] [INFO] debug-file - Finished :entry:default@CacheNativeLibs... after 9 ms 
[2026-06-20T03:09:10.547] [DEBUG] debug-file - Executing task :entry:default@GeneratePkgModuleJson
[2026-06-20T03:09:10.547] [DEBUG] debug-file - File: 'D:\USTC\CG\Final\BubbleRender\refraction\entry\build\default\intermediates\preload\default\preload.json' from 'preloadSoJsonPath' is not exists, just ignore.
[2026-06-20T03:09:10.548] [DEBUG] debug-file - Error occurs while handling @Input 'shouldDeduplicateHar': The "data" argument must be of type string or an instance of Buffer, TypedArray, or DataView. Received undefined
[2026-06-20T03:09:10.548] [DEBUG] debug-file - Task 'entry:default@GeneratePkgModuleJson' cost while wrapping incremental declarations: 1 ms 
[2026-06-20T03:09:10.549] [DEBUG] debug-file - Incremental task entry:default@GeneratePkgModuleJson pre-execution cost: 1 ms .
[2026-06-20T03:09:10.549] [DEBUG] debug-file - entry : default@GeneratePkgModuleJson cost memory 0.102203369140625
[2026-06-20T03:09:10.549] [INFO] debug-file - UP-TO-DATE :entry:default@GeneratePkgModuleJson...  
[2026-06-20T03:09:10.550] [DEBUG] debug-file - Executing task :entry:default@ProcessCompiledResources
[2026-06-20T03:09:10.550] [DEBUG] debug-file - File: 'D:\USTC\CG\Final\BubbleRender\refraction\entry\build\default\intermediates\preload\default\preload.json' from 'preloadSoJsonPath' is not exists, just ignore.
[2026-06-20T03:09:10.550] [DEBUG] debug-file - Task 'entry:default@ProcessCompiledResources' cost while wrapping incremental declarations: 1 ms 
[2026-06-20T03:09:10.551] [DEBUG] debug-file - entry : default@ProcessCompiledResources cost memory 0.06072235107421875
[2026-06-20T03:09:10.551] [DEBUG] debug-file - runTaskFromQueue task cost before running: 4 s 691 ms 
[2026-06-20T03:09:10.551] [INFO] debug-file - Finished :entry:default@ProcessCompiledResources... after 1 ms 
[2026-06-20T03:09:10.553] [DEBUG] debug-file - Executing task :entry:default@PackageHap
[2026-06-20T03:09:10.557] [DEBUG] debug-file - entry:default@PackageHap is not up-to-date, since the input file 'D:\USTC\CG\Final\BubbleRender\refraction\entry\build\default\intermediates\stripped_native_libs\default' has been changed.
[2026-06-20T03:09:10.557] [DEBUG] debug-file - Incremental task entry:default@PackageHap pre-execution cost: 3 ms .
[2026-06-20T03:09:10.558] [DEBUG] debug-file - Use tool [D:\DevEco Studio\sdk\default\openharmony\toolchains\lib\app_packing_tool.jar]
 [
  'java',
  '-Dfile.encoding=GBK',
  '-jar',
  'D:\\DevEco Studio\\sdk\\default\\openharmony\\toolchains\\lib\\app_packing_tool.jar',
  '--mode',
  'hap',
  '--force',
  'true',
  '--lib-path',
  'D:\\USTC\\CG\\Final\\BubbleRender\\refraction\\entry\\build\\default\\intermediates\\stripped_native_libs\\default',
  '--json-path',
  'D:\\USTC\\CG\\Final\\BubbleRender\\refraction\\entry\\build\\default\\intermediates\\package\\default\\module.json',
  '--resources-path',
  'D:\\USTC\\CG\\Final\\BubbleRender\\refraction\\entry\\build\\default\\intermediates\\res\\default\\resources',
  '--index-path',
  'D:\\USTC\\CG\\Final\\BubbleRender\\refraction\\entry\\build\\default\\intermediates\\res\\default\\resources.index',
  '--pack-info-path',
  'D:\\USTC\\CG\\Final\\BubbleRender\\refraction\\entry\\build\\default\\outputs\\default\\pack.info',
  '--out-path',
  'D:\\USTC\\CG\\Final\\BubbleRender\\refraction\\entry\\build\\default\\outputs\\default\\entry-default-unsigned.hap',
  '--ets-path',
  'D:\\USTC\\CG\\Final\\BubbleRender\\refraction\\entry\\build\\default\\intermediates\\loader_out\\default\\ets',
  '--pkg-context-path',
  'D:\\USTC\\CG\\Final\\BubbleRender\\refraction\\entry\\build\\default\\intermediates\\loader\\default\\pkgContextInfo.json'
]
[2026-06-20T03:09:10.881] [DEBUG] debug-file - java daemon socket received message:{"code":0,"message":"pack success"}
[2026-06-20T03:09:10.886] [DEBUG] debug-file - entry : default@PackageHap cost memory 0.6807632446289062
[2026-06-20T03:09:10.887] [DEBUG] debug-file - runTaskFromQueue task cost before running: 5 s 27 ms 
[2026-06-20T03:09:10.888] [INFO] debug-file - Finished :entry:default@PackageHap... after 334 ms 
[2026-06-20T03:09:10.890] [DEBUG] debug-file - Executing task :entry:default@PackingCheck
[2026-06-20T03:09:10.897] [DEBUG] debug-file - entry : default@PackingCheck cost memory 0.37762451171875
[2026-06-20T03:09:10.897] [DEBUG] debug-file - runTaskFromQueue task cost before running: 5 s 37 ms 
[2026-06-20T03:09:10.898] [INFO] debug-file - Finished :entry:default@PackingCheck... after 8 ms 
[2026-06-20T03:09:10.900] [DEBUG] debug-file - Executing task :entry:default@SignHap
[2026-06-20T03:09:10.900] [WARN] debug-file - Will skip sign 'hos_hap'. No signingConfigs profile is configured in current project.
             If needed, configure the signingConfigs in D:\USTC\CG\Final\BubbleRender\refraction\build-profile.json5.
[2026-06-20T03:09:10.901] [DEBUG] debug-file - entry:default@SignHap is not up-to-date, since the input file 'D:\USTC\CG\Final\BubbleRender\refraction\entry\build\default\outputs\default\entry-default-unsigned.hap' has been changed.
[2026-06-20T03:09:10.901] [DEBUG] debug-file - Incremental task entry:default@SignHap pre-execution cost: 1 ms .
[2026-06-20T03:09:10.902] [DEBUG] debug-file - entry : default@SignHap cost memory 0.10041046142578125
[2026-06-20T03:09:10.902] [DEBUG] debug-file - runTaskFromQueue task cost before running: 5 s 42 ms 
[2026-06-20T03:09:10.902] [INFO] debug-file - Finished :entry:default@SignHap... after 3 ms 
[2026-06-20T03:09:10.904] [DEBUG] debug-file - Executing task :entry:default@CollectDebugSymbol
[2026-06-20T03:09:10.905] [DEBUG] debug-file - entry : default@CollectDebugSymbol cost memory 0.10704803466796875
[2026-06-20T03:09:10.906] [DEBUG] debug-file - runTaskFromQueue task cost before running: 5 s 45 ms 
[2026-06-20T03:09:10.906] [INFO] debug-file - Finished :entry:default@CollectDebugSymbol... after 2 ms 
[2026-06-20T03:09:10.906] [DEBUG] debug-file - Executing task :entry:assembleHap
[2026-06-20T03:09:10.906] [DEBUG] debug-file - entry : assembleHap cost memory 0.012725830078125
[2026-06-20T03:09:10.906] [DEBUG] debug-file - runTaskFromQueue task cost before running: 5 s 46 ms 
[2026-06-20T03:09:10.906] [INFO] debug-file - Finished :entry:assembleHap... after 1 ms 
[2026-06-20T03:09:10.923] [INFO] debug-file - BUILD SUCCESSFUL in 5 s 63 ms 
[2026-06-20T03:09:10.924] [DEBUG] debug-file - There is no need to refresh cache, since the incremental task entry:default@PreBuild is up-to-date.
[2026-06-20T03:09:10.924] [DEBUG] debug-file - Update task entry:default@CreateModuleInfo output file:D:\USTC\CG\Final\BubbleRender\refraction\entry\build\default\generated\profile\default\ModuleInfo.ts cache.
[2026-06-20T03:09:10.924] [DEBUG] debug-file - Incremental task entry:default@CreateModuleInfo post-execution cost:1 ms .
[2026-06-20T03:09:10.924] [DEBUG] debug-file - There is no need to refresh cache, since the incremental task entry:default@GenerateMetadata is up-to-date.
[2026-06-20T03:09:10.924] [DEBUG] debug-file - There is no need to refresh cache, since the incremental task entry:default@MergeProfile is up-to-date.
[2026-06-20T03:09:10.924] [DEBUG] debug-file - There is no need to refresh cache, since the incremental task entry:default@CreateBuildProfile is up-to-date.
[2026-06-20T03:09:10.924] [DEBUG] debug-file - Update task entry:default@ProcessIntegratedHsp output file:D:\USTC\CG\Final\BubbleRender\refraction\build\cache\default\integrated_hsp\integratedHspCache.json cache.
[2026-06-20T03:09:10.925] [DEBUG] debug-file - Incremental task entry:default@ProcessIntegratedHsp post-execution cost:1 ms .
[2026-06-20T03:09:10.925] [DEBUG] debug-file - There is no need to refresh cache, since the incremental task entry:default@MakePackInfo is up-to-date.
[2026-06-20T03:09:10.925] [DEBUG] debug-file - Update task entry:default@SyscapTransform input file:D:\DevEco Studio\sdk\default\openharmony\toolchains\syscap_tool.exe cache by regenerate.
[2026-06-20T03:09:10.925] [DEBUG] debug-file - Update task entry:default@SyscapTransform input file:D:\DevEco Studio\sdk\default\openharmony\ets\api\device-define cache by regenerate.
[2026-06-20T03:09:10.928] [DEBUG] debug-file - Update task entry:default@SyscapTransform output file:D:\USTC\CG\Final\BubbleRender\refraction\entry\build\default\intermediates\syscap\default\rpcid.sc cache.
[2026-06-20T03:09:10.928] [DEBUG] debug-file - Incremental task entry:default@SyscapTransform post-execution cost:4 ms .
[2026-06-20T03:09:10.928] [DEBUG] debug-file - There is no need to refresh cache, since the incremental task entry:default@GeneratePkgContextInfo is up-to-date.
[2026-06-20T03:09:10.928] [DEBUG] debug-file - There is no need to refresh cache, since the incremental task entry:default@ProcessProfile is up-to-date.
[2026-06-20T03:09:10.928] [DEBUG] debug-file - There is no need to refresh cache, since the incremental task entry:default@ProcessRouterMap is up-to-date.
[2026-06-20T03:09:10.928] [DEBUG] debug-file - There is no need to refresh cache, since the incremental task entry:default@ProcessShareConfig is up-to-date.
[2026-06-20T03:09:10.929] [DEBUG] debug-file - Update task entry:default@ProcessStartupConfig input file:D:\USTC\CG\Final\BubbleRender\refraction\entry\build\default\intermediates\loader\default\pkgContextInfo.json cache by regenerate.
[2026-06-20T03:09:10.929] [DEBUG] debug-file - Update task entry:default@ProcessStartupConfig output file:D:\USTC\CG\Final\BubbleRender\refraction\entry\build\default\intermediates\startup\default\startup_config.json cache.
[2026-06-20T03:09:10.930] [DEBUG] debug-file - Incremental task entry:default@ProcessStartupConfig post-execution cost:2 ms .
[2026-06-20T03:09:10.930] [DEBUG] debug-file - There is no need to refresh cache, since the incremental task entry:default@ProcessResource is up-to-date.
[2026-06-20T03:09:10.930] [DEBUG] debug-file - There is no need to refresh cache, since the incremental task entry:default@GenerateLoaderJson is up-to-date.
[2026-06-20T03:09:10.930] [DEBUG] debug-file - There is no need to refresh cache, since the incremental task entry:default@CompileResource is up-to-date.
[2026-06-20T03:09:10.932] [DEBUG] debug-file - Update task entry:default@CompileArkTS input file:D:\USTC\CG\Final\BubbleRender\refraction\entry\build\default\intermediates\loader\default cache by regenerate.
[2026-06-20T03:09:10.933] [DEBUG] debug-file - Update task entry:default@CompileArkTS input file:D:\USTC\CG\Final\BubbleRender\refraction\entry\build\default\intermediates\res\default\resources\rawfile cache by regenerate.
[2026-06-20T03:09:10.933] [DEBUG] debug-file - Update task entry:default@CompileArkTS input file:D:\USTC\CG\Final\BubbleRender\refraction\entry\build\default\intermediates\res\default\ResourceTable.txt cache by regenerate.
[2026-06-20T03:09:10.934] [DEBUG] debug-file - Update task entry:default@CompileArkTS input file:D:\USTC\CG\Final\BubbleRender\refraction\entry\build\default\intermediates\res\default\ark_module.json cache by regenerate.
[2026-06-20T03:09:10.934] [DEBUG] debug-file - Update task entry:default@CompileArkTS input file:D:\USTC\CG\Final\BubbleRender\refraction\entry\build\default\intermediates\res\default\resources\base\profile cache by regenerate.
[2026-06-20T03:09:10.935] [DEBUG] debug-file - Update task entry:default@CompileArkTS input file:D:\USTC\CG\Final\BubbleRender\refraction\entry\src\main\ets cache from map.
[2026-06-20T03:09:10.935] [DEBUG] debug-file - Update task entry:default@CompileArkTS input file:D:\USTC\CG\Final\BubbleRender\refraction\entry\build\default\intermediates\loader\default\pkgContextInfo.json cache by regenerate.
[2026-06-20T03:09:10.935] [DEBUG] debug-file - Update task entry:default@CompileArkTS input file:D:\USTC\CG\Final\BubbleRender\refraction\entry\build\default\generated\profile\default\BuildProfile.ets cache by regenerate.
[2026-06-20T03:09:10.936] [DEBUG] debug-file - Update task entry:default@CompileArkTS input file:D:\USTC\CG\Final\BubbleRender\refraction\entry\src\main\cpp\types cache by regenerate.
[2026-06-20T03:09:10.937] [DEBUG] debug-file - Update task entry:default@CompileArkTS output file:D:\USTC\CG\Final\BubbleRender\refraction\entry\build\default\intermediates\loader_out\default\ets cache.
[2026-06-20T03:09:10.938] [DEBUG] debug-file - Incremental task entry:default@CompileArkTS post-execution cost:9 ms .
[2026-06-20T03:09:10.940] [DEBUG] debug-file - Update task entry:default@BuildJS input file:D:\USTC\CG\Final\BubbleRender\refraction\entry\build\default\intermediates\loader\default cache by regenerate.
[2026-06-20T03:09:10.941] [DEBUG] debug-file - Update task entry:default@BuildJS input file:D:\USTC\CG\Final\BubbleRender\refraction\entry\build\default\intermediates\res\default\resources\rawfile cache by regenerate.
[2026-06-20T03:09:10.943] [DEBUG] debug-file - Update task entry:default@BuildJS input file:D:\USTC\CG\Final\BubbleRender\refraction\entry\build\default\intermediates\res\default\ResourceTable.txt cache by regenerate.
[2026-06-20T03:09:10.944] [DEBUG] debug-file - Update task entry:default@BuildJS input file:D:\USTC\CG\Final\BubbleRender\refraction\entry\build\default\intermediates\res\default\ark_module.json cache by regenerate.
[2026-06-20T03:09:10.945] [DEBUG] debug-file - Update task entry:default@BuildJS input file:D:\USTC\CG\Final\BubbleRender\refraction\entry\build\default\intermediates\res\default\resources\base\profile cache by regenerate.
[2026-06-20T03:09:10.946] [DEBUG] debug-file - Update task entry:default@BuildJS input file:D:\USTC\CG\Final\BubbleRender\refraction\entry\build\default\intermediates\loader\default\pkgContextInfo.json cache by regenerate.
[2026-06-20T03:09:10.946] [DEBUG] debug-file - Update task entry:default@BuildJS output file:D:\USTC\CG\Final\BubbleRender\refraction\entry\build\default\intermediates\loader_out\default\js cache.
[2026-06-20T03:09:10.947] [DEBUG] debug-file - Incremental task entry:default@BuildJS post-execution cost:9 ms .
[2026-06-20T03:09:10.948] [DEBUG] debug-file - Update task entry:default@ProcessLibs input file:D:\USTC\CG\Final\BubbleRender\refraction\build-profile.json5 cache by regenerate.
[2026-06-20T03:09:10.948] [DEBUG] debug-file - Update task entry:default@ProcessLibs input file:D:\USTC\CG\Final\BubbleRender\refraction\entry\build-profile.json5 cache by regenerate.
[2026-06-20T03:09:10.948] [DEBUG] debug-file - Update task entry:default@ProcessLibs output file:D:\USTC\CG\Final\BubbleRender\refraction\entry\build\default\intermediates\libs\default cache.
[2026-06-20T03:09:10.951] [DEBUG] debug-file - Incremental task entry:default@ProcessLibs post-execution cost:4 ms .
[2026-06-20T03:09:10.951] [DEBUG] debug-file - Update task entry:default@DoNativeStrip input file:D:\USTC\CG\Final\BubbleRender\refraction\entry\build\default\intermediates\libs\default cache from map.
[2026-06-20T03:09:10.951] [DEBUG] debug-file - Update task entry:default@DoNativeStrip output file:D:\USTC\CG\Final\BubbleRender\refraction\entry\build\default\intermediates\stripped_native_libs\default cache.
[2026-06-20T03:09:10.954] [DEBUG] debug-file - Incremental task entry:default@DoNativeStrip post-execution cost:3 ms .
[2026-06-20T03:09:10.954] [DEBUG] debug-file - Update task entry:default@CacheNativeLibs input file:D:\USTC\CG\Final\BubbleRender\refraction\entry\build\default\intermediates\stripped_native_libs\default cache from map.
[2026-06-20T03:09:10.954] [DEBUG] debug-file - Update task entry:default@CacheNativeLibs input file:D:\USTC\CG\Final\BubbleRender\refraction\entry\build\default\intermediates\libs\default cache by regenerate.
[2026-06-20T03:09:10.956] [DEBUG] debug-file - Update task entry:default@CacheNativeLibs output file:D:\USTC\CG\Final\BubbleRender\refraction\entry\build\default\intermediates\patch\default\base_native_libs.json cache.
[2026-06-20T03:09:10.956] [DEBUG] debug-file - Incremental task entry:default@CacheNativeLibs post-execution cost:3 ms .
[2026-06-20T03:09:10.956] [DEBUG] debug-file - There is no need to refresh cache, since the incremental task entry:default@GeneratePkgModuleJson is up-to-date.
[2026-06-20T03:09:10.956] [DEBUG] debug-file - Incremental task entry:default@ProcessCompiledResources post-execution cost:1 ms .
[2026-06-20T03:09:10.957] [DEBUG] debug-file - Update task entry:default@PackageHap input file:D:\USTC\CG\Final\BubbleRender\refraction\entry\build\default\intermediates\stripped_native_libs\default cache from map.
[2026-06-20T03:09:10.957] [DEBUG] debug-file - Update task entry:default@PackageHap input file:D:\USTC\CG\Final\BubbleRender\refraction\entry\build\default\intermediates\res\default\module.json cache by regenerate.
[2026-06-20T03:09:10.957] [DEBUG] debug-file - Update task entry:default@PackageHap input file:D:\USTC\CG\Final\BubbleRender\refraction\entry\build\default\intermediates\res\default\resources cache by regenerate.
[2026-06-20T03:09:10.966] [DEBUG] debug-file - Update task entry:default@PackageHap input file:D:\USTC\CG\Final\BubbleRender\refraction\entry\build\default\intermediates\res\default\resources.index cache by regenerate.
[2026-06-20T03:09:10.967] [DEBUG] debug-file - Update task entry:default@PackageHap input file:D:\USTC\CG\Final\BubbleRender\refraction\entry\build\default\outputs\default\pack.info cache by regenerate.
[2026-06-20T03:09:10.967] [DEBUG] debug-file - Update task entry:default@PackageHap input file:D:\USTC\CG\Final\BubbleRender\refraction\entry\build\default\intermediates\loader_out\default\ets cache by regenerate.
[2026-06-20T03:09:10.968] [DEBUG] debug-file - Update task entry:default@PackageHap input file:D:\USTC\CG\Final\BubbleRender\refraction\entry\build\default\intermediates\loader\default\pkgContextInfo.json cache by regenerate.
[2026-06-20T03:09:10.969] [DEBUG] debug-file - Update task entry:default@PackageHap input file:D:\USTC\CG\Final\BubbleRender\refraction\entry\build\default\intermediates\loader_out\default\ets\sourceMaps.map cache by regenerate.
[2026-06-20T03:09:10.969] [DEBUG] debug-file - Update task entry:default@PackageHap input file:D:\USTC\CG\Final\BubbleRender\refraction\entry\build\default\generated\profile\default\BuildProfile.ets cache by regenerate.
[2026-06-20T03:09:10.969] [DEBUG] debug-file - Update task entry:default@PackageHap output file:D:\USTC\CG\Final\BubbleRender\refraction\entry\build\default\outputs\default\entry-default-unsigned.hap cache.
[2026-06-20T03:09:10.969] [DEBUG] debug-file - Update task entry:default@PackageHap output file:D:\USTC\CG\Final\BubbleRender\refraction\entry\build\default\intermediates\source_map\default\sourceMaps.map cache.
[2026-06-20T03:09:10.969] [DEBUG] debug-file - Update task entry:default@PackageHap output file:D:\USTC\CG\Final\BubbleRender\refraction\entry\build\default\outputs\default\mapping\sourceMaps.map cache.
[2026-06-20T03:09:10.969] [DEBUG] debug-file - Incremental task entry:default@PackageHap post-execution cost:14 ms .
[2026-06-20T03:09:10.970] [DEBUG] debug-file - Update task entry:default@SignHap input file:D:\USTC\CG\Final\BubbleRender\refraction\entry\build\default\outputs\default\entry-default-unsigned.hap cache from map.
[2026-06-20T03:09:10.970] [DEBUG] debug-file - Update task entry:default@SignHap output file:D:\USTC\CG\Final\BubbleRender\refraction\entry\build\default\outputs\default\entry-default-signed.hap cache.
[2026-06-20T03:09:10.970] [DEBUG] debug-file - Incremental task entry:default@SignHap post-execution cost:1 ms .
[2026-06-20T03:09:10.970] [DEBUG] debug-file - Update task entry:default@CollectDebugSymbol input file:D:\USTC\CG\Final\BubbleRender\refraction\entry\build\default\intermediates\loader_out\default\ets\sourceMaps.map cache by regenerate.
[2026-06-20T03:09:10.970] [DEBUG] debug-file - Update task entry:default@CollectDebugSymbol input file:D:\USTC\CG\Final\BubbleRender\refraction\entry\build\default\intermediates\libs\default cache by regenerate.
[2026-06-20T03:09:10.971] [DEBUG] debug-file - Update task entry:default@CollectDebugSymbol output file:D:\USTC\CG\Final\BubbleRender\refraction\entry\build\default\outputs\default\symbol cache.
[2026-06-20T03:09:10.972] [DEBUG] debug-file - Incremental task entry:default@CollectDebugSymbol post-execution cost:2 ms .
[2026-06-20T03:09:11.017] [DEBUG] debug-file - hvigor build process will be closed.
[2026-06-20T03:09:11.018] [DEBUG] debug-file - java daemon socket close code:1000 reason:close by user
[2026-06-20T03:09:11.026] [DEBUG] debug-file - session manager: send message to worker process.
[2026-06-20T03:09:11.027] [DEBUG] debug-file - session manager: send message to worker process.
[2026-06-20T03:09:11.030] [DEBUG] debug-file - watch worker: worker id should be larger than 0. Nothing will be sent to any worker thread.
[2026-06-20T03:09:11.030] [DEBUG] debug-file - watch worker: worker id should be larger than 0. Nothing will be sent to any worker thread.
[2026-06-20T03:11:58.240] [DEBUG] debug-file - session manager: set active socket. socketId=Y0MCuzmuqvZut5A-AAAH
[2026-06-20T03:11:58.287] [DEBUG] debug-file - watch worker: worker id should be larger than 0. Nothing will be sent to any worker thread.
[2026-06-20T03:11:58.323] [DEBUG] debug-file - Workers' log level updated to INFO
[2026-06-20T03:11:58.342] [DEBUG] debug-file - Hvigor init with startParameters:{
  hvigorfileTypeCheck: false,
  parallelExecution: true,
  incrementalExecution: true,
  printStackTrace: false,
  daemon: true,
  analyze: 0,
  logLevel: Level { level: 20000, levelStr: 'INFO', colour: 'green' },
  optimizationStrategy: 'memory',
  hotCompile: undefined,
  hotReloadBuild: undefined,
  customizedParam: undefined
}
[2026-06-20T03:11:58.356] [DEBUG] debug-file - Cache service initialization finished in 14 ms 
[2026-06-20T03:11:58.359] [DEBUG] debug-file - hvigorfile, resolving D:\USTC\CG\Final\BubbleRender\refraction\hvigorfile.ts
[2026-06-20T03:11:58.552] [DEBUG] debug-file - hvigorfile, require result:  { default: { plugins: [] } }
[2026-06-20T03:11:58.552] [DEBUG] debug-file - hvigorfile, binding system plugins null
[2026-06-20T03:11:58.560] [DEBUG] debug-file - Starting plugin build process
[2026-06-20T03:11:58.561] [DEBUG] debug-file - App plugin prepare start...
[2026-06-20T03:11:58.561] [DEBUG] debug-file - App plugin prepare end...
[2026-06-20T03:11:58.561] [DEBUG] debug-file - App plugin creating...
[2026-06-20T03:11:58.592] [DEBUG] debug-file - App plugin register hook start...
[2026-06-20T03:11:58.593] [DEBUG] debug-file - App plugin register hook end...
[2026-06-20T03:11:58.593] [DEBUG] debug-file - Plugin build process completed
[2026-06-20T03:11:58.594] [DEBUG] debug-file - Start initialize project's product build option map with build mode debug.
[2026-06-20T03:11:58.594] [DEBUG] debug-file - Picking option from product 'default' with build mode 'debug'.
[2026-06-20T03:11:58.595] [DEBUG] debug-file - Product 'default' build option initialized
[2026-06-20T03:11:58.595] [DEBUG] debug-file - End initialize project's product build option map with build mode 'debug'.
[2026-06-20T03:11:58.597] [DEBUG] debug-file - Obtain build option for product 'default'in this build.
[2026-06-20T03:11:58.600] [DEBUG] debug-file - not found resModel json file in : D:\USTC\CG\Final\BubbleRender\refraction\entry\src\ohosTest\module.json5
[2026-06-20T03:11:58.610] [DEBUG] debug-file - No signingConfig found, initRemoteHspCache failed.
[2026-06-20T03:11:58.618] [DEBUG] debug-file - Start recording SDK configuration permission data.
[2026-06-20T03:11:58.644] [DEBUG] debug-file - Sdk init in 32 ms 
[2026-06-20T03:11:58.655] [DEBUG] debug-file - Project task initialization takes 11 ms 
[2026-06-20T03:11:58.656] [DEBUG] debug-file - hvigorfile, binding custom plugins []
[2026-06-20T03:11:58.656] [DEBUG] debug-file - hvigorfile, no custom plugins were found in D:\USTC\CG\Final\BubbleRender\refraction\hvigorfile.ts
[2026-06-20T03:11:58.656] [DEBUG] debug-file - hvigorfile, resolve finished D:\USTC\CG\Final\BubbleRender\refraction\hvigorfile.ts
[2026-06-20T03:11:58.656] [DEBUG] debug-file - hvigorfile, resolving D:\USTC\CG\Final\BubbleRender\refraction\entry\hvigorfile.ts
[2026-06-20T03:11:58.662] [DEBUG] debug-file - hvigorfile, require result:  { default: { plugins: [] } }
[2026-06-20T03:11:58.662] [DEBUG] debug-file - hvigorfile, binding system plugins null
[2026-06-20T03:11:58.663] [DEBUG] debug-file - Starting plugin build process
[2026-06-20T03:11:58.663] [DEBUG] debug-file - Hap plugin creating...
[2026-06-20T03:11:58.669] [DEBUG] debug-file - failed to load cangjie to dynamically generate schemas: Error: Cannot find module '@ohos/cangjie-build-support/index'
Require stack:
- D:\DevEco Studio\tools\hvigor\hvigor-ohos-plugin\src\plugin\hooks\cangjie-register.js
- D:\DevEco Studio\tools\hvigor\hvigor-ohos-plugin\src\plugin\strategy\stage-init-strategy.js
- D:\DevEco Studio\tools\hvigor\hvigor-ohos-plugin\src\plugin\builder\abstract-plugin-builder.js
- D:\DevEco Studio\tools\hvigor\hvigor-ohos-plugin\src\plugin\builder\app-plugin-builder.js
- D:\DevEco Studio\tools\hvigor\hvigor-ohos-plugin\src\plugin\factory\plugin-factory.js
- D:\DevEco Studio\tools\hvigor\hvigor-ohos-plugin\index.js
- D:\USTC\CG\Final\BubbleRender\refraction\hvigorfile.ts
- D:\DevEco Studio\tools\hvigor\hvigor\src\base\internal\lifecycle\configuration.js
- D:\DevEco Studio\tools\hvigor\hvigor\src\base\boot\index.js
- D:\DevEco Studio\tools\hvigor\hvigor\src\base\daemon\cluster\worker-process-lifecycle.js
- D:\DevEco Studio\tools\hvigor\hvigor\src\base\daemon\process\daemon-process-boot-script.js
[2026-06-20T03:11:58.684] [DEBUG] debug-file - Start initialize module-target build option map, moduleName=entry, buildMode=debug
[2026-06-20T03:11:58.684] [DEBUG] debug-file - Target 'default' config initialized
[2026-06-20T03:11:58.684] [DEBUG] debug-file - Target 'ohosTest' config initialized
[2026-06-20T03:11:58.685] [DEBUG] debug-file - Module 'entry' target 'default' build option initialized
[2026-06-20T03:11:58.687] [DEBUG] debug-file - Module 'entry' target 'ohosTest' build option initialized
[2026-06-20T03:11:58.687] [DEBUG] debug-file - End initialize module-target build option map, moduleName=entry
[2026-06-20T03:11:58.687] [DEBUG] debug-file - Start initialize module-target build option map, moduleName=entry, buildMode=release
[2026-06-20T03:11:58.687] [DEBUG] debug-file - Target 'default' config initialized
[2026-06-20T03:11:58.687] [DEBUG] debug-file - Target 'ohosTest' config initialized
[2026-06-20T03:11:58.687] [DEBUG] debug-file - Module 'entry' target 'default' build option initialized
[2026-06-20T03:11:58.687] [DEBUG] debug-file - Module 'entry' target 'ohosTest' build option initialized
[2026-06-20T03:11:58.687] [DEBUG] debug-file - End initialize module-target build option map, moduleName=entry
[2026-06-20T03:11:58.687] [DEBUG] debug-file - Start initialize module-target build option map, moduleName=entry, buildMode=debug
[2026-06-20T03:11:58.688] [DEBUG] debug-file - Target 'default' config initialized
[2026-06-20T03:11:58.688] [DEBUG] debug-file - Target 'ohosTest' config initialized
[2026-06-20T03:11:58.688] [DEBUG] debug-file - Module 'entry' target 'default' build option initialized
[2026-06-20T03:11:58.688] [DEBUG] debug-file - Module 'entry' target 'ohosTest' build option initialized
[2026-06-20T03:11:58.688] [DEBUG] debug-file - End initialize module-target build option map, moduleName=entry
[2026-06-20T03:11:58.689] [DEBUG] debug-file - Obtain build option for module 'entry' target 'default'in this build.
[2026-06-20T03:11:58.695] [DEBUG] debug-file - Module entry task initialization takes 5 ms 
[2026-06-20T03:11:58.695] [DEBUG] debug-file - Hap plugin register hook start...
[2026-06-20T03:11:58.695] [DEBUG] debug-file - Hap plugin register hook end...
[2026-06-20T03:11:58.695] [DEBUG] debug-file - Plugin build process completed
[2026-06-20T03:11:58.695] [DEBUG] debug-file - hvigorfile, binding custom plugins []
[2026-06-20T03:11:58.695] [DEBUG] debug-file - hvigorfile, no custom plugins were found in D:\USTC\CG\Final\BubbleRender\refraction\entry\hvigorfile.ts
[2026-06-20T03:11:58.695] [DEBUG] debug-file - hvigorfile, resolve finished D:\USTC\CG\Final\BubbleRender\refraction\entry\hvigorfile.ts
[2026-06-20T03:11:58.729] [DEBUG] debug-file - hvigorfile, resolve hvigorfile dependencies in 33 ms 
[2026-06-20T03:11:58.729] [DEBUG] debug-file - project has submodules:entry
[2026-06-20T03:11:58.731] [DEBUG] debug-file - start to load updatedOhPackageInfo to the disk
[2026-06-20T03:11:58.735] [DEBUG] debug-file - load to the disk finished
[2026-06-20T03:11:58.736] [DEBUG] debug-file - Start to initialize dependency information.
[2026-06-20T03:11:58.743] [DEBUG] debug-file - Module refraction Collected Dependency: 
[2026-06-20T03:11:58.743] [DEBUG] debug-file - Module refraction's total dependency: 0
[2026-06-20T03:11:58.745] [DEBUG] debug-file - Start to initialize dependency information.
[2026-06-20T03:11:58.747] [DEBUG] debug-file - Module entry Collected Dependency: D:\USTC\CG\Final\BubbleRender\refraction\entry\src\main\cpp\types\libentry
[2026-06-20T03:11:58.748] [DEBUG] debug-file - Module entry's total dependency: 1
[2026-06-20T03:11:58.755] [DEBUG] debug-file - Configuration phase cost:399 ms 
[2026-06-20T03:11:58.756] [DEBUG] debug-file - Configuration task cost before running: 429 ms 
[2026-06-20T03:11:58.762] [DEBUG] debug-file - Executing task :entry:default@PreBuild
[2026-06-20T03:11:58.764] [DEBUG] debug-file - Task 'entry:default@PreBuild' cost while wrapping incremental declarations: 1 ms 
[2026-06-20T03:11:58.771] [DEBUG] debug-file - Incremental task entry:default@PreBuild pre-execution cost: 4 ms .
[2026-06-20T03:11:58.771] [DEBUG] debug-file - entry : default@PreBuild cost memory 0.32196807861328125
[2026-06-20T03:11:58.773] [INFO] debug-file - UP-TO-DATE :entry:default@PreBuild...  
[2026-06-20T03:11:58.774] [DEBUG] debug-file - Executing task :entry:default@CreateModuleInfo
[2026-06-20T03:11:58.774] [DEBUG] debug-file - Task 'entry:default@CreateModuleInfo' cost while wrapping incremental declarations: 1 ms 
[2026-06-20T03:11:58.775] [DEBUG] debug-file - entry : default@CreateModuleInfo cost memory 0.04193115234375
[2026-06-20T03:11:58.775] [DEBUG] debug-file - runTaskFromQueue task cost before running: 448 ms 
[2026-06-20T03:11:58.775] [INFO] debug-file - Finished :entry:default@CreateModuleInfo... after 2 ms 
[2026-06-20T03:11:58.777] [DEBUG] debug-file - Executing task :entry:default@GenerateMetadata
[2026-06-20T03:11:58.778] [DEBUG] debug-file - Task 'entry:default@GenerateMetadata' cost while wrapping incremental declarations: 1 ms 
[2026-06-20T03:11:58.779] [DEBUG] debug-file - Incremental task entry:default@GenerateMetadata pre-execution cost: 1 ms .
[2026-06-20T03:11:58.779] [DEBUG] debug-file - entry : default@GenerateMetadata cost memory 0.08388519287109375
[2026-06-20T03:11:58.779] [INFO] debug-file - UP-TO-DATE :entry:default@GenerateMetadata...  
[2026-06-20T03:11:58.780] [DEBUG] debug-file - Executing task :entry:default@ConfigureCmake
[2026-06-20T03:11:58.784] [DEBUG] debug-file - entry : default@ConfigureCmake cost memory 0.039581298828125
[2026-06-20T03:11:58.784] [DEBUG] debug-file - runTaskFromQueue task cost before running: 457 ms 
[2026-06-20T03:11:58.785] [INFO] debug-file - Finished :entry:default@ConfigureCmake... after 5 ms 
[2026-06-20T03:11:58.786] [DEBUG] debug-file - Executing task :entry:default@MergeProfile
[2026-06-20T03:11:58.787] [DEBUG] debug-file - Task 'entry:default@MergeProfile' cost while wrapping incremental declarations: 1 ms 
[2026-06-20T03:11:58.789] [DEBUG] debug-file - Incremental task entry:default@MergeProfile pre-execution cost: 1 ms .
[2026-06-20T03:11:58.789] [DEBUG] debug-file - entry : default@MergeProfile cost memory 0.11968231201171875
[2026-06-20T03:11:58.789] [INFO] debug-file - UP-TO-DATE :entry:default@MergeProfile...  
[2026-06-20T03:11:58.791] [DEBUG] debug-file - Executing task :entry:default@CreateBuildProfile
[2026-06-20T03:11:58.792] [DEBUG] debug-file - Task 'entry:default@CreateBuildProfile' cost while wrapping incremental declarations: 1 ms 
[2026-06-20T03:11:58.793] [DEBUG] debug-file - Incremental task entry:default@CreateBuildProfile pre-execution cost: 2 ms .
[2026-06-20T03:11:58.793] [DEBUG] debug-file - entry : default@CreateBuildProfile cost memory 0.10654449462890625
[2026-06-20T03:11:58.793] [INFO] debug-file - UP-TO-DATE :entry:default@CreateBuildProfile...  
[2026-06-20T03:11:58.794] [DEBUG] debug-file - Executing task :entry:default@PreCheckSyscap
[2026-06-20T03:11:58.795] [DEBUG] debug-file - entry : default@PreCheckSyscap cost memory 0.01474761962890625
[2026-06-20T03:11:58.795] [DEBUG] debug-file - runTaskFromQueue task cost before running: 468 ms 
[2026-06-20T03:11:58.795] [INFO] debug-file - Finished :entry:default@PreCheckSyscap... after 1 ms 
[2026-06-20T03:11:58.799] [DEBUG] debug-file - Executing task :entry:default@ProcessIntegratedHsp
[2026-06-20T03:11:58.800] [DEBUG] debug-file - entry:default@ProcessIntegratedHsp is not up-to-date, since the output file 'D:\USTC\CG\Final\BubbleRender\refraction\build\cache\default\integrated_hsp\integratedHspCache.json' does not exist.
[2026-06-20T03:11:58.801] [DEBUG] debug-file - Incremental task entry:default@ProcessIntegratedHsp pre-execution cost: 1 ms .
[2026-06-20T03:11:58.801] [DEBUG] debug-file - entry : default@ProcessIntegratedHsp cost memory 0.05889892578125
[2026-06-20T03:11:58.801] [DEBUG] debug-file - runTaskFromQueue task cost before running: 474 ms 
[2026-06-20T03:11:58.801] [INFO] debug-file - Finished :entry:default@ProcessIntegratedHsp... after 2 ms 
[2026-06-20T03:11:58.802] [DEBUG] debug-file - Executing task :entry:default@BuildNativeWithCmake
[2026-06-20T03:11:58.806] [DEBUG] debug-file - Use tool [Cmake]
 [
  'D:\\DevEco Studio\\sdk\\default\\openharmony\\native\\build-tools\\cmake\\bin\\cmake.exe',
  '-HD:\\USTC\\CG\\Final\\BubbleRender\\refraction\\entry\\src\\main\\cpp',
  '-BD:\\USTC\\CG\\Final\\BubbleRender\\refraction\\entry\\.cxx\\default\\default\\debug\\arm64-v8a',
  '-DOHOS_ARCH=arm64-v8a',
  '-DCMAKE_LIBRARY_OUTPUT_DIRECTORY=D:\\USTC\\CG\\Final\\BubbleRender\\refraction\\entry\\build\\default\\intermediates\\cmake\\default\\obj\\arm64-v8a',
  '-DCMAKE_BUILD_TYPE=Debug',
  '-DOHOS_SDK_NATIVE=D:\\DevEco Studio\\sdk\\default\\openharmony\\native',
  '-DCMAKE_SYSTEM_NAME=OHOS',
  '-DCMAKE_OHOS_ARCH_ABI=arm64-v8a',
  '-DCMAKE_EXPORT_COMPILE_COMMANDS=ON',
  '-DCMAKE_TOOLCHAIN_FILE=D:\\DevEco Studio\\sdk\\default\\hms\\native\\build\\cmake\\hmos.toolchain.bisheng.cmake',
  '-GNinja',
  '-DCMAKE_MAKE_PROGRAM=D:\\DevEco Studio\\sdk\\default\\openharmony\\native\\build-tools\\cmake\\bin\\ninja.exe',
  '-DCMAKE_FIND_ROOT_PATH=D:\\USTC\\CG\\Final\\BubbleRender\\refraction\\entry\\.cxx\\default\\default\\debug\\hvigor\\arm64-v8a',
  '-DPACKAGE_FIND_FILE=D:\\USTC\\CG\\Final\\BubbleRender\\refraction\\entry\\.cxx\\default\\default\\debug\\hvigor\\arm64-v8a\\summary.cmake',
  '--no-warn-unused-cli',
  '-DHMOS_SDK_NATIVE=D:\\DevEco Studio\\sdk\\default\\hms\\native'
]
[2026-06-20T03:11:58.812] [DEBUG] debug-file - CMake configuration was up-to-date
[2026-06-20T03:11:58.818] [DEBUG] debug-file - Use tool [Cmake]
 [
  'D:\\DevEco Studio\\sdk\\default\\openharmony\\native\\build-tools\\cmake\\bin\\cmake.exe',
  '-HD:\\USTC\\CG\\Final\\BubbleRender\\refraction\\entry\\src\\main\\cpp',
  '-BD:\\USTC\\CG\\Final\\BubbleRender\\refraction\\entry\\.cxx\\default\\default\\debug\\x86_64',
  '-DOHOS_ARCH=x86_64',
  '-DCMAKE_LIBRARY_OUTPUT_DIRECTORY=D:\\USTC\\CG\\Final\\BubbleRender\\refraction\\entry\\build\\default\\intermediates\\cmake\\default\\obj\\x86_64',
  '-DCMAKE_BUILD_TYPE=Debug',
  '-DOHOS_SDK_NATIVE=D:\\DevEco Studio\\sdk\\default\\openharmony\\native',
  '-DCMAKE_SYSTEM_NAME=OHOS',
  '-DCMAKE_OHOS_ARCH_ABI=x86_64',
  '-DCMAKE_EXPORT_COMPILE_COMMANDS=ON',
  '-DCMAKE_TOOLCHAIN_FILE=D:\\DevEco Studio\\sdk\\default\\hms\\native\\build\\cmake\\hmos.toolchain.bisheng.cmake',
  '-GNinja',
  '-DCMAKE_MAKE_PROGRAM=D:\\DevEco Studio\\sdk\\default\\openharmony\\native\\build-tools\\cmake\\bin\\ninja.exe',
  '-DCMAKE_FIND_ROOT_PATH=D:\\USTC\\CG\\Final\\BubbleRender\\refraction\\entry\\.cxx\\default\\default\\debug\\hvigor\\x86_64',
  '-DPACKAGE_FIND_FILE=D:\\USTC\\CG\\Final\\BubbleRender\\refraction\\entry\\.cxx\\default\\default\\debug\\hvigor\\x86_64\\summary.cmake',
  '--no-warn-unused-cli',
  '-DHMOS_SDK_NATIVE=D:\\DevEco Studio\\sdk\\default\\hms\\native'
]
[2026-06-20T03:11:58.827] [DEBUG] debug-file - CMake configuration was up-to-date
[2026-06-20T03:11:58.830] [DEBUG] debug-file - entry : default@BuildNativeWithCmake cost memory -0.6994552612304688
[2026-06-20T03:11:58.830] [DEBUG] debug-file - runTaskFromQueue task cost before running: 503 ms 
[2026-06-20T03:11:58.831] [INFO] debug-file - Finished :entry:default@BuildNativeWithCmake... after 29 ms 
[2026-06-20T03:11:58.832] [DEBUG] debug-file - Executing task :entry:default@MakePackInfo
[2026-06-20T03:11:58.836] [DEBUG] debug-file - Incremental task entry:default@MakePackInfo pre-execution cost: 2 ms .
[2026-06-20T03:11:58.836] [DEBUG] debug-file - entry : default@MakePackInfo cost memory 0.1305389404296875
[2026-06-20T03:11:58.837] [INFO] debug-file - UP-TO-DATE :entry:default@MakePackInfo...  
[2026-06-20T03:11:58.838] [DEBUG] debug-file - Executing task :entry:default@SyscapTransform
[2026-06-20T03:11:58.838] [DEBUG] debug-file - File: 'D:\USTC\CG\Final\BubbleRender\refraction\entry\src\main\syscap.json' from 'sysCapJsonPath' is not exists, just ignore.
[2026-06-20T03:11:58.839] [DEBUG] debug-file - Task 'entry:default@SyscapTransform' cost while wrapping incremental declarations: 1 ms 
[2026-06-20T03:11:58.842] [DEBUG] debug-file - entry:default@SyscapTransform is not up-to-date, since the output file 'D:\USTC\CG\Final\BubbleRender\refraction\entry\build\default\intermediates\syscap\default\rpcid.sc' does not exist.
[2026-06-20T03:11:58.842] [DEBUG] debug-file - Incremental task entry:default@SyscapTransform pre-execution cost: 3 ms .
[2026-06-20T03:11:58.842] [DEBUG] debug-file - entry : default@SyscapTransform cost memory 0.13946533203125
[2026-06-20T03:11:58.842] [DEBUG] debug-file - runTaskFromQueue task cost before running: 515 ms 
[2026-06-20T03:11:58.842] [INFO] debug-file - Finished :entry:default@SyscapTransform... after 5 ms 
[2026-06-20T03:11:58.843] [DEBUG] debug-file - Executing task :entry:default@BuildNativeWithNinja
[2026-06-20T03:11:58.845] [DEBUG] debug-file - Use tool [Ninja]
 [
  'D:\\DevEco Studio\\sdk\\default\\openharmony\\native\\build-tools\\cmake\\bin\\ninja.exe',
  '-C',
  'D:\\USTC\\CG\\Final\\BubbleRender\\refraction\\entry\\.cxx\\default\\default\\debug\\arm64-v8a'
]
[2026-06-20T03:11:58.845] [DEBUG] debug-file - default@BuildNativeWithNinja work[15] is submitted.
[2026-06-20T03:11:58.845] [DEBUG] debug-file - default@BuildNativeWithNinja work[15] is pushed to ready queue.
[2026-06-20T03:11:58.845] [DEBUG] debug-file - A work dispatched to worker[17] failed because unable to get work from ready queue.
[2026-06-20T03:11:58.845] [DEBUG] debug-file - default@BuildNativeWithNinja work[15] has been dispatched to worker[16].
[2026-06-20T03:11:58.845] [DEBUG] debug-file - default@BuildNativeWithNinja work[15] is dispatched.
[2026-06-20T03:11:58.854] [DEBUG] debug-file - OHOS_STL is c++_shared
[2026-06-20T03:11:58.854] [DEBUG] debug-file - Copy STL libc++_shared.so to D:\USTC\CG\Final\BubbleRender\refraction\entry\build\default\intermediates\cmake\default\obj\arm64-v8a due to OHOS_STL is 'c++_shared'
[2026-06-20T03:11:58.855] [DEBUG] debug-file - Use tool [Ninja]
 [
  'D:\\DevEco Studio\\sdk\\default\\openharmony\\native\\build-tools\\cmake\\bin\\ninja.exe',
  '-C',
  'D:\\USTC\\CG\\Final\\BubbleRender\\refraction\\entry\\.cxx\\default\\default\\debug\\x86_64'
]
[2026-06-20T03:11:58.856] [DEBUG] debug-file - default@BuildNativeWithNinja work[16] is submitted.
[2026-06-20T03:11:58.856] [DEBUG] debug-file - default@BuildNativeWithNinja work[16] is pushed to ready queue.
[2026-06-20T03:11:58.856] [DEBUG] debug-file - A work dispatched to worker[17] failed because unable to get work from ready queue.
[2026-06-20T03:11:58.856] [DEBUG] debug-file - A work dispatched to worker[16] failed because of worker busy.
[2026-06-20T03:11:58.856] [DEBUG] debug-file - default@BuildNativeWithNinja work[16] has been dispatched to worker[15].
[2026-06-20T03:11:58.856] [DEBUG] debug-file - default@BuildNativeWithNinja work[16] is dispatched.
[2026-06-20T03:11:58.862] [DEBUG] debug-file - OHOS_STL is c++_shared
[2026-06-20T03:11:58.863] [DEBUG] debug-file - Copy STL libc++_shared.so to D:\USTC\CG\Final\BubbleRender\refraction\entry\build\default\intermediates\cmake\default\obj\x86_64 due to OHOS_STL is 'c++_shared'
[2026-06-20T03:11:58.863] [DEBUG] debug-file - entry : default@BuildNativeWithNinja cost memory 0.6319503784179688
[2026-06-20T03:11:58.865] [DEBUG] debug-file - Executing task :entry:default@GeneratePkgContextInfo
[2026-06-20T03:11:58.877] [DEBUG] debug-file - Task 'entry:default@GeneratePkgContextInfo' cost while wrapping incremental declarations: 1 ms 
[2026-06-20T03:11:58.878] [DEBUG] debug-file - Incremental task entry:default@GeneratePkgContextInfo pre-execution cost: 1 ms .
[2026-06-20T03:11:58.878] [DEBUG] debug-file - entry : default@GeneratePkgContextInfo cost memory -0.5602569580078125
[2026-06-20T03:11:58.879] [INFO] debug-file - UP-TO-DATE :entry:default@GeneratePkgContextInfo...  
[2026-06-20T03:11:58.881] [DEBUG] debug-file - Executing task :entry:default@ProcessProfile
[2026-06-20T03:11:58.883] [DEBUG] debug-file - Task 'entry:default@ProcessProfile' cost while wrapping incremental declarations: 1 ms 
[2026-06-20T03:11:58.885] [DEBUG] debug-file - Incremental task entry:default@ProcessProfile pre-execution cost: 2 ms .
[2026-06-20T03:11:58.885] [DEBUG] debug-file - entry : default@ProcessProfile cost memory 0.135406494140625
[2026-06-20T03:11:58.886] [INFO] debug-file - UP-TO-DATE :entry:default@ProcessProfile...  
[2026-06-20T03:11:58.888] [DEBUG] debug-file - Executing task :entry:default@ProcessRouterMap
[2026-06-20T03:11:58.892] [DEBUG] debug-file - Incremental task entry:default@ProcessRouterMap pre-execution cost: 2 ms .
[2026-06-20T03:11:58.892] [DEBUG] debug-file - entry : default@ProcessRouterMap cost memory 0.16918182373046875
[2026-06-20T03:11:58.893] [INFO] debug-file - UP-TO-DATE :entry:default@ProcessRouterMap...  
[2026-06-20T03:11:58.895] [DEBUG] debug-file - Executing task :entry:default@ProcessShareConfig
[2026-06-20T03:11:58.896] [DEBUG] debug-file - Incremental task entry:default@ProcessShareConfig pre-execution cost: 2 ms .
[2026-06-20T03:11:58.896] [DEBUG] debug-file - entry : default@ProcessShareConfig cost memory 0.14580535888671875
[2026-06-20T03:11:58.897] [INFO] debug-file - UP-TO-DATE :entry:default@ProcessShareConfig...  
[2026-06-20T03:11:58.899] [DEBUG] debug-file - Executing task :entry:default@ProcessStartupConfig
[2026-06-20T03:11:58.900] [DEBUG] debug-file - Task 'entry:default@ProcessStartupConfig' cost while wrapping incremental declarations: 1 ms 
[2026-06-20T03:11:58.902] [DEBUG] debug-file - entry:default@ProcessStartupConfig is not up-to-date, since the output file 'D:\USTC\CG\Final\BubbleRender\refraction\entry\build\default\intermediates\startup\default\startup_config.json' does not exist.
[2026-06-20T03:11:58.902] [DEBUG] debug-file - Incremental task entry:default@ProcessStartupConfig pre-execution cost: 2 ms .
[2026-06-20T03:11:58.904] [DEBUG] debug-file - entry : default@ProcessStartupConfig cost memory -1.6396255493164062
[2026-06-20T03:11:58.904] [DEBUG] debug-file - runTaskFromQueue task cost before running: 577 ms 
[2026-06-20T03:11:58.905] [INFO] debug-file - Finished :entry:default@ProcessStartupConfig... after 5 ms 
[2026-06-20T03:11:58.906] [DEBUG] debug-file - restool module names: entry; moduleName=entry, taskName=default@ProcessResource
[2026-06-20T03:11:58.908] [DEBUG] debug-file - Executing task :entry:default@ProcessResource
[2026-06-20T03:11:58.909] [DEBUG] debug-file - Task 'entry:default@ProcessResource' cost while wrapping incremental declarations: 1 ms 
[2026-06-20T03:11:58.910] [DEBUG] debug-file - Incremental task entry:default@ProcessResource pre-execution cost: 1 ms .
[2026-06-20T03:11:58.910] [DEBUG] debug-file - entry : default@ProcessResource cost memory 0.1345367431640625
[2026-06-20T03:11:58.911] [INFO] debug-file - UP-TO-DATE :entry:default@ProcessResource...  
[2026-06-20T03:11:58.914] [DEBUG] debug-file - Executing task :entry:default@GenerateLoaderJson
[2026-06-20T03:11:58.916] [DEBUG] debug-file - Task 'entry:default@GenerateLoaderJson' cost while wrapping incremental declarations: 1 ms 
[2026-06-20T03:11:58.925] [DEBUG] debug-file - Incremental task entry:default@GenerateLoaderJson pre-execution cost: 4 ms .
[2026-06-20T03:11:58.925] [DEBUG] debug-file - entry : default@GenerateLoaderJson cost memory 0.555328369140625
[2026-06-20T03:11:58.927] [INFO] debug-file - UP-TO-DATE :entry:default@GenerateLoaderJson...  
[2026-06-20T03:11:58.928] [DEBUG] debug-file - restool module names: entry; moduleName=entry, taskName=default@CompileResource
[2026-06-20T03:11:58.928] [DEBUG] debug-file - Executing task :entry:default@CompileResource
[2026-06-20T03:11:58.939] [DEBUG] debug-file - ninja: Entering directory `D:\USTC\CG\Final\BubbleRender\refraction\entry\.cxx\default\default\debug\x86_64'
ninja: no work to do.

[2026-06-20T03:11:58.948] [DEBUG] debug-file - Incremental task entry:default@CompileResource pre-execution cost: 18 ms .
[2026-06-20T03:11:58.948] [DEBUG] debug-file - entry : default@CompileResource cost memory -0.95367431640625
[2026-06-20T03:11:58.949] [INFO] debug-file - UP-TO-DATE :entry:default@CompileResource...  
[2026-06-20T03:11:58.952] [DEBUG] debug-file - Executing task :entry:default@CompileArkTS
[2026-06-20T03:11:58.953] [DEBUG] debug-file - obfuscationOptions: undefined
[2026-06-20T03:11:58.956] [DEBUG] debug-file - Task 'entry:default@CompileArkTS' cost while wrapping incremental declarations: 1 ms 
[2026-06-20T03:11:58.939] [DEBUG] debug-file - ninja: Entering directory `D:\USTC\CG\Final\BubbleRender\refraction\entry\.cxx\default\default\debug\arm64-v8a'
ninja: no work to do.

[2026-06-20T03:11:58.963] [DEBUG] debug-file - entry:default@CompileArkTS is not up-to-date, since the input file 'D:\USTC\CG\Final\BubbleRender\refraction\entry\src\main\ets' has been changed.
[2026-06-20T03:11:58.963] [DEBUG] debug-file - Incremental task entry:default@CompileArkTS pre-execution cost: 6 ms .
[2026-06-20T03:11:58.978] [DEBUG] debug-file - build config:
[2026-06-20T03:11:58.978] [DEBUG] debug-file - {
  moduleType: 'entry',
  perf: 0,
  targetName: '.default',
  packageManagerType: 'ohpm',
  localPropertiesPath: 'D:\\USTC\\CG\\Final\\BubbleRender\\refraction\\local.properties',
  isPreview: false,
  isOhosTest: false,
  isLocalTest: false,
  buildMode: 'Debug',
  hotReloadBuild: undefined,
  watchMode: 'false',
  aceProfilePath: 'D:\\USTC\\CG\\Final\\BubbleRender\\refraction\\entry\\build\\default\\intermediates\\res\\default\\resources\\base\\profile',
  etsLoaderPath: 'D:\\DevEco Studio\\sdk\\default\\openharmony\\ets\\build-tools\\ets-loader',
  modulePath: 'D:\\USTC\\CG\\Final\\BubbleRender\\refraction\\entry',
  testFrameworkPar: {
    testMode: undefined,
    coveragePathFilter: undefined,
    coverageMode: undefined
  },
  needCoverageInsert: false,
  debugLine: false,
  projectTopDir: 'D:\\USTC\\CG\\Final\\BubbleRender\\refraction',
  compileSdkVersion: 22,
  compatibleSdkVersion: 22,
  originCompatibleSdkVersion: '6.0.2(22)',
  compatibleSdkVersionStage: undefined,
  bundleName: 'c***l',
  etsLoaderVersion: '6.0.2.130',
  etsLoaderReleaseType: 'Release',
  aotCompileMode: 'type',
  apPath: 'D:\\USTC\\CG\\Final\\BubbleRender\\refraction\\entry\\modules.ap',
  entryModuleName: 'entry',
  entryModuleVersion: '1.0.0',
  entryPackageName: 'entry',
  allModuleNameHash: '085e2c581c30401124b8ec979c71fc722b61ca421fa44c4ee48b365edd09ea84',
  externalApiPaths: [ 'D:\\DevEco Studio\\sdk\\default\\hms\\ets' ],
  compilerTypes: [],
  isCrossplatform: false,
  hvigorPluginFile: undefined,
  compilePluginPath: undefined,
  buildGeneratedProfilePath: 'D:\\USTC\\CG\\Final\\BubbleRender\\refraction\\entry\\build\\default\\generated\\profile\\default',
  bundleType: 'app',
  arkTSVersion: undefined,
  apiVersion: 22,
  needCompleteSourcesMap: false,
  isFaMode: false,
  buildDir: 'D:\\USTC\\CG\\Final\\BubbleRender\\refraction\\entry\\build',
  deviceTypes: [ 'phone' ],
  pkgContextInfo: {
    'libentry.so': {
      packageName: 'libentry.so',
      bundleName: '*****',
      moduleName: '',
      version: '',
      entryPath: 'Index',
      isSO: true,
      dependencyAlias: ''
    },
    '@ohos/hypium': {
      packageName: '@ohos/hypium',
      bundleName: '*****',
      moduleName: '',
      version: '1.0.25',
      entryPath: 'index.js',
      isSO: false,
      dependencyAlias: ''
    },
    '@ohos/hamock': {
      packageName: '@ohos/hamock',
      bundleName: '*****',
      moduleName: '',
      version: '1.0.0',
      entryPath: 'index.ets',
      isSO: false,
      dependencyAlias: ''
    },
    entry: {
      packageName: 'entry',
      bundleName: '*****',
      moduleName: '',
      version: '',
      entryPath: 'src/main/',
      isSO: false,
      dependencyAlias: ''
    }
  },
  ohPackagePathMap: {},
  dependencyAliasMap: {},
  permission: { requestPermissions: undefined, definePermissions: undefined },
  useGetCurrentBundleName: false,
  projectArkOption: undefined,
  sourceMapDir: undefined,
  branchElimination: false,
  transformLib: undefined,
  tsImportSendable: false,
  resolveConflictMode: true,
  depName2RootPath: {},
  depName2DepInfo: {},
  rootPathSet: [ 'D:\\USTC\\CG\\Final\\BubbleRender\\refraction' ],
  useNativeResolver: true,
  shouldEmitJs: true,
  useTscResolve: false,
  singleFileEmit: false,
  userProjectConfig: {
    autoLazyImport: false,
    allowEmptyBundleName: false,
    reExportCheckMode: 'noCheck',
    executionMode: 'memory',
    usePathPlaceholder: false,
    writeRollupCache: true,
    isExpandImportEnabled: false,
    expandImportExclude: '',
    lazyImportExclude: '',
    lazyImportInclude: '',
    ignoreCrossplatformCheck: false,
    isHarDeduplicateEnabled: false,
    skipOhModulesLint: false,
    enableStrictCheckOHModule: false,
    disableSendableCheckRules: [],
    useDeclarationFileSignature: false,
    customizedOptions: undefined,
    integratedHsp: false,
    isPreloadSoEnabled: false
  },
  executionMode: 'memory',
  arkCompileCachePath: 'D:\\USTC\\CG\\Final\\BubbleRender\\refraction\\entry\\build\\default\\cache\\default\\default@CompileArkTS\\esmodule',
  autoLazyFilter: undefined,
  isHarDeduplicateEnabled: false,
  intermediateHarDuplicateDirPath: 'D:\\USTC\\CG\\Final\\BubbleRender\\refraction\\entry\\build\\default\\intermediates\\har_duplicate\\default',
  autoLazyImport: false,
  allowEmptyBundleName: false,
  reExportCheckMode: 'noCheck',
  usePathPlaceholder: false,
  writeRollupCache: true,
  isExpandImportEnabled: false,
  expandImportExclude: '',
  lazyImportExclude: '',
  lazyImportInclude: '',
  ignoreCrossplatformCheck: false,
  skipOhModulesLint: false,
  enableStrictCheckOHModule: false,
  disableSendableCheckRules: [],
  useDeclarationFileSignature: false,
  customizedOptions: undefined,
  integratedHsp: false,
  isPreloadSoEnabled: false,
  strictMode: {
    caseSensitiveCheck: true,
    useNormalizedOHMUrl: true,
    noExternalImportByPath: true
  },
  useNormalizedOHMUrl: true,
  caseSensitiveCheck: true,
  aceModuleJsonPath: 'D:\\USTC\\CG\\Final\\BubbleRender\\refraction\\entry\\build\\default\\intermediates\\res\\default\\ark_module.json',
  appResource: 'D:\\USTC\\CG\\Final\\BubbleRender\\refraction\\entry\\build\\default\\intermediates\\res\\default\\ResourceTable.txt',
  rawFileResource: 'D:\\USTC\\CG\\Final\\BubbleRender\\refraction\\entry\\build\\default\\intermediates\\res\\default\\resources\\rawfile',
  resourceTableHash: 'd81a83941c07883d4327563ba2cfe0ac7f68042912820a1577b99d29cbd144cc',
  runtimeOS: 'HarmonyOS',
  sdkInfo: 'false:22:6.0.2.130:Release',
  aceModuleRoot: 'D:\\USTC\\CG\\Final\\BubbleRender\\refraction\\entry\\src\\main\\ets',
  compileMode: 'esmodule',
  aceSuperVisualPath: 'D:\\USTC\\CG\\Final\\BubbleRender\\refraction\\entry\\src\\main\\supervisual',
  aceBuildJson: 'D:\\USTC\\CG\\Final\\BubbleRender\\refraction\\entry\\build\\default\\intermediates\\loader\\default\\loader.json',
  cachePath: 'D:\\USTC\\CG\\Final\\BubbleRender\\refraction\\entry\\build\\default\\cache\\default\\default@CompileArkTS\\esmodule\\debug',
  aceModuleBuild: 'D:\\USTC\\CG\\Final\\BubbleRender\\refraction\\entry\\build\\default\\intermediates\\loader_out\\default\\ets',
  supportChunks: true,
  declaredFilesPath: undefined,
  shouldCollectDirectImportees: false,
  isByteCodeHarOptimize: false,
  expandImportPath: undefined,
  pkgNameToPkgBriefInfo: {
    entry: {
      pkgRoot: 'D:\\USTC\\CG\\Final\\BubbleRender\\refraction\\entry',
      originalSourceRoots: undefined,
      sourceRoots: [Array],
      pkgName: 'entry'
    }
  },
  projectModel: {
    'D:\\USTC\\CG\\Final\\BubbleRender\\refraction\\entry\\src\\main': {
      moduleName: 'entry',
      modulePkgPath: 'D:\\USTC\\CG\\Final\\BubbleRender\\refraction\\entry',
      belongProjectPath: 'D:\\USTC\\CG\\Final\\BubbleRender\\refraction'
    },
    'D:\\USTC\\CG\\Final\\BubbleRender\\refraction\\entry\\.test\\default\\intermediates\\src\\ohosTest\\ets': {
      moduleName: 'entry',
      modulePkgPath: 'D:\\USTC\\CG\\Final\\BubbleRender\\refraction\\entry',
      belongProjectPath: 'D:\\USTC\\CG\\Final\\BubbleRender\\refraction'
    },
    'D:\\USTC\\CG\\Final\\BubbleRender\\refraction\\entry\\src\\ohosTest': {
      moduleName: 'entry',
      modulePkgPath: 'D:\\USTC\\CG\\Final\\BubbleRender\\refraction\\entry',
      belongProjectPath: 'D:\\USTC\\CG\\Final\\BubbleRender\\refraction'
    },
    'D:\\USTC\\CG\\Final\\BubbleRender\\refraction\\entry': {
      moduleName: 'entry',
      modulePkgPath: 'D:\\USTC\\CG\\Final\\BubbleRender\\refraction\\entry',
      belongProjectPath: 'D:\\USTC\\CG\\Final\\BubbleRender\\refraction'
    },
    'D:\\USTC\\CG\\Final\\BubbleRender\\refraction': {
      moduleName: 'refraction',
      modulePkgPath: 'D:\\USTC\\CG\\Final\\BubbleRender\\refraction',
      belongProjectPath: 'D:\\USTC\\CG\\Final\\BubbleRender\\refraction'
    }
  },
  pkgJsonFileHash: 'fab53bed9f061f61907f8933cca57fd06f2fb5ac59222be8ab0e359412dd9872',
  allModulePaths: [ 'D:\\USTC\\CG\\Final\\BubbleRender\\refraction\\entry' ],
  routerMap: {},
  obfuscationOptions: undefined,
  byteCodeHarToDependencyKeys: undefined,
  compileBlockPkg: [],
  mockParams: {
    decorator: '@MockSetup',
    packageName: '@ohos/hamock',
    etsSourceRootPath: 'src/main/ets',
    mockConfigPath: undefined,
    mockConfigKey2ModuleInfo: {},
    source2ModuleIdMap: {}
  },
  copyCodeResourceEnable: false,
  copyCodeResourceExcludes: [],
  copyCodeResourceIncludes: undefined,
  uiTransformOptimization: false,
  sdkPath: 'D:/DevEco Studio/sdk',
  needPreloadSoFileSet: {},
  preloadSoFilePath: 'D:\\USTC\\CG\\Final\\BubbleRender\\refraction\\entry\\build\\default\\intermediates\\preload\\default\\preload.json',
  useSourceHash: false,
  localModuleParamMap: {},
  otherPaths: {
    'entry/*': [
      '..\\*',
      '..\\..\\..\\build\\default\\generated\\profile\\default\\*'
    ]
  },
  collectImportersConfig: undefined
}
[2026-06-20T03:11:58.978] [DEBUG] debug-file - Compile arkts with external api path: D:\DevEco Studio\sdk\default\hms\ets
[2026-06-20T03:11:58.983] [DEBUG] debug-file - default@CompileArkTS work[17] is submitted.
[2026-06-20T03:11:58.984] [DEBUG] debug-file - default@CompileArkTS work[17] is pushed to ready queue.
[2026-06-20T03:11:58.984] [DEBUG] debug-file - A work dispatched to worker[17] failed because unable to get work from ready queue.
[2026-06-20T03:11:58.984] [DEBUG] debug-file - A work dispatched to worker[16] failed because of worker busy.
[2026-06-20T03:11:58.984] [DEBUG] debug-file - A work dispatched to worker[15] failed because of worker busy.
[2026-06-20T03:11:58.984] [DEBUG] debug-file - A work dispatched to worker[14] failed because unable to get work from ready queue.
[2026-06-20T03:11:58.984] [DEBUG] debug-file - A work dispatched to worker[13] failed because unable to get work from ready queue.
[2026-06-20T03:11:58.985] [DEBUG] debug-file - A work dispatched to worker[12] failed because unable to get work from ready queue.
[2026-06-20T03:11:58.985] [DEBUG] debug-file - A work dispatched to worker[11] failed because unable to get work from ready queue.
[2026-06-20T03:11:58.985] [DEBUG] debug-file - A work dispatched to worker[10] failed because unable to get work from ready queue.
[2026-06-20T03:11:58.985] [DEBUG] debug-file - A work dispatched to worker[9] failed because unable to get work from ready queue.
[2026-06-20T03:11:58.985] [DEBUG] debug-file - A work dispatched to worker[8] failed because unable to get work from ready queue.
[2026-06-20T03:11:58.985] [DEBUG] debug-file - A work dispatched to worker[7] failed because unable to get work from ready queue.
[2026-06-20T03:11:58.985] [DEBUG] debug-file - A work dispatched to worker[6] failed because unable to get work from ready queue.
[2026-06-20T03:11:58.985] [DEBUG] debug-file - A work dispatched to worker[5] failed because unable to get work from ready queue.
[2026-06-20T03:11:58.985] [DEBUG] debug-file - default@CompileArkTS work[17] has been dispatched to worker[4].
[2026-06-20T03:11:58.985] [DEBUG] debug-file - default@CompileArkTS work[17] is dispatched.
[2026-06-20T03:11:58.986] [DEBUG] debug-file - entry : default@CompileArkTS cost memory 0.1483154296875
[2026-06-20T03:11:58.988] [DEBUG] debug-file - Executing task :entry:default@BuildJS
[2026-06-20T03:11:58.988] [DEBUG] debug-file - Task 'entry:default@BuildJS' cost while wrapping incremental declarations: 1 ms 
[2026-06-20T03:11:58.991] [DEBUG] debug-file - entry : default@BuildJS cost memory 0.17226409912109375
[2026-06-20T03:11:58.991] [DEBUG] debug-file - runTaskFromQueue task cost before running: 664 ms 
[2026-06-20T03:11:58.992] [INFO] debug-file - Finished :entry:default@BuildJS... after 4 ms 
[2026-06-20T03:11:58.992] [DEBUG] debug-file - worker[15] has one work done.
[2026-06-20T03:11:58.996] [DEBUG] debug-file - Sync native runtime file D:\USTC\CG\Final\BubbleRender\refraction\entry\src\main\cpp\libs\x86_64\libassimp.so.5.
[2026-06-20T03:11:58.997] [DEBUG] debug-file - default@BuildNativeWithNinja work[16] done.
[2026-06-20T03:11:58.997] [DEBUG] debug-file - A work dispatched to worker[15] failed because unable to get work from ready queue.
[2026-06-20T03:11:58.997] [DEBUG] debug-file - worker[16] has one work done.
[2026-06-20T03:11:59.002] [DEBUG] debug-file - Sync native runtime file D:\USTC\CG\Final\BubbleRender\refraction\entry\src\main\cpp\libs\arm64-v8a\libassimp.so.5.
[2026-06-20T03:11:59.003] [DEBUG] debug-file - default@BuildNativeWithNinja work[15] done.
[2026-06-20T03:11:59.003] [DEBUG] debug-file - A work dispatched to worker[16] failed because unable to get work from ready queue.
[2026-06-20T03:11:59.004] [INFO] debug-file - Finished :entry:default@BuildNativeWithNinja... after 118 ms 
[2026-06-20T03:11:59.005] [DEBUG] debug-file - Executing task :entry:default@ProcessLibs
[2026-06-20T03:11:59.012] [DEBUG] debug-file - Check content hash for D:\USTC\CG\Final\BubbleRender\refraction\entry\build\default\intermediates\cmake\default\obj\x86_64\libentry.so
[2026-06-20T03:11:59.021] [DEBUG] debug-file - Check content hash for D:\USTC\CG\Final\BubbleRender\refraction\entry\build\default\intermediates\cmake\default\obj\x86_64\libc++_shared.so
[2026-06-20T03:11:59.030] [DEBUG] debug-file - Check content hash for D:\USTC\CG\Final\BubbleRender\refraction\entry\build\default\intermediates\cmake\default\obj\x86_64\libassimp.so.5
[2026-06-20T03:11:59.195] [DEBUG] debug-file - Check content hash for D:\USTC\CG\Final\BubbleRender\refraction\entry\build\default\intermediates\cmake\default\obj\arm64-v8a\libentry.so
[2026-06-20T03:11:59.208] [DEBUG] debug-file - Check content hash for D:\USTC\CG\Final\BubbleRender\refraction\entry\build\default\intermediates\cmake\default\obj\arm64-v8a\libc++_shared.so
[2026-06-20T03:11:59.215] [DEBUG] debug-file - Check content hash for D:\USTC\CG\Final\BubbleRender\refraction\entry\build\default\intermediates\cmake\default\obj\arm64-v8a\libassimp.so.5
[2026-06-20T03:11:59.344] [DEBUG] debug-file - Incremental task entry:default@ProcessLibs pre-execution cost: 3 ms .
[2026-06-20T03:11:59.344] [DEBUG] debug-file - entry : default@ProcessLibs cost memory -5.752197265625
[2026-06-20T03:11:59.345] [INFO] debug-file - UP-TO-DATE :entry:default@ProcessLibs...  
[2026-06-20T03:11:59.346] [DEBUG] debug-file - Executing task :entry:default@DoNativeStrip
[2026-06-20T03:11:59.346] [DEBUG] debug-file - Task 'entry:default@DoNativeStrip' cost while wrapping incremental declarations: 1 ms 
[2026-06-20T03:11:59.354] [DEBUG] debug-file - Incremental task entry:default@DoNativeStrip pre-execution cost: 8 ms .
[2026-06-20T03:11:59.354] [DEBUG] debug-file - entry : default@DoNativeStrip cost memory 0.24021148681640625
[2026-06-20T03:11:59.355] [INFO] debug-file - UP-TO-DATE :entry:default@DoNativeStrip...  
[2026-06-20T03:11:59.356] [DEBUG] debug-file - Executing task :entry:default@CacheNativeLibs
[2026-06-20T03:11:59.357] [DEBUG] debug-file - Task 'entry:default@CacheNativeLibs' cost while wrapping incremental declarations: 1 ms 
[2026-06-20T03:11:59.361] [DEBUG] debug-file - Incremental task entry:default@CacheNativeLibs pre-execution cost: 4 ms .
[2026-06-20T03:11:59.361] [DEBUG] debug-file - entry : default@CacheNativeLibs cost memory 0.2541656494140625
[2026-06-20T03:11:59.362] [INFO] debug-file - UP-TO-DATE :entry:default@CacheNativeLibs...  
[2026-06-20T03:12:00.706] [WARN] debug-file - [33mWARN: [33m[33mArkTS:WARN File: D:/USTC/CG/Final/BubbleRender/refraction/entry/src/main/ets/pages/Index.ets:144:37
 'getContext' has been deprecated.
[39m[39m

[2026-06-20T03:12:00.707] [DEBUG] debug-file - Ark compile task finished.finished time is 290559692091100
[2026-06-20T03:12:00.708] [DEBUG] debug-file - worker[4] has one work done.
[2026-06-20T03:12:00.710] [DEBUG] debug-file - default@CompileArkTS work[17] done.
[2026-06-20T03:12:00.711] [DEBUG] debug-file - A work dispatched to worker[4] failed because unable to get work from ready queue.
[2026-06-20T03:12:00.713] [INFO] debug-file - Finished :entry:default@CompileArkTS... after 1 s 751 ms 
[2026-06-20T03:12:00.715] [DEBUG] debug-file - Executing task :entry:default@GeneratePkgModuleJson
[2026-06-20T03:12:00.715] [DEBUG] debug-file - File: 'D:\USTC\CG\Final\BubbleRender\refraction\entry\build\default\intermediates\preload\default\preload.json' from 'preloadSoJsonPath' is not exists, just ignore.
[2026-06-20T03:12:00.716] [DEBUG] debug-file - Error occurs while handling @Input 'shouldDeduplicateHar': The "data" argument must be of type string or an instance of Buffer, TypedArray, or DataView. Received undefined
[2026-06-20T03:12:00.716] [DEBUG] debug-file - Task 'entry:default@GeneratePkgModuleJson' cost while wrapping incremental declarations: 2 ms 
[2026-06-20T03:12:00.717] [DEBUG] debug-file - Incremental task entry:default@GeneratePkgModuleJson pre-execution cost: 1 ms .
[2026-06-20T03:12:00.717] [DEBUG] debug-file - entry : default@GeneratePkgModuleJson cost memory 0.1076812744140625
[2026-06-20T03:12:00.717] [INFO] debug-file - UP-TO-DATE :entry:default@GeneratePkgModuleJson...  
[2026-06-20T03:12:00.719] [DEBUG] debug-file - Executing task :entry:default@ProcessCompiledResources
[2026-06-20T03:12:00.719] [DEBUG] debug-file - File: 'D:\USTC\CG\Final\BubbleRender\refraction\entry\build\default\intermediates\preload\default\preload.json' from 'preloadSoJsonPath' is not exists, just ignore.
[2026-06-20T03:12:00.719] [DEBUG] debug-file - Task 'entry:default@ProcessCompiledResources' cost while wrapping incremental declarations: 1 ms 
[2026-06-20T03:12:00.719] [DEBUG] debug-file - entry : default@ProcessCompiledResources cost memory 0.0604248046875
[2026-06-20T03:12:00.719] [DEBUG] debug-file - runTaskFromQueue task cost before running: 2 s 392 ms 
[2026-06-20T03:12:00.719] [INFO] debug-file - Finished :entry:default@ProcessCompiledResources... after 1 ms 
[2026-06-20T03:12:00.723] [DEBUG] debug-file - Executing task :entry:default@PackageHap
[2026-06-20T03:12:00.729] [DEBUG] debug-file - entry:default@PackageHap is not up-to-date, since the input file 'D:\USTC\CG\Final\BubbleRender\refraction\entry\build\default\intermediates\loader_out\default\ets' has been changed.
[2026-06-20T03:12:00.729] [DEBUG] debug-file - Incremental task entry:default@PackageHap pre-execution cost: 6 ms .
[2026-06-20T03:12:00.730] [DEBUG] debug-file - Use tool [D:\DevEco Studio\sdk\default\openharmony\toolchains\lib\app_packing_tool.jar]
 [
  'java',
  '-Dfile.encoding=GBK',
  '-jar',
  'D:\\DevEco Studio\\sdk\\default\\openharmony\\toolchains\\lib\\app_packing_tool.jar',
  '--mode',
  'hap',
  '--force',
  'true',
  '--lib-path',
  'D:\\USTC\\CG\\Final\\BubbleRender\\refraction\\entry\\build\\default\\intermediates\\stripped_native_libs\\default',
  '--json-path',
  'D:\\USTC\\CG\\Final\\BubbleRender\\refraction\\entry\\build\\default\\intermediates\\package\\default\\module.json',
  '--resources-path',
  'D:\\USTC\\CG\\Final\\BubbleRender\\refraction\\entry\\build\\default\\intermediates\\res\\default\\resources',
  '--index-path',
  'D:\\USTC\\CG\\Final\\BubbleRender\\refraction\\entry\\build\\default\\intermediates\\res\\default\\resources.index',
  '--pack-info-path',
  'D:\\USTC\\CG\\Final\\BubbleRender\\refraction\\entry\\build\\default\\outputs\\default\\pack.info',
  '--out-path',
  'D:\\USTC\\CG\\Final\\BubbleRender\\refraction\\entry\\build\\default\\outputs\\default\\entry-default-unsigned.hap',
  '--ets-path',
  'D:\\USTC\\CG\\Final\\BubbleRender\\refraction\\entry\\build\\default\\intermediates\\loader_out\\default\\ets',
  '--pkg-context-path',
  'D:\\USTC\\CG\\Final\\BubbleRender\\refraction\\entry\\build\\default\\intermediates\\loader\\default\\pkgContextInfo.json'
]
[2026-06-20T03:12:00.945] [DEBUG] debug-file - java daemon socket received message:{"code":0,"message":"pack success"}
[2026-06-20T03:12:00.948] [DEBUG] debug-file - entry : default@PackageHap cost memory 0.782928466796875
[2026-06-20T03:12:00.948] [DEBUG] debug-file - runTaskFromQueue task cost before running: 2 s 621 ms 
[2026-06-20T03:12:00.949] [INFO] debug-file - Finished :entry:default@PackageHap... after 226 ms 
[2026-06-20T03:12:00.950] [DEBUG] debug-file - Executing task :entry:default@PackingCheck
[2026-06-20T03:12:00.956] [DEBUG] debug-file - entry : default@PackingCheck cost memory 0.434051513671875
[2026-06-20T03:12:00.956] [DEBUG] debug-file - runTaskFromQueue task cost before running: 2 s 629 ms 
[2026-06-20T03:12:00.956] [INFO] debug-file - Finished :entry:default@PackingCheck... after 6 ms 
[2026-06-20T03:12:00.957] [DEBUG] debug-file - Executing task :entry:default@SignHap
[2026-06-20T03:12:00.957] [WARN] debug-file - Will skip sign 'hos_hap'. No signingConfigs profile is configured in current project.
             If needed, configure the signingConfigs in D:\USTC\CG\Final\BubbleRender\refraction\build-profile.json5.
[2026-06-20T03:12:00.958] [DEBUG] debug-file - entry:default@SignHap is not up-to-date, since the input file 'D:\USTC\CG\Final\BubbleRender\refraction\entry\build\default\outputs\default\entry-default-unsigned.hap' has been changed.
[2026-06-20T03:12:00.958] [DEBUG] debug-file - Incremental task entry:default@SignHap pre-execution cost: 1 ms .
[2026-06-20T03:12:00.958] [DEBUG] debug-file - entry : default@SignHap cost memory 0.0900115966796875
[2026-06-20T03:12:00.958] [DEBUG] debug-file - runTaskFromQueue task cost before running: 2 s 631 ms 
[2026-06-20T03:12:00.959] [INFO] debug-file - Finished :entry:default@SignHap... after 2 ms 
[2026-06-20T03:12:00.960] [DEBUG] debug-file - Executing task :entry:default@CollectDebugSymbol
[2026-06-20T03:12:00.960] [DEBUG] debug-file - entry : default@CollectDebugSymbol cost memory 0.09986114501953125
[2026-06-20T03:12:00.961] [DEBUG] debug-file - runTaskFromQueue task cost before running: 2 s 633 ms 
[2026-06-20T03:12:00.961] [INFO] debug-file - Finished :entry:default@CollectDebugSymbol... after 1 ms 
[2026-06-20T03:12:00.962] [DEBUG] debug-file - Executing task :entry:assembleHap
[2026-06-20T03:12:00.962] [DEBUG] debug-file - entry : assembleHap cost memory 0.0126800537109375
[2026-06-20T03:12:00.962] [DEBUG] debug-file - runTaskFromQueue task cost before running: 2 s 635 ms 
[2026-06-20T03:12:00.962] [INFO] debug-file - Finished :entry:assembleHap... after 1 ms 
[2026-06-20T03:12:00.977] [INFO] debug-file - BUILD SUCCESSFUL in 2 s 650 ms 
[2026-06-20T03:12:00.978] [DEBUG] debug-file - There is no need to refresh cache, since the incremental task entry:default@PreBuild is up-to-date.
[2026-06-20T03:12:00.978] [DEBUG] debug-file - Update task entry:default@CreateModuleInfo output file:D:\USTC\CG\Final\BubbleRender\refraction\entry\build\default\generated\profile\default\ModuleInfo.ts cache.
[2026-06-20T03:12:00.978] [DEBUG] debug-file - Incremental task entry:default@CreateModuleInfo post-execution cost:1 ms .
[2026-06-20T03:12:00.978] [DEBUG] debug-file - There is no need to refresh cache, since the incremental task entry:default@GenerateMetadata is up-to-date.
[2026-06-20T03:12:00.978] [DEBUG] debug-file - There is no need to refresh cache, since the incremental task entry:default@MergeProfile is up-to-date.
[2026-06-20T03:12:00.978] [DEBUG] debug-file - There is no need to refresh cache, since the incremental task entry:default@CreateBuildProfile is up-to-date.
[2026-06-20T03:12:00.978] [DEBUG] debug-file - Update task entry:default@ProcessIntegratedHsp output file:D:\USTC\CG\Final\BubbleRender\refraction\build\cache\default\integrated_hsp\integratedHspCache.json cache.
[2026-06-20T03:12:00.979] [DEBUG] debug-file - Incremental task entry:default@ProcessIntegratedHsp post-execution cost:1 ms .
[2026-06-20T03:12:00.979] [DEBUG] debug-file - There is no need to refresh cache, since the incremental task entry:default@MakePackInfo is up-to-date.
[2026-06-20T03:12:00.979] [DEBUG] debug-file - Update task entry:default@SyscapTransform input file:D:\DevEco Studio\sdk\default\openharmony\toolchains\syscap_tool.exe cache by regenerate.
[2026-06-20T03:12:00.979] [DEBUG] debug-file - Update task entry:default@SyscapTransform input file:D:\DevEco Studio\sdk\default\openharmony\ets\api\device-define cache by regenerate.
[2026-06-20T03:12:00.980] [DEBUG] debug-file - Update task entry:default@SyscapTransform output file:D:\USTC\CG\Final\BubbleRender\refraction\entry\build\default\intermediates\syscap\default\rpcid.sc cache.
[2026-06-20T03:12:00.980] [DEBUG] debug-file - Incremental task entry:default@SyscapTransform post-execution cost:2 ms .
[2026-06-20T03:12:00.980] [DEBUG] debug-file - There is no need to refresh cache, since the incremental task entry:default@GeneratePkgContextInfo is up-to-date.
[2026-06-20T03:12:00.980] [DEBUG] debug-file - There is no need to refresh cache, since the incremental task entry:default@ProcessProfile is up-to-date.
[2026-06-20T03:12:00.980] [DEBUG] debug-file - There is no need to refresh cache, since the incremental task entry:default@ProcessRouterMap is up-to-date.
[2026-06-20T03:12:00.980] [DEBUG] debug-file - There is no need to refresh cache, since the incremental task entry:default@ProcessShareConfig is up-to-date.
[2026-06-20T03:12:00.981] [DEBUG] debug-file - Update task entry:default@ProcessStartupConfig input file:D:\USTC\CG\Final\BubbleRender\refraction\entry\build\default\intermediates\loader\default\pkgContextInfo.json cache by regenerate.
[2026-06-20T03:12:00.981] [DEBUG] debug-file - Update task entry:default@ProcessStartupConfig output file:D:\USTC\CG\Final\BubbleRender\refraction\entry\build\default\intermediates\startup\default\startup_config.json cache.
[2026-06-20T03:12:00.982] [DEBUG] debug-file - Incremental task entry:default@ProcessStartupConfig post-execution cost:2 ms .
[2026-06-20T03:12:00.982] [DEBUG] debug-file - There is no need to refresh cache, since the incremental task entry:default@ProcessResource is up-to-date.
[2026-06-20T03:12:00.982] [DEBUG] debug-file - There is no need to refresh cache, since the incremental task entry:default@GenerateLoaderJson is up-to-date.
[2026-06-20T03:12:00.982] [DEBUG] debug-file - There is no need to refresh cache, since the incremental task entry:default@CompileResource is up-to-date.
[2026-06-20T03:12:00.983] [DEBUG] debug-file - Update task entry:default@CompileArkTS input file:D:\USTC\CG\Final\BubbleRender\refraction\entry\build\default\intermediates\loader\default cache by regenerate.
[2026-06-20T03:12:00.984] [DEBUG] debug-file - Update task entry:default@CompileArkTS input file:D:\USTC\CG\Final\BubbleRender\refraction\entry\build\default\intermediates\res\default\resources\rawfile cache by regenerate.
[2026-06-20T03:12:00.984] [DEBUG] debug-file - Update task entry:default@CompileArkTS input file:D:\USTC\CG\Final\BubbleRender\refraction\entry\build\default\intermediates\res\default\ResourceTable.txt cache by regenerate.
[2026-06-20T03:12:00.985] [DEBUG] debug-file - Update task entry:default@CompileArkTS input file:D:\USTC\CG\Final\BubbleRender\refraction\entry\build\default\intermediates\res\default\ark_module.json cache by regenerate.
[2026-06-20T03:12:00.985] [DEBUG] debug-file - Update task entry:default@CompileArkTS input file:D:\USTC\CG\Final\BubbleRender\refraction\entry\build\default\intermediates\res\default\resources\base\profile cache by regenerate.
[2026-06-20T03:12:00.985] [DEBUG] debug-file - Update task entry:default@CompileArkTS input file:D:\USTC\CG\Final\BubbleRender\refraction\entry\src\main\ets cache from map.
[2026-06-20T03:12:00.985] [DEBUG] debug-file - Update task entry:default@CompileArkTS input file:D:\USTC\CG\Final\BubbleRender\refraction\entry\build\default\intermediates\loader\default\pkgContextInfo.json cache by regenerate.
[2026-06-20T03:12:00.985] [DEBUG] debug-file - Update task entry:default@CompileArkTS input file:D:\USTC\CG\Final\BubbleRender\refraction\entry\build\default\generated\profile\default\BuildProfile.ets cache by regenerate.
[2026-06-20T03:12:00.985] [DEBUG] debug-file - Update task entry:default@CompileArkTS input file:D:\USTC\CG\Final\BubbleRender\refraction\entry\src\main\cpp\types cache by regenerate.
[2026-06-20T03:12:00.986] [DEBUG] debug-file - Update task entry:default@CompileArkTS output file:D:\USTC\CG\Final\BubbleRender\refraction\entry\build\default\intermediates\loader_out\default\ets cache.
[2026-06-20T03:12:00.986] [DEBUG] debug-file - Incremental task entry:default@CompileArkTS post-execution cost:5 ms .
[2026-06-20T03:12:00.987] [DEBUG] debug-file - Update task entry:default@BuildJS input file:D:\USTC\CG\Final\BubbleRender\refraction\entry\build\default\intermediates\loader\default cache by regenerate.
[2026-06-20T03:12:00.988] [DEBUG] debug-file - Update task entry:default@BuildJS input file:D:\USTC\CG\Final\BubbleRender\refraction\entry\build\default\intermediates\res\default\resources\rawfile cache by regenerate.
[2026-06-20T03:12:00.988] [DEBUG] debug-file - Update task entry:default@BuildJS input file:D:\USTC\CG\Final\BubbleRender\refraction\entry\build\default\intermediates\res\default\ResourceTable.txt cache by regenerate.
[2026-06-20T03:12:00.988] [DEBUG] debug-file - Update task entry:default@BuildJS input file:D:\USTC\CG\Final\BubbleRender\refraction\entry\build\default\intermediates\res\default\ark_module.json cache by regenerate.
[2026-06-20T03:12:00.989] [DEBUG] debug-file - Update task entry:default@BuildJS input file:D:\USTC\CG\Final\BubbleRender\refraction\entry\build\default\intermediates\res\default\resources\base\profile cache by regenerate.
[2026-06-20T03:12:00.989] [DEBUG] debug-file - Update task entry:default@BuildJS input file:D:\USTC\CG\Final\BubbleRender\refraction\entry\build\default\intermediates\loader\default\pkgContextInfo.json cache by regenerate.
[2026-06-20T03:12:00.989] [DEBUG] debug-file - Update task entry:default@BuildJS output file:D:\USTC\CG\Final\BubbleRender\refraction\entry\build\default\intermediates\loader_out\default\js cache.
[2026-06-20T03:12:00.989] [DEBUG] debug-file - Incremental task entry:default@BuildJS post-execution cost:3 ms .
[2026-06-20T03:12:00.989] [DEBUG] debug-file - There is no need to refresh cache, since the incremental task entry:default@ProcessLibs is up-to-date.
[2026-06-20T03:12:00.989] [DEBUG] debug-file - There is no need to refresh cache, since the incremental task entry:default@DoNativeStrip is up-to-date.
[2026-06-20T03:12:00.989] [DEBUG] debug-file - There is no need to refresh cache, since the incremental task entry:default@CacheNativeLibs is up-to-date.
[2026-06-20T03:12:00.989] [DEBUG] debug-file - There is no need to refresh cache, since the incremental task entry:default@GeneratePkgModuleJson is up-to-date.
[2026-06-20T03:12:00.990] [DEBUG] debug-file - Incremental task entry:default@ProcessCompiledResources post-execution cost:1 ms .
[2026-06-20T03:12:00.990] [DEBUG] debug-file - Update task entry:default@PackageHap input file:D:\USTC\CG\Final\BubbleRender\refraction\entry\build\default\intermediates\stripped_native_libs\default cache by regenerate.
[2026-06-20T03:12:00.991] [DEBUG] debug-file - Update task entry:default@PackageHap input file:D:\USTC\CG\Final\BubbleRender\refraction\entry\build\default\intermediates\res\default\module.json cache by regenerate.
[2026-06-20T03:12:00.991] [DEBUG] debug-file - Update task entry:default@PackageHap input file:D:\USTC\CG\Final\BubbleRender\refraction\entry\build\default\intermediates\res\default\resources cache by regenerate.
[2026-06-20T03:12:00.993] [DEBUG] debug-file - Update task entry:default@PackageHap input file:D:\USTC\CG\Final\BubbleRender\refraction\entry\build\default\intermediates\res\default\resources.index cache by regenerate.
[2026-06-20T03:12:00.993] [DEBUG] debug-file - Update task entry:default@PackageHap input file:D:\USTC\CG\Final\BubbleRender\refraction\entry\build\default\outputs\default\pack.info cache by regenerate.
[2026-06-20T03:12:00.993] [DEBUG] debug-file - Update task entry:default@PackageHap input file:D:\USTC\CG\Final\BubbleRender\refraction\entry\build\default\intermediates\loader_out\default\ets cache from map.
[2026-06-20T03:12:00.993] [DEBUG] debug-file - Update task entry:default@PackageHap input file:D:\USTC\CG\Final\BubbleRender\refraction\entry\build\default\intermediates\loader\default\pkgContextInfo.json cache by regenerate.
[2026-06-20T03:12:00.993] [DEBUG] debug-file - Update task entry:default@PackageHap input file:D:\USTC\CG\Final\BubbleRender\refraction\entry\build\default\intermediates\loader_out\default\ets\sourceMaps.map cache by regenerate.
[2026-06-20T03:12:00.993] [DEBUG] debug-file - Update task entry:default@PackageHap input file:D:\USTC\CG\Final\BubbleRender\refraction\entry\build\default\generated\profile\default\BuildProfile.ets cache by regenerate.
[2026-06-20T03:12:00.993] [DEBUG] debug-file - Update task entry:default@PackageHap output file:D:\USTC\CG\Final\BubbleRender\refraction\entry\build\default\outputs\default\entry-default-unsigned.hap cache.
[2026-06-20T03:12:00.993] [DEBUG] debug-file - Update task entry:default@PackageHap output file:D:\USTC\CG\Final\BubbleRender\refraction\entry\build\default\intermediates\source_map\default\sourceMaps.map cache.
[2026-06-20T03:12:00.994] [DEBUG] debug-file - Update task entry:default@PackageHap output file:D:\USTC\CG\Final\BubbleRender\refraction\entry\build\default\outputs\default\mapping\sourceMaps.map cache.
[2026-06-20T03:12:00.994] [DEBUG] debug-file - Incremental task entry:default@PackageHap post-execution cost:5 ms .
[2026-06-20T03:12:00.994] [DEBUG] debug-file - Update task entry:default@SignHap input file:D:\USTC\CG\Final\BubbleRender\refraction\entry\build\default\outputs\default\entry-default-unsigned.hap cache from map.
[2026-06-20T03:12:00.994] [DEBUG] debug-file - Update task entry:default@SignHap output file:D:\USTC\CG\Final\BubbleRender\refraction\entry\build\default\outputs\default\entry-default-signed.hap cache.
[2026-06-20T03:12:00.994] [DEBUG] debug-file - Incremental task entry:default@SignHap post-execution cost:1 ms .
[2026-06-20T03:12:00.995] [DEBUG] debug-file - Update task entry:default@CollectDebugSymbol input file:D:\USTC\CG\Final\BubbleRender\refraction\entry\build\default\intermediates\loader_out\default\ets\sourceMaps.map cache by regenerate.
[2026-06-20T03:12:00.995] [DEBUG] debug-file - Update task entry:default@CollectDebugSymbol input file:D:\USTC\CG\Final\BubbleRender\refraction\entry\build\default\intermediates\libs\default cache by regenerate.
[2026-06-20T03:12:00.996] [DEBUG] debug-file - Update task entry:default@CollectDebugSymbol output file:D:\USTC\CG\Final\BubbleRender\refraction\entry\build\default\outputs\default\symbol cache.
[2026-06-20T03:12:00.996] [DEBUG] debug-file - Incremental task entry:default@CollectDebugSymbol post-execution cost:2 ms .
[2026-06-20T03:12:01.023] [DEBUG] debug-file - hvigor build process will be closed.
[2026-06-20T03:12:01.035] [DEBUG] debug-file - session manager: send message to worker process.
[2026-06-20T03:12:01.036] [DEBUG] debug-file - session manager: send message to worker process.
[2026-06-20T03:12:01.035] [DEBUG] debug-file - watch worker: worker id should be larger than 0. Nothing will be sent to any worker thread.
[2026-06-20T03:12:01.036] [DEBUG] debug-file - watch worker: worker id should be larger than 0. Nothing will be sent to any worker thread.
[2026-06-20T03:12:01.090] [DEBUG] debug-file - java daemon socket close code:1000 reason:close by user
